series_id,ref_date,release_date,actual,forecast,previous,source,updated_at
avg_hourly_earnings_mom,2022-09-01,2022-10,0.003,0.003,0.003,excel,2026-08-01T17:56:38+00:00
avg_hourly_earnings_mom,2022-10-01,2022-11,0.004,0.003,0.003,excel,2026-08-01T17:56:38+00:00
avg_hourly_earnings_mom,2022-11-01,2022-12,0.006,0.003,0.005,excel,2026-08-01T17:56:38+00:00
avg_hourly_earnings_mom,2022-12-01,2023-01,0.003,0.004,0.004,excel,2026-08-01T17:56:38+00:00
avg_hourly_earnings_mom,2023-01-01,2023-02,0.003,0.003,0.004,excel,2026-08-01T17:56:38+00:00
avg_hourly_earnings_mom,2023-02-01,2023-03,0.002,0.003,0.003,excel,2026-08-01T17:56:38+00:00
avg_hourly_earnings_mom,2023-03-01,2023-04,0.003,0.003,0.002,excel,2026-08-01T17:56:38+00:00
avg_hourly_earnings_mom,2023-04-01,2023-05,0.005,0.003,0.003,excel,2026-08-01T17:56:38+00:00
avg_hourly_earnings_mom,2023-05-01,2023-06,0.003,0.004,0.004,excel,2026-08-01T17:56:38+00:00
avg_hourly_earnings_mom,2023-06-01,2023-07,0.004,0.003,0.004,excel,2026-08-01T17:56:38+00:00
avg_hourly_earnings_mom,2023-07-01,2023-08,0.004,0.003,0.004,excel,2026-08-01T17:56:38+00:00
avg_hourly_earnings_mom,2023-08-01,2023-09,0.002,0.003,0.004,excel,2026-08-01T17:56:38+00:00
avg_hourly_earnings_mom,2023-09-01,2023-10,0.002,0.003,0.002,excel,2026-08-01T17:56:38+00:00
avg_hourly_earnings_mom,2023-10-01,2023-11,0.002,0.003,0.003,excel,2026-08-01T17:56:38+00:00
avg_hourly_earnings_mom,2023-11-01,2023-12,0.004,0.003,0.002,excel,2026-08-01T17:56:38+00:00
avg_hourly_earnings_mom,2023-12-01,2024-01,0.004,0.003,0.004,excel,2026-08-01T17:56:38+00:00
avg_hourly_earnings_mom,2024-01-01,2024-02,0.006,0.003,0.004,excel,2026-08-01T17:56:38+00:00
avg_hourly_earnings_mom,2024-02-01,2024-03,0.001,0.002,0.005,excel,2026-08-01T17:56:38+00:00
avg_hourly_earnings_mom,2024-03-01,2024-04,0.003,0.003,0.002,excel,2026-08-01T17:56:38+00:00
avg_hourly_earnings_mom,2024-04-01,2024-05,0.002,0.003,0.003,excel,2026-08-01T17:56:38+00:00
avg_hourly_earnings_mom,2024-05-01,2024-06,0.004,0.003,0.002,excel,2026-08-01T17:56:38+00:00
avg_hourly_earnings_mom,2024-06-01,2024-07,0.003,0.003,0.004,excel,2026-08-01T17:56:38+00:00
avg_hourly_earnings_mom,2024-07-01,2024-08,0.002,0.003,0.003,excel,2026-08-01T17:56:38+00:00
avg_hourly_earnings_mom,2024-08-01,2024-09,0.004,0.003,-0.001,excel,2026-08-01T17:56:38+00:00
avg_hourly_earnings_mom,2024-09-01,2024-10,0.004,0.003,0.005,excel,2026-08-01T17:56:38+00:00
avg_hourly_earnings_mom,2024-10-01,2024-11,0.004,0.003,0.003,excel,2026-08-01T17:56:38+00:00
avg_hourly_earnings_mom,2024-11-01,2024-12,0.004,0.003,0.004,excel,2026-08-01T17:56:38+00:00
avg_hourly_earnings_mom,2024-12-01,2025-01,0.003,0.003,0.004,excel,2026-08-01T17:56:38+00:00
avg_hourly_earnings_mom,2025-01-01,2025-02,0.005,0.003,0.003,excel,2026-08-01T17:56:38+00:00
avg_hourly_earnings_mom,2025-02-01,2025-03,0.003,0.003,0.004,excel,2026-08-01T17:56:38+00:00
avg_hourly_earnings_mom,2025-03-01,2025-04,0.003,0.003,0.002,excel,2026-08-01T17:56:38+00:00
avg_hourly_earnings_mom,2025-04-01,2025-05,0.002,0.003,0.003,excel,2026-08-01T17:56:38+00:00
avg_hourly_earnings_mom,2025-05-01,2025-06,0.004,0.003,0.002,excel,2026-08-01T17:56:38+00:00
avg_hourly_earnings_mom,2025-06-01,2025-07,0.002,0.003,0.004,excel,2026-08-01T17:56:38+00:00
avg_hourly_earnings_mom,2025-07-01,2025-08,0.003,0.003,0.002,excel,2026-08-01T17:56:38+00:00
avg_hourly_earnings_mom,2025-08-01,2025-09,0.003,0.003,0.003,excel,2026-08-01T17:56:38+00:00
avg_hourly_earnings_mom,2025-09-01,2025-11,0.002,0.003,0.004,excel,2026-08-01T17:56:38+00:00
avg_hourly_earnings_mom,2025-10-01,2025-12,0.004,,0.002,excel,2026-08-01T17:56:38+00:00
avg_hourly_earnings_mom,2025-11-01,2025-12,0.001,0.003,0.004,excel,2026-08-01T17:56:38+00:00
avg_hourly_earnings_mom,2025-12-01,2026-01,0.003,0.003,0.002,excel,2026-08-01T17:56:38+00:00
avg_hourly_earnings_mom,2026-01-01,2026-02,0.004,0.003,0.001,excel,2026-08-01T17:56:38+00:00
avg_hourly_earnings_mom,2026-02-01,2026-03,0.004,0.003,0.004,excel,2026-08-01T17:56:38+00:00
avg_hourly_earnings_mom,2026-03-01,2026-04,0.002,0.003,0.004,excel,2026-08-01T17:56:38+00:00
avg_hourly_earnings_mom,2026-04-01,2026-05,0.002,0.003,0.002,excel,2026-08-01T17:56:38+00:00
avg_hourly_earnings_mom,2026-05-01,2026-06,0.003,0.003,0.002,excel,2026-08-01T17:56:38+00:00
avg_hourly_earnings_mom,2026-06-01,2026-07,0.003,0.003,0.003,excel,2026-08-01T17:56:38+00:00
avg_hourly_earnings_mom,2026-07-01,2026-08,,,0.003,excel,2026-08-01T17:56:38+00:00
bok_base_rate,2000-01-01,2000-01-01,0.0475,,,ecos,2026-08-01T18:36:48+00:00
bok_base_rate,2000-02-10,2000-02-10,0.05,,0.0475,ecos,2026-08-01T18:36:48+00:00
bok_base_rate,2000-10-05,2000-10-05,0.0525,,0.05,ecos,2026-08-01T18:36:48+00:00
bok_base_rate,2001-02-08,2001-02-08,0.05,,0.0525,ecos,2026-08-01T18:36:48+00:00
bok_base_rate,2001-07-05,2001-07-05,0.0475,,0.05,ecos,2026-08-01T18:36:48+00:00
bok_base_rate,2001-08-09,2001-08-09,0.045,,0.0475,ecos,2026-08-01T18:36:48+00:00
bok_base_rate,2001-09-19,2001-09-19,0.04,,0.045,ecos,2026-08-01T18:36:48+00:00
bok_base_rate,2002-05-07,2002-05-07,0.0425,,0.04,ecos,2026-08-01T18:36:48+00:00
bok_base_rate,2003-05-13,2003-05-13,0.04,,0.0425,ecos,2026-08-01T18:36:48+00:00
bok_base_rate,2003-07-10,2003-07-10,0.0375,,0.04,ecos,2026-08-01T18:36:48+00:00
bok_base_rate,2004-08-12,2004-08-12,0.035,,0.0375,ecos,2026-08-01T18:36:48+00:00
bok_base_rate,2004-11-11,2004-11-11,0.0325,,0.035,ecos,2026-08-01T18:36:48+00:00
bok_base_rate,2005-10-11,2005-10-11,0.035,,0.0325,ecos,2026-08-01T18:36:48+00:00
bok_base_rate,2005-12-08,2005-12-08,0.0375,,0.035,ecos,2026-08-01T18:36:48+00:00
bok_base_rate,2006-02-09,2006-02-09,0.04,,0.0375,ecos,2026-08-01T18:36:48+00:00
bok_base_rate,2006-06-08,2006-06-08,0.0425,,0.04,ecos,2026-08-01T18:36:48+00:00
bok_base_rate,2006-08-10,2006-08-10,0.045,,0.0425,ecos,2026-08-01T18:36:48+00:00
bok_base_rate,2007-07-12,2007-07-12,0.0475,,0.045,ecos,2026-08-01T18:36:48+00:00
bok_base_rate,2007-08-09,2007-08-09,0.05,,0.0475,ecos,2026-08-01T18:36:48+00:00
bok_base_rate,2008-08-07,2008-08-07,0.0525,,0.05,ecos,2026-08-01T18:36:48+00:00
bok_base_rate,2008-10-09,2008-10-09,0.05,,0.0525,ecos,2026-08-01T18:36:48+00:00
bok_base_rate,2008-10-27,2008-10-27,0.0425,,0.05,ecos,2026-08-01T18:36:48+00:00
bok_base_rate,2008-11-07,2008-11-07,0.04,,0.0425,ecos,2026-08-01T18:36:48+00:00
bok_base_rate,2008-12-11,2008-12-11,0.03,,0.04,ecos,2026-08-01T18:36:48+00:00
bok_base_rate,2009-01-09,2009-01-09,0.025,,0.03,ecos,2026-08-01T18:36:48+00:00
bok_base_rate,2009-02-12,2009-02-12,0.02,,0.025,ecos,2026-08-01T18:36:48+00:00
bok_base_rate,2010-07-09,2010-07-09,0.0225,,0.02,ecos,2026-08-01T18:36:48+00:00
bok_base_rate,2010-11-16,2010-11-16,0.025,,0.0225,ecos,2026-08-01T18:36:48+00:00
bok_base_rate,2011-01-13,2011-01-13,0.0275,,0.025,ecos,2026-08-01T18:36:48+00:00
bok_base_rate,2011-03-10,2011-03-10,0.03,,0.0275,ecos,2026-08-01T18:36:48+00:00
bok_base_rate,2011-06-10,2011-06-10,0.0325,,0.03,ecos,2026-08-01T18:36:48+00:00
bok_base_rate,2012-07-12,2012-07-12,0.03,,0.0325,ecos,2026-08-01T18:36:48+00:00
bok_base_rate,2012-10-11,2012-10-11,0.0275,,0.03,ecos,2026-08-01T18:36:48+00:00
bok_base_rate,2013-05-09,2013-05-09,0.025,,0.0275,ecos,2026-08-01T18:36:48+00:00
bok_base_rate,2014-08-14,2014-08-14,0.0225,,0.025,ecos,2026-08-01T18:36:48+00:00
bok_base_rate,2014-10-15,2014-10-15,0.02,,0.0225,ecos,2026-08-01T18:36:48+00:00
bok_base_rate,2015-03-12,2015-03-12,0.0175,,0.02,ecos,2026-08-01T18:36:48+00:00
bok_base_rate,2015-06-11,2015-06-11,0.015,,0.0175,ecos,2026-08-01T18:36:48+00:00
bok_base_rate,2016-06-09,2016-06-09,0.0125,,0.015,ecos,2026-08-01T18:36:48+00:00
bok_base_rate,2017-11-30,2017-11-30,0.015,,0.0125,ecos,2026-08-01T18:36:48+00:00
bok_base_rate,2018-11-30,2018-11-30,0.0175,,0.015,ecos,2026-08-01T18:36:48+00:00
bok_base_rate,2019-07-18,2019-07-18,0.015,,0.0175,ecos,2026-08-01T18:36:48+00:00
bok_base_rate,2019-10-16,2019-10-16,0.0125,,0.015,ecos,2026-08-01T18:36:48+00:00
bok_base_rate,2020-03-17,2020-03-17,0.0075,,0.0125,ecos,2026-08-01T18:36:48+00:00
bok_base_rate,2020-05-28,2020-05-28,0.005,,0.0075,ecos,2026-08-01T18:36:48+00:00
bok_base_rate,2021-08-26,2021-08-26,0.0075,,0.005,ecos,2026-08-01T18:36:48+00:00
bok_base_rate,2021-11-25,2021-11-25,0.01,,0.0075,ecos,2026-08-01T18:36:48+00:00
bok_base_rate,2022-01-14,2022-01-14,0.0125,,0.01,ecos,2026-08-01T18:36:48+00:00
bok_base_rate,2022-04-14,2022-04-14,0.015,,0.0125,ecos,2026-08-01T18:36:48+00:00
bok_base_rate,2022-05-26,2022-05-26,0.0175,,0.015,ecos,2026-08-01T18:36:48+00:00
bok_base_rate,2022-07-13,2022-07-13,0.0225,,0.0175,ecos,2026-08-01T18:36:48+00:00
bok_base_rate,2022-08-25,2022-08-25,0.025,,0.0225,ecos,2026-08-01T18:36:48+00:00
bok_base_rate,2022-10-12,2022-10-12,0.03,,0.025,ecos,2026-08-01T18:36:48+00:00
bok_base_rate,2022-11-24,2022-11-24,0.0325,,0.03,ecos,2026-08-01T18:36:48+00:00
bok_base_rate,2023-01-13,2023-01-13,0.035,,0.0325,ecos,2026-08-01T18:36:48+00:00
bok_base_rate,2024-10-11,2024-10-11,0.0325,,0.035,excel,2026-08-01T17:47:59+00:00
bok_base_rate,2024-11-28,2024-11-28,0.03,,0.0325,excel,2026-08-01T17:47:59+00:00
bok_base_rate,2025-01-16,2025-01-16,0.03,,0.03,excel,2026-08-01T17:47:59+00:00
bok_base_rate,2025-02-25,2025-02-25,0.0275,,0.03,excel,2026-08-01T17:47:59+00:00
bok_base_rate,2025-04-17,2025-04-17,0.0275,,0.0275,excel,2026-08-01T17:47:59+00:00
bok_base_rate,2025-05-29,2025-05-29,0.025,,0.0275,excel,2026-08-01T17:47:59+00:00
bok_base_rate,2025-07-10,2025-07-10,0.025,,0.025,excel,2026-08-01T17:47:59+00:00
bok_base_rate,2025-08-28,2025-08-28,0.025,,0.025,excel,2026-08-01T17:47:59+00:00
bok_base_rate,2025-10-23,2025-10-23,0.025,,0.025,excel,2026-08-01T17:47:59+00:00
bok_base_rate,2025-11-27,2025-11-27,0.025,,0.025,excel,2026-08-01T17:47:59+00:00
bok_base_rate,2026-01-15,2026-01-15,0.025,,0.025,excel,2026-08-01T17:47:59+00:00
bok_base_rate,2026-02-26,2026-02-26,0.025,,0.025,excel,2026-08-01T17:47:59+00:00
bok_base_rate,2026-04-10,2026-04-10,0.025,,0.025,excel,2026-08-01T17:47:59+00:00
bok_base_rate,2026-05-28,2026-05-28,0.025,,0.025,excel,2026-08-01T17:47:59+00:00
bok_base_rate,2026-07-16,2026-07-16,0.0275,,0.025,excel,2026-08-01T17:47:59+00:00
cds_kr_5y,2007-12-17,2007-12-17,45.5,,,worldgovernmentbonds,2026-08-01T18:05:45+00:00
cds_kr_5y,2007-12-18,2007-12-18,46.0,,45.5,worldgovernmentbonds,2026-08-01T18:05:45+00:00
cds_kr_5y,2007-12-19,2007-12-19,45.5,,46.0,worldgovernmentbonds,2026-08-01T18:05:45+00:00
cds_kr_5y,2007-12-20,2007-12-20,45.5,,45.5,worldgovernmentbonds,2026-08-01T18:05:45+00:00
cds_kr_5y,2007-12-21,2007-12-21,46.0,,45.5,worldgovernmentbonds,2026-08-01T18:05:45+00:00
cds_kr_5y,2007-12-27,2007-12-27,45.5,,46.0,worldgovernmentbonds,2026-08-01T18:05:45+00:00
cds_kr_5y,2007-12-28,2007-12-28,46.5,,45.5,worldgovernmentbonds,2026-08-01T18:05:45+00:00
cds_kr_5y,2007-12-31,2007-12-31,46.5,,46.5,worldgovernmentbonds,2026-08-01T18:05:45+00:00
cds_kr_5y,2008-01-04,2008-01-04,47.78,,46.5,worldgovernmentbonds,2026-08-01T18:05:45+00:00
cds_kr_5y,2008-02-07,2008-02-07,75.6,,47.78,worldgovernmentbonds,2026-08-01T18:05:45+00:00
cds_kr_5y,2008-02-08,2008-02-08,75.6,,75.6,worldgovernmentbonds,2026-08-01T18:05:45+00:00
cds_kr_5y,2008-02-29,2008-02-29,83.0,,75.6,worldgovernmentbonds,2026-08-01T18:05:45+00:00
cds_kr_5y,2008-03-03,2008-03-03,84.5,,83.0,worldgovernmentbonds,2026-08-01T18:05:45+00:00
cds_kr_5y,2008-03-04,2008-03-04,84.5,,84.5,worldgovernmentbonds,2026-08-01T18:05:45+00:00
cds_kr_5y,2008-03-05,2008-03-05,84.5,,84.5,worldgovernmentbonds,2026-08-01T18:05:45+00:00
cds_kr_5y,2008-03-06,2008-03-06,86.0,,84.5,worldgovernmentbonds,2026-08-01T18:05:45+00:00
cds_kr_5y,2008-03-07,2008-03-07,87.5,,86.0,worldgovernmentbonds,2026-08-01T18:05:45+00:00
cds_kr_5y,2008-03-10,2008-03-10,110.0,,87.5,worldgovernmentbonds,2026-08-01T18:05:45+00:00
cds_kr_5y,2008-03-11,2008-03-11,107.5,,110.0,worldgovernmentbonds,2026-08-01T18:05:45+00:00
cds_kr_5y,2008-03-12,2008-03-12,105.0,,107.5,worldgovernmentbonds,2026-08-01T18:05:45+00:00
cds_kr_5y,2008-03-13,2008-03-13,111.5,,105.0,worldgovernmentbonds,2026-08-01T18:05:45+00:00
cds_kr_5y,2008-03-14,2008-03-14,115.0,,111.5,worldgovernmentbonds,2026-08-01T18:05:45+00:00
cds_kr_5y,2008-03-17,2008-03-17,127.5,,115.0,worldgovernmentbonds,2026-08-01T18:05:45+00:00
cds_kr_5y,2008-03-18,2008-03-18,122.0,,127.5,worldgovernmentbonds,2026-08-01T18:05:45+00:00
cds_kr_5y,2008-03-19,2008-03-19,107.5,,122.0,worldgovernmentbonds,2026-08-01T18:05:45+00:00
cds_kr_5y,2008-03-20,2008-03-20,109.0,,107.5,worldgovernmentbonds,2026-08-01T18:05:45+00:00
cds_kr_5y,2008-03-24,2008-03-24,105.0,,109.0,worldgovernmentbonds,2026-08-01T18:05:45+00:00
cds_kr_5y,2008-03-25,2008-03-25,97.5,,105.0,worldgovernmentbonds,2026-08-01T18:05:45+00:00
cds_kr_5y,2008-03-26,2008-03-26,101.0,,97.5,worldgovernmentbonds,2026-08-01T18:05:45+00:00
cds_kr_5y,2008-03-27,2008-03-27,101.0,,101.0,worldgovernmentbonds,2026-08-01T18:05:45+00:00
cds_kr_5y,2008-03-28,2008-03-28,99.5,,101.0,worldgovernmentbonds,2026-08-01T18:05:45+00:00
cds_kr_5y,2008-03-31,2008-03-31,98.5,,99.5,worldgovernmentbonds,2026-08-01T18:05:45+00:00
cds_kr_5y,2008-04-01,2008-04-01,91.5,,98.5,worldgovernmentbonds,2026-08-01T18:05:45+00:00
cds_kr_5y,2008-04-02,2008-04-02,86.0,,91.5,worldgovernmentbonds,2026-08-01T18:05:45+00:00
cds_kr_5y,2008-04-03,2008-04-03,83.5,,86.0,worldgovernmentbonds,2026-08-01T18:05:45+00:00
cds_kr_5y,2008-04-04,2008-04-04,81.0,,83.5,worldgovernmentbonds,2026-08-01T18:05:45+00:00
cds_kr_5y,2008-04-07,2008-04-07,74.0,,81.0,worldgovernmentbonds,2026-08-01T18:05:45+00:00
cds_kr_5y,2008-04-08,2008-04-08,74.0,,74.0,worldgovernmentbonds,2026-08-01T18:05:45+00:00
cds_kr_5y,2008-04-09,2008-04-09,76.0,,74.0,worldgovernmentbonds,2026-08-01T18:05:45+00:00
cds_kr_5y,2008-04-10,2008-04-10,77.5,,76.0,worldgovernmentbonds,2026-08-01T18:05:45+00:00
cds_kr_5y,2008-04-11,2008-04-11,79.0,,77.5,worldgovernmentbonds,2026-08-01T18:05:45+00:00
cds_kr_5y,2008-04-14,2008-04-14,82.0,,79.0,worldgovernmentbonds,2026-08-01T18:05:45+00:00
cds_kr_5y,2008-04-15,2008-04-15,82.0,,82.0,worldgovernmentbonds,2026-08-01T18:05:45+00:00
cds_kr_5y,2008-04-16,2008-04-16,81.0,,82.0,worldgovernmentbonds,2026-08-01T18:05:45+00:00
cds_kr_5y,2008-04-17,2008-04-17,76.5,,81.0,worldgovernmentbonds,2026-08-01T18:05:45+00:00
cds_kr_5y,2008-04-18,2008-04-18,74.0,,76.5,worldgovernmentbonds,2026-08-01T18:05:45+00:00
cds_kr_5y,2008-04-21,2008-04-21,67.0,,74.0,worldgovernmentbonds,2026-08-01T18:05:45+00:00
cds_kr_5y,2008-04-22,2008-04-22,66.0,,67.0,worldgovernmentbonds,2026-08-01T18:05:45+00:00
cds_kr_5y,2008-04-23,2008-04-23,65.5,,66.0,worldgovernmentbonds,2026-08-01T18:05:45+00:00
cds_kr_5y,2008-04-24,2008-04-24,65.5,,65.5,worldgovernmentbonds,2026-08-01T18:05:45+00:00
cds_kr_5y,2008-04-25,2008-04-25,64.0,,65.5,worldgovernmentbonds,2026-08-01T18:05:45+00:00
cds_kr_5y,2008-04-28,2008-04-28,61.0,,64.0,worldgovernmentbonds,2026-08-01T18:05:45+00:00
cds_kr_5y,2008-04-29,2008-04-29,61.0,,61.0,worldgovernmentbonds,2026-08-01T18:05:45+00:00
cds_kr_5y,2008-04-30,2008-04-30,65.5,,61.0,worldgovernmentbonds,2026-08-01T18:05:45+00:00
cds_kr_5y,2008-05-01,2008-05-01,65.5,,65.5,worldgovernmentbonds,2026-08-01T18:05:45+00:00
cds_kr_5y,2008-05-02,2008-05-02,64.0,,65.5,worldgovernmentbonds,2026-08-01T18:05:45+00:00
cds_kr_5y,2008-05-05,2008-05-05,64.0,,64.0,worldgovernmentbonds,2026-08-01T18:05:45+00:00
cds_kr_5y,2008-05-06,2008-05-06,63.5,,64.0,worldgovernmentbonds,2026-08-01T18:05:45+00:00
cds_kr_5y,2008-05-07,2008-05-07,63.5,,63.5,worldgovernmentbonds,2026-08-01T18:05:45+00:00
cds_kr_5y,2008-05-08,2008-05-08,63.5,,63.5,worldgovernmentbonds,2026-08-01T18:05:45+00:00
cds_kr_5y,2008-05-09,2008-05-09,63.5,,63.5,worldgovernmentbonds,2026-08-01T18:05:45+00:00
cds_kr_5y,2008-05-12,2008-05-12,63.5,,63.5,worldgovernmentbonds,2026-08-01T18:05:45+00:00
cds_kr_5y,2008-05-13,2008-05-13,63.5,,63.5,worldgovernmentbonds,2026-08-01T18:05:45+00:00
cds_kr_5y,2008-05-14,2008-05-14,63.5,,63.5,worldgovernmentbonds,2026-08-01T18:05:45+00:00
cds_kr_5y,2008-05-15,2008-05-15,62.5,,63.5,worldgovernmentbonds,2026-08-01T18:05:45+00:00
cds_kr_5y,2008-05-16,2008-05-16,60.0,,62.5,worldgovernmentbonds,2026-08-01T18:05:45+00:00
cds_kr_5y,2008-05-19,2008-05-19,60.0,,60.0,worldgovernmentbonds,2026-08-01T18:05:45+00:00
cds_kr_5y,2008-05-20,2008-05-20,59.5,,60.0,worldgovernmentbonds,2026-08-01T18:05:45+00:00
cds_kr_5y,2008-05-21,2008-05-21,59.5,,59.5,worldgovernmentbonds,2026-08-01T18:05:45+00:00
cds_kr_5y,2008-05-22,2008-05-22,65.5,,59.5,worldgovernmentbonds,2026-08-01T18:05:45+00:00
cds_kr_5y,2008-05-26,2008-05-26,69.0,,65.5,worldgovernmentbonds,2026-08-01T18:05:45+00:00
cds_kr_5y,2008-05-27,2008-05-27,79.0,,69.0,worldgovernmentbonds,2026-08-01T18:05:45+00:00
cds_kr_5y,2008-05-28,2008-05-28,81.0,,79.0,worldgovernmentbonds,2026-08-01T18:05:45+00:00
cds_kr_5y,2008-05-29,2008-05-29,79.0,,81.0,worldgovernmentbonds,2026-08-01T18:05:45+00:00
cds_kr_5y,2008-05-30,2008-05-30,80.0,,79.0,worldgovernmentbonds,2026-08-01T18:05:45+00:00
cds_kr_5y,2008-06-02,2008-06-02,80.5,,80.0,worldgovernmentbonds,2026-08-01T18:05:45+00:00
cds_kr_5y,2008-06-03,2008-06-03,83.0,,80.5,worldgovernmentbonds,2026-08-01T18:05:45+00:00
cds_kr_5y,2008-06-04,2008-06-04,83.0,,83.0,worldgovernmentbonds,2026-08-01T18:05:45+00:00
cds_kr_5y,2008-06-05,2008-06-05,84.0,,83.0,worldgovernmentbonds,2026-08-01T18:05:45+00:00
cds_kr_5y,2008-06-06,2008-06-06,84.0,,84.0,worldgovernmentbonds,2026-08-01T18:05:45+00:00
cds_kr_5y,2008-06-09,2008-06-09,86.5,,84.0,worldgovernmentbonds,2026-08-01T18:05:45+00:00
cds_kr_5y,2008-06-10,2008-06-10,91.5,,86.5,worldgovernmentbonds,2026-08-01T18:05:45+00:00
cds_kr_5y,2008-06-11,2008-06-11,94.5,,91.5,worldgovernmentbonds,2026-08-01T18:05:45+00:00
cds_kr_5y,2008-06-12,2008-06-12,96.5,,94.5,worldgovernmentbonds,2026-08-01T18:05:45+00:00
cds_kr_5y,2008-06-13,2008-06-13,95.0,,96.5,worldgovernmentbonds,2026-08-01T18:05:45+00:00
cds_kr_5y,2008-06-16,2008-06-16,93.0,,95.0,worldgovernmentbonds,2026-08-01T18:05:45+00:00
cds_kr_5y,2008-06-17,2008-06-17,91.0,,93.0,worldgovernmentbonds,2026-08-01T18:05:45+00:00
cds_kr_5y,2008-06-18,2008-06-18,89.0,,91.0,worldgovernmentbonds,2026-08-01T18:05:45+00:00
cds_kr_5y,2008-06-19,2008-06-19,94.0,,89.0,worldgovernmentbonds,2026-08-01T18:05:45+00:00
cds_kr_5y,2008-06-20,2008-06-20,98.5,,94.0,worldgovernmentbonds,2026-08-01T18:05:45+00:00
cds_kr_5y,2008-06-23,2008-06-23,98.5,,98.5,worldgovernmentbonds,2026-08-01T18:05:45+00:00
cds_kr_5y,2008-06-24,2008-06-24,98.0,,98.5,worldgovernmentbonds,2026-08-01T18:05:45+00:00
cds_kr_5y,2008-06-25,2008-06-25,99.5,,98.0,worldgovernmentbonds,2026-08-01T18:05:45+00:00
cds_kr_5y,2008-06-26,2008-06-26,101.0,,99.5,worldgovernmentbonds,2026-08-01T18:05:45+00:00
cds_kr_5y,2008-06-27,2008-06-27,104.0,,101.0,worldgovernmentbonds,2026-08-01T18:05:45+00:00
cds_kr_5y,2008-06-30,2008-06-30,107.0,,104.0,worldgovernmentbonds,2026-08-01T18:05:45+00:00
cds_kr_5y,2008-07-01,2008-07-01,107.0,,107.0,worldgovernmentbonds,2026-08-01T18:05:45+00:00
cds_kr_5y,2008-07-02,2008-07-02,108.5,,107.0,worldgovernmentbonds,2026-08-01T18:05:45+00:00
cds_kr_5y,2008-07-04,2008-07-04,115.0,,108.5,worldgovernmentbonds,2026-08-01T18:05:45+00:00
cds_kr_5y,2008-07-07,2008-07-07,122.0,,115.0,worldgovernmentbonds,2026-08-01T18:05:45+00:00
cds_kr_5y,2008-07-08,2008-07-08,123.0,,122.0,worldgovernmentbonds,2026-08-01T18:05:45+00:00
cds_kr_5y,2008-07-09,2008-07-09,121.5,,123.0,worldgovernmentbonds,2026-08-01T18:05:45+00:00
cds_kr_5y,2008-07-10,2008-07-10,122.0,,121.5,worldgovernmentbonds,2026-08-01T18:05:45+00:00
cds_kr_5y,2008-07-11,2008-07-11,117.5,,122.0,worldgovernmentbonds,2026-08-01T18:05:45+00:00
cds_kr_5y,2008-07-14,2008-07-14,114.0,,117.5,worldgovernmentbonds,2026-08-01T18:05:45+00:00
cds_kr_5y,2008-07-15,2008-07-15,120.0,,114.0,worldgovernmentbonds,2026-08-01T18:05:45+00:00
cds_kr_5y,2008-07-16,2008-07-16,117.5,,120.0,worldgovernmentbonds,2026-08-01T18:05:45+00:00
cds_kr_5y,2008-07-17,2008-07-17,115.5,,117.5,worldgovernmentbonds,2026-08-01T18:05:45+00:00
cds_kr_5y,2008-07-18,2008-07-18,115.5,,115.5,worldgovernmentbonds,2026-08-01T18:05:45+00:00
cds_kr_5y,2008-07-21,2008-07-21,107.5,,115.5,worldgovernmentbonds,2026-08-01T18:05:45+00:00
cds_kr_5y,2008-07-22,2008-07-22,108.0,,107.5,worldgovernmentbonds,2026-08-01T18:05:45+00:00
cds_kr_5y,2008-07-23,2008-07-23,96.5,,108.0,worldgovernmentbonds,2026-08-01T18:05:45+00:00
cds_kr_5y,2008-07-24,2008-07-24,94.5,,96.5,worldgovernmentbonds,2026-08-01T18:05:45+00:00
cds_kr_5y,2008-07-25,2008-07-25,94.5,,94.5,worldgovernmentbonds,2026-08-01T18:05:45+00:00
cds_kr_5y,2008-07-28,2008-07-28,91.5,,94.5,worldgovernmentbonds,2026-08-01T18:05:45+00:00
cds_kr_5y,2008-07-29,2008-07-29,91.5,,91.5,worldgovernmentbonds,2026-08-01T18:05:45+00:00
cds_kr_5y,2008-07-30,2008-07-30,87.0,,91.5,worldgovernmentbonds,2026-08-01T18:05:45+00:00
cds_kr_5y,2008-07-31,2008-07-31,86.28,,87.0,worldgovernmentbonds,2026-08-01T18:05:45+00:00
cds_kr_5y,2008-08-01,2008-08-01,91.0,,86.28,worldgovernmentbonds,2026-08-01T18:05:45+00:00
cds_kr_5y,2008-08-04,2008-08-04,95.5,,91.0,worldgovernmentbonds,2026-08-01T18:05:45+00:00
cds_kr_5y,2008-08-05,2008-08-05,97.0,,95.5,worldgovernmentbonds,2026-08-01T18:05:45+00:00
cds_kr_5y,2008-08-06,2008-08-06,94.5,,97.0,worldgovernmentbonds,2026-08-01T18:05:45+00:00
cds_kr_5y,2008-08-07,2008-08-07,99.5,,94.5,worldgovernmentbonds,2026-08-01T18:05:45+00:00
cds_kr_5y,2008-08-08,2008-08-08,102.0,,99.5,worldgovernmentbonds,2026-08-01T18:05:45+00:00
cds_kr_5y,2008-08-11,2008-08-11,102.0,,102.0,worldgovernmentbonds,2026-08-01T18:05:45+00:00
cds_kr_5y,2008-08-12,2008-08-12,101.0,,102.0,worldgovernmentbonds,2026-08-01T18:05:45+00:00
cds_kr_5y,2008-08-13,2008-08-13,101.0,,101.0,worldgovernmentbonds,2026-08-01T18:05:45+00:00
cds_kr_5y,2008-08-14,2008-08-14,102.0,,101.0,worldgovernmentbonds,2026-08-01T18:05:45+00:00
cds_kr_5y,2008-08-15,2008-08-15,100.5,,102.0,worldgovernmentbonds,2026-08-01T18:05:45+00:00
cds_kr_5y,2008-08-18,2008-08-18,100.0,,100.5,worldgovernmentbonds,2026-08-01T18:05:45+00:00
cds_kr_5y,2008-08-19,2008-08-19,103.0,,100.0,worldgovernmentbonds,2026-08-01T18:05:45+00:00
cds_kr_5y,2008-08-20,2008-08-20,106.5,,103.0,worldgovernmentbonds,2026-08-01T18:05:45+00:00
cds_kr_5y,2008-08-21,2008-08-21,109.5,,106.5,worldgovernmentbonds,2026-08-01T18:05:45+00:00
cds_kr_5y,2008-08-22,2008-08-22,110.5,,109.5,worldgovernmentbonds,2026-08-01T18:05:45+00:00
cds_kr_5y,2008-08-25,2008-08-25,110.5,,110.5,worldgovernmentbonds,2026-08-01T18:05:45+00:00
cds_kr_5y,2008-08-26,2008-08-26,114.5,,110.5,worldgovernmentbonds,2026-08-01T18:05:45+00:00
cds_kr_5y,2008-08-27,2008-08-27,115.0,,114.5,worldgovernmentbonds,2026-08-01T18:05:45+00:00
cds_kr_5y,2008-08-28,2008-08-28,116.0,,115.0,worldgovernmentbonds,2026-08-01T18:05:45+00:00
cds_kr_5y,2008-09-01,2008-09-01,119.5,,116.0,worldgovernmentbonds,2026-08-01T18:05:45+00:00
cds_kr_5y,2008-09-02,2008-09-02,124.0,,119.5,worldgovernmentbonds,2026-08-01T18:05:45+00:00
cds_kr_5y,2008-09-03,2008-09-03,124.5,,124.0,worldgovernmentbonds,2026-08-01T18:05:45+00:00
cds_kr_5y,2008-09-04,2008-09-04,130.5,,124.5,worldgovernmentbonds,2026-08-01T18:05:45+00:00
cds_kr_5y,2008-09-05,2008-09-05,134.0,,130.5,worldgovernmentbonds,2026-08-01T18:05:45+00:00
cds_kr_5y,2008-09-08,2008-09-08,124.5,,134.0,worldgovernmentbonds,2026-08-01T18:05:45+00:00
cds_kr_5y,2008-09-09,2008-09-09,130.0,,124.5,worldgovernmentbonds,2026-08-01T18:05:45+00:00
cds_kr_5y,2008-09-10,2008-09-10,134.5,,130.0,worldgovernmentbonds,2026-08-01T18:05:45+00:00
cds_kr_5y,2008-09-11,2008-09-11,137.5,,134.5,worldgovernmentbonds,2026-08-01T18:05:45+00:00
cds_kr_5y,2008-09-12,2008-09-12,135.0,,137.5,worldgovernmentbonds,2026-08-01T18:05:45+00:00
cds_kr_5y,2008-09-15,2008-09-15,144.5,,135.0,worldgovernmentbonds,2026-08-01T18:05:45+00:00
cds_kr_5y,2008-09-16,2008-09-16,175.0,,144.5,worldgovernmentbonds,2026-08-01T18:05:45+00:00
cds_kr_5y,2008-09-17,2008-09-17,169.84,,175.0,worldgovernmentbonds,2026-08-01T18:05:45+00:00
cds_kr_5y,2008-09-18,2008-09-18,185.0,,169.84,worldgovernmentbonds,2026-08-01T18:05:45+00:00
cds_kr_5y,2008-09-19,2008-09-19,165.0,,185.0,worldgovernmentbonds,2026-08-01T18:05:45+00:00
cds_kr_5y,2008-09-22,2008-09-22,155.0,,165.0,worldgovernmentbonds,2026-08-01T18:05:45+00:00
cds_kr_5y,2008-09-23,2008-09-23,157.5,,155.0,worldgovernmentbonds,2026-08-01T18:05:45+00:00
cds_kr_5y,2008-09-24,2008-09-24,157.5,,157.5,worldgovernmentbonds,2026-08-01T18:05:45+00:00
cds_kr_5y,2008-09-25,2008-09-25,159.0,,157.5,worldgovernmentbonds,2026-08-01T18:05:45+00:00
cds_kr_5y,2008-09-26,2008-09-26,159.0,,159.0,worldgovernmentbonds,2026-08-01T18:05:45+00:00
cds_kr_5y,2008-09-29,2008-09-29,160.0,,159.0,worldgovernmentbonds,2026-08-01T18:05:45+00:00
cds_kr_5y,2008-09-30,2008-09-30,180.0,,160.0,worldgovernmentbonds,2026-08-01T18:05:45+00:00
cds_kr_5y,2008-10-01,2008-10-01,180.0,,180.0,worldgovernmentbonds,2026-08-01T18:05:45+00:00
cds_kr_5y,2008-10-02,2008-10-02,175.0,,180.0,worldgovernmentbonds,2026-08-01T18:05:45+00:00
cds_kr_5y,2008-10-03,2008-10-03,192.5,,175.0,worldgovernmentbonds,2026-08-01T18:05:45+00:00
cds_kr_5y,2008-10-06,2008-10-06,207.5,,192.5,worldgovernmentbonds,2026-08-01T18:05:45+00:00
cds_kr_5y,2008-10-07,2008-10-07,209.74,,207.5,worldgovernmentbonds,2026-08-01T18:05:45+00:00
cds_kr_5y,2008-10-08,2008-10-08,300.0,,209.74,worldgovernmentbonds,2026-08-01T18:05:45+00:00
cds_kr_5y,2008-10-09,2008-10-09,300.0,,300.0,worldgovernmentbonds,2026-08-01T18:05:45+00:00
cds_kr_5y,2008-10-10,2008-10-10,335.0,,300.0,worldgovernmentbonds,2026-08-01T18:05:45+00:00
cds_kr_5y,2008-10-13,2008-10-13,365.0,,335.0,worldgovernmentbonds,2026-08-01T18:05:45+00:00
cds_kr_5y,2008-10-14,2008-10-14,210.0,,365.0,worldgovernmentbonds,2026-08-01T18:05:45+00:00
cds_kr_5y,2008-10-15,2008-10-15,260.0,,210.0,worldgovernmentbonds,2026-08-01T18:05:45+00:00
cds_kr_5y,2008-10-16,2008-10-16,360.0,,260.0,worldgovernmentbonds,2026-08-01T18:05:45+00:00
cds_kr_5y,2008-10-17,2008-10-17,365.0,,360.0,worldgovernmentbonds,2026-08-01T18:05:45+00:00
cds_kr_5y,2008-10-20,2008-10-20,385.0,,365.0,worldgovernmentbonds,2026-08-01T18:05:45+00:00
cds_kr_5y,2008-10-21,2008-10-21,400.0,,385.0,worldgovernmentbonds,2026-08-01T18:05:45+00:00
cds_kr_5y,2008-10-22,2008-10-22,460.0,,400.0,worldgovernmentbonds,2026-08-01T18:05:45+00:00
cds_kr_5y,2008-10-23,2008-10-23,610.0,,460.0,worldgovernmentbonds,2026-08-01T18:05:45+00:00
cds_kr_5y,2008-10-24,2008-10-24,570.0,,610.0,worldgovernmentbonds,2026-08-01T18:05:45+00:00
cds_kr_5y,2008-10-27,2008-10-27,680.0,,570.0,worldgovernmentbonds,2026-08-01T18:05:45+00:00
cds_kr_5y,2008-10-28,2008-10-28,600.0,,680.0,worldgovernmentbonds,2026-08-01T18:05:45+00:00
cds_kr_5y,2008-10-29,2008-10-29,550.0,,600.0,worldgovernmentbonds,2026-08-01T18:05:45+00:00
cds_kr_5y,2008-10-30,2008-10-30,450.0,,550.0,worldgovernmentbonds,2026-08-01T18:05:45+00:00
cds_kr_5y,2008-10-31,2008-10-31,380.0,,450.0,worldgovernmentbonds,2026-08-01T18:05:45+00:00
cds_kr_5y,2008-11-03,2008-11-03,350.0,,380.0,worldgovernmentbonds,2026-08-01T18:05:45+00:00
cds_kr_5y,2008-11-04,2008-11-04,280.0,,350.0,worldgovernmentbonds,2026-08-01T18:05:45+00:00
cds_kr_5y,2008-11-05,2008-11-05,280.0,,280.0,worldgovernmentbonds,2026-08-01T18:05:45+00:00
cds_kr_5y,2008-11-06,2008-11-06,328.0,,280.0,worldgovernmentbonds,2026-08-01T18:05:45+00:00
cds_kr_5y,2008-11-07,2008-11-07,315.0,,328.0,worldgovernmentbonds,2026-08-01T18:05:45+00:00
cds_kr_5y,2008-11-10,2008-11-10,280.0,,315.0,worldgovernmentbonds,2026-08-01T18:05:45+00:00
cds_kr_5y,2008-11-11,2008-11-11,300.0,,280.0,worldgovernmentbonds,2026-08-01T18:05:45+00:00
cds_kr_5y,2008-11-12,2008-11-12,325.0,,300.0,worldgovernmentbonds,2026-08-01T18:05:45+00:00
cds_kr_5y,2008-11-13,2008-11-13,365.0,,325.0,worldgovernmentbonds,2026-08-01T18:05:45+00:00
cds_kr_5y,2008-11-14,2008-11-14,370.0,,365.0,worldgovernmentbonds,2026-08-01T18:05:45+00:00
cds_kr_5y,2008-11-17,2008-11-17,380.0,,370.0,worldgovernmentbonds,2026-08-01T18:05:45+00:00
cds_kr_5y,2008-11-18,2008-11-18,395.0,,380.0,worldgovernmentbonds,2026-08-01T18:05:45+00:00
cds_kr_5y,2008-11-19,2008-11-19,410.0,,395.0,worldgovernmentbonds,2026-08-01T18:05:45+00:00
cds_kr_5y,2008-11-20,2008-11-20,422.5,,410.0,worldgovernmentbonds,2026-08-01T18:05:45+00:00
cds_kr_5y,2008-11-21,2008-11-21,442.5,,422.5,worldgovernmentbonds,2026-08-01T18:05:45+00:00
cds_kr_5y,2008-11-24,2008-11-24,392.5,,442.5,worldgovernmentbonds,2026-08-01T18:05:45+00:00
cds_kr_5y,2008-11-25,2008-11-25,375.0,,392.5,worldgovernmentbonds,2026-08-01T18:05:45+00:00
cds_kr_5y,2008-11-26,2008-11-26,367.5,,375.0,worldgovernmentbonds,2026-08-01T18:05:45+00:00
cds_kr_5y,2008-11-27,2008-11-27,362.5,,367.5,worldgovernmentbonds,2026-08-01T18:05:45+00:00
cds_kr_5y,2008-11-28,2008-11-28,365.0,,362.5,worldgovernmentbonds,2026-08-01T18:05:45+00:00
cds_kr_5y,2008-12-01,2008-12-01,365.0,,365.0,worldgovernmentbonds,2026-08-01T18:05:45+00:00
cds_kr_5y,2008-12-02,2008-12-02,402.5,,365.0,worldgovernmentbonds,2026-08-01T18:05:45+00:00
cds_kr_5y,2008-12-03,2008-12-03,397.5,,402.5,worldgovernmentbonds,2026-08-01T18:05:45+00:00
cds_kr_5y,2008-12-04,2008-12-04,410.0,,397.5,worldgovernmentbonds,2026-08-01T18:05:45+00:00
cds_kr_5y,2008-12-05,2008-12-05,417.5,,410.0,worldgovernmentbonds,2026-08-01T18:05:45+00:00
cds_kr_5y,2008-12-08,2008-12-08,422.5,,417.5,worldgovernmentbonds,2026-08-01T18:05:45+00:00
cds_kr_5y,2008-12-09,2008-12-09,380.0,,422.5,worldgovernmentbonds,2026-08-01T18:05:45+00:00
cds_kr_5y,2008-12-10,2008-12-10,385.0,,380.0,worldgovernmentbonds,2026-08-01T18:05:45+00:00
cds_kr_5y,2008-12-11,2008-12-11,367.5,,385.0,worldgovernmentbonds,2026-08-01T18:05:45+00:00
cds_kr_5y,2008-12-12,2008-12-12,367.5,,367.5,worldgovernmentbonds,2026-08-01T18:05:45+00:00
cds_kr_5y,2008-12-15,2008-12-15,367.5,,367.5,worldgovernmentbonds,2026-08-01T18:05:45+00:00
cds_kr_5y,2008-12-16,2008-12-16,367.5,,367.5,worldgovernmentbonds,2026-08-01T18:05:45+00:00
cds_kr_5y,2008-12-17,2008-12-17,357.5,,367.5,worldgovernmentbonds,2026-08-01T18:05:45+00:00
cds_kr_5y,2008-12-18,2008-12-18,357.5,,357.5,worldgovernmentbonds,2026-08-01T18:05:45+00:00
cds_kr_5y,2008-12-19,2008-12-19,340.0,,357.5,worldgovernmentbonds,2026-08-01T18:05:45+00:00
cds_kr_5y,2008-12-22,2008-12-22,330.0,,340.0,worldgovernmentbonds,2026-08-01T18:05:45+00:00
cds_kr_5y,2008-12-23,2008-12-23,320.0,,330.0,worldgovernmentbonds,2026-08-01T18:05:45+00:00
cds_kr_5y,2008-12-26,2008-12-26,320.0,,320.0,worldgovernmentbonds,2026-08-01T18:05:45+00:00
cds_kr_5y,2008-12-29,2008-12-29,320.0,,320.0,worldgovernmentbonds,2026-08-01T18:05:45+00:00
cds_kr_5y,2008-12-30,2008-12-30,320.0,,320.0,worldgovernmentbonds,2026-08-01T18:05:45+00:00
cds_kr_5y,2009-01-02,2009-01-02,320.0,,320.0,worldgovernmentbonds,2026-08-01T18:05:45+00:00
cds_kr_5y,2009-01-05,2009-01-05,300.0,,320.0,worldgovernmentbonds,2026-08-01T18:05:45+00:00
cds_kr_5y,2009-01-06,2009-01-06,285.0,,300.0,worldgovernmentbonds,2026-08-01T18:05:45+00:00
cds_kr_5y,2009-01-07,2009-01-07,267.5,,285.0,worldgovernmentbonds,2026-08-01T18:05:45+00:00
cds_kr_5y,2009-01-08,2009-01-08,277.5,,267.5,worldgovernmentbonds,2026-08-01T18:05:45+00:00
cds_kr_5y,2009-01-09,2009-01-09,270.0,,277.5,worldgovernmentbonds,2026-08-01T18:05:45+00:00
cds_kr_5y,2009-01-12,2009-01-12,270.0,,270.0,worldgovernmentbonds,2026-08-01T18:05:45+00:00
cds_kr_5y,2009-01-13,2009-01-13,292.5,,270.0,worldgovernmentbonds,2026-08-01T18:05:45+00:00
cds_kr_5y,2009-01-14,2009-01-14,295.0,,292.5,worldgovernmentbonds,2026-08-01T18:05:45+00:00
cds_kr_5y,2009-01-15,2009-01-15,322.5,,295.0,worldgovernmentbonds,2026-08-01T18:05:45+00:00
cds_kr_5y,2009-01-16,2009-01-16,317.5,,322.5,worldgovernmentbonds,2026-08-01T18:05:45+00:00
cds_kr_5y,2009-01-19,2009-01-19,305.0,,317.5,worldgovernmentbonds,2026-08-01T18:05:45+00:00
cds_kr_5y,2009-01-20,2009-01-20,317.5,,305.0,worldgovernmentbonds,2026-08-01T18:05:45+00:00
cds_kr_5y,2009-01-21,2009-01-21,332.5,,317.5,worldgovernmentbonds,2026-08-01T18:05:45+00:00
cds_kr_5y,2009-01-22,2009-01-22,315.0,,332.5,worldgovernmentbonds,2026-08-01T18:05:45+00:00
cds_kr_5y,2009-01-23,2009-01-23,342.5,,315.0,worldgovernmentbonds,2026-08-01T18:05:45+00:00
cds_kr_5y,2009-01-26,2009-01-26,342.5,,342.5,worldgovernmentbonds,2026-08-01T18:05:45+00:00
cds_kr_5y,2009-01-27,2009-01-27,342.5,,342.5,worldgovernmentbonds,2026-08-01T18:05:45+00:00
cds_kr_5y,2009-01-28,2009-01-28,330.0,,342.5,worldgovernmentbonds,2026-08-01T18:05:45+00:00
cds_kr_5y,2009-01-29,2009-01-29,320.0,,330.0,worldgovernmentbonds,2026-08-01T18:05:45+00:00
cds_kr_5y,2009-01-30,2009-01-30,325.0,,320.0,worldgovernmentbonds,2026-08-01T18:05:45+00:00
cds_kr_5y,2009-02-02,2009-02-02,335.0,,325.0,worldgovernmentbonds,2026-08-01T18:05:45+00:00
cds_kr_5y,2009-02-03,2009-02-03,342.5,,335.0,worldgovernmentbonds,2026-08-01T18:05:45+00:00
cds_kr_5y,2009-02-04,2009-02-04,337.5,,342.5,worldgovernmentbonds,2026-08-01T18:05:45+00:00
cds_kr_5y,2009-02-05,2009-02-05,337.5,,337.5,worldgovernmentbonds,2026-08-01T18:05:45+00:00
cds_kr_5y,2009-02-06,2009-02-06,337.5,,337.5,worldgovernmentbonds,2026-08-01T18:05:45+00:00
cds_kr_5y,2009-02-09,2009-02-09,327.5,,337.5,worldgovernmentbonds,2026-08-01T18:05:45+00:00
cds_kr_5y,2009-02-10,2009-02-10,330.0,,327.5,worldgovernmentbonds,2026-08-01T18:05:45+00:00
cds_kr_5y,2009-02-11,2009-02-11,335.0,,330.0,worldgovernmentbonds,2026-08-01T18:05:45+00:00
cds_kr_5y,2009-02-12,2009-02-12,357.5,,335.0,worldgovernmentbonds,2026-08-01T18:05:45+00:00
cds_kr_5y,2009-02-13,2009-02-13,360.0,,357.5,worldgovernmentbonds,2026-08-01T18:05:45+00:00
cds_kr_5y,2009-02-16,2009-02-16,365.0,,360.0,worldgovernmentbonds,2026-08-01T18:05:45+00:00
cds_kr_5y,2009-02-17,2009-02-17,402.5,,365.0,worldgovernmentbonds,2026-08-01T18:05:45+00:00
cds_kr_5y,2009-02-18,2009-02-18,435.0,,402.5,worldgovernmentbonds,2026-08-01T18:05:45+00:00
cds_kr_5y,2009-02-19,2009-02-19,427.5,,435.0,worldgovernmentbonds,2026-08-01T18:05:45+00:00
cds_kr_5y,2009-02-20,2009-02-20,450.0,,427.5,worldgovernmentbonds,2026-08-01T18:05:45+00:00
cds_kr_5y,2009-02-23,2009-02-23,432.5,,450.0,worldgovernmentbonds,2026-08-01T18:05:45+00:00
cds_kr_5y,2009-02-24,2009-02-24,440.0,,432.5,worldgovernmentbonds,2026-08-01T18:05:45+00:00
cds_kr_5y,2009-02-25,2009-02-25,432.5,,440.0,worldgovernmentbonds,2026-08-01T18:05:45+00:00
cds_kr_5y,2009-02-26,2009-02-26,430.0,,432.5,worldgovernmentbonds,2026-08-01T18:05:45+00:00
cds_kr_5y,2009-02-27,2009-02-27,432.5,,430.0,worldgovernmentbonds,2026-08-01T18:05:45+00:00
cds_kr_5y,2009-03-02,2009-03-02,455.0,,432.5,worldgovernmentbonds,2026-08-01T18:05:45+00:00
cds_kr_5y,2009-03-03,2009-03-03,462.5,,455.0,worldgovernmentbonds,2026-08-01T18:05:45+00:00
cds_kr_5y,2009-03-04,2009-03-04,465.0,,462.5,worldgovernmentbonds,2026-08-01T18:05:45+00:00
cds_kr_5y,2009-03-05,2009-03-05,450.0,,465.0,worldgovernmentbonds,2026-08-01T18:05:45+00:00
cds_kr_5y,2009-03-06,2009-03-06,450.0,,450.0,worldgovernmentbonds,2026-08-01T18:05:45+00:00
cds_kr_5y,2009-03-09,2009-03-09,452.5,,450.0,worldgovernmentbonds,2026-08-01T18:05:45+00:00
cds_kr_5y,2009-03-10,2009-03-10,450.0,,452.5,worldgovernmentbonds,2026-08-01T18:05:45+00:00
cds_kr_5y,2009-03-11,2009-03-11,430.0,,450.0,worldgovernmentbonds,2026-08-01T18:05:45+00:00
cds_kr_5y,2009-03-12,2009-03-12,432.5,,430.0,worldgovernmentbonds,2026-08-01T18:05:45+00:00
cds_kr_5y,2009-03-13,2009-03-13,420.0,,432.5,worldgovernmentbonds,2026-08-01T18:05:45+00:00
cds_kr_5y,2009-03-16,2009-03-16,397.5,,420.0,worldgovernmentbonds,2026-08-01T18:05:45+00:00
cds_kr_5y,2009-03-17,2009-03-17,380.0,,397.5,worldgovernmentbonds,2026-08-01T18:05:45+00:00
cds_kr_5y,2009-03-18,2009-03-18,382.5,,380.0,worldgovernmentbonds,2026-08-01T18:05:45+00:00
cds_kr_5y,2009-03-19,2009-03-19,372.5,,382.5,worldgovernmentbonds,2026-08-01T18:05:45+00:00
cds_kr_5y,2009-03-20,2009-03-20,380.0,,372.5,worldgovernmentbonds,2026-08-01T18:05:45+00:00
cds_kr_5y,2009-03-23,2009-03-23,380.0,,380.0,worldgovernmentbonds,2026-08-01T18:05:45+00:00
cds_kr_5y,2009-03-24,2009-03-24,350.0,,380.0,worldgovernmentbonds,2026-08-01T18:05:45+00:00
cds_kr_5y,2009-03-25,2009-03-25,350.0,,350.0,worldgovernmentbonds,2026-08-01T18:05:45+00:00
cds_kr_5y,2009-03-26,2009-03-26,340.0,,350.0,worldgovernmentbonds,2026-08-01T18:05:45+00:00
cds_kr_5y,2009-03-27,2009-03-27,312.5,,340.0,worldgovernmentbonds,2026-08-01T18:05:45+00:00
cds_kr_5y,2009-03-30,2009-03-30,330.0,,312.5,worldgovernmentbonds,2026-08-01T18:05:45+00:00
cds_kr_5y,2009-03-31,2009-03-31,330.0,,330.0,worldgovernmentbonds,2026-08-01T18:05:45+00:00
cds_kr_5y,2009-04-01,2009-04-01,327.5,,330.0,worldgovernmentbonds,2026-08-01T18:05:45+00:00
cds_kr_5y,2009-04-02,2009-04-02,307.5,,327.5,worldgovernmentbonds,2026-08-01T18:05:45+00:00
cds_kr_5y,2009-04-03,2009-04-03,297.5,,307.5,worldgovernmentbonds,2026-08-01T18:05:45+00:00
cds_kr_5y,2009-04-06,2009-04-06,295.0,,297.5,worldgovernmentbonds,2026-08-01T18:05:45+00:00
cds_kr_5y,2009-04-07,2009-04-07,315.0,,295.0,worldgovernmentbonds,2026-08-01T18:05:45+00:00
cds_kr_5y,2009-04-08,2009-04-08,315.0,,315.0,worldgovernmentbonds,2026-08-01T18:05:45+00:00
cds_kr_5y,2009-04-09,2009-04-09,309.5,,315.0,worldgovernmentbonds,2026-08-01T18:05:45+00:00
cds_kr_5y,2009-04-10,2009-04-10,305.0,,309.5,worldgovernmentbonds,2026-08-01T18:05:45+00:00
cds_kr_5y,2009-04-13,2009-04-13,305.0,,305.0,worldgovernmentbonds,2026-08-01T18:05:45+00:00
cds_kr_5y,2009-04-14,2009-04-14,285.0,,305.0,worldgovernmentbonds,2026-08-01T18:05:45+00:00
cds_kr_5y,2009-04-15,2009-04-15,285.0,,285.0,worldgovernmentbonds,2026-08-01T18:05:45+00:00
cds_kr_5y,2009-04-16,2009-04-16,280.0,,285.0,worldgovernmentbonds,2026-08-01T18:05:45+00:00
cds_kr_5y,2009-04-17,2009-04-17,280.0,,280.0,worldgovernmentbonds,2026-08-01T18:05:45+00:00
cds_kr_5y,2009-04-20,2009-04-20,280.0,,280.0,worldgovernmentbonds,2026-08-01T18:05:45+00:00
cds_kr_5y,2009-04-21,2009-04-21,297.5,,280.0,worldgovernmentbonds,2026-08-01T18:05:45+00:00
cds_kr_5y,2009-04-22,2009-04-22,297.5,,297.5,worldgovernmentbonds,2026-08-01T18:05:45+00:00
cds_kr_5y,2009-04-23,2009-04-23,295.0,,297.5,worldgovernmentbonds,2026-08-01T18:05:45+00:00
cds_kr_5y,2009-04-24,2009-04-24,285.0,,295.0,worldgovernmentbonds,2026-08-01T18:05:45+00:00
cds_kr_5y,2009-04-27,2009-04-27,285.0,,285.0,worldgovernmentbonds,2026-08-01T18:05:45+00:00
cds_kr_5y,2009-04-28,2009-04-28,287.5,,285.0,worldgovernmentbonds,2026-08-01T18:05:45+00:00
cds_kr_5y,2009-04-29,2009-04-29,277.5,,287.5,worldgovernmentbonds,2026-08-01T18:05:45+00:00
cds_kr_5y,2009-04-30,2009-04-30,255.0,,277.5,worldgovernmentbonds,2026-08-01T18:05:45+00:00
cds_kr_5y,2009-05-01,2009-05-01,255.0,,255.0,worldgovernmentbonds,2026-08-01T18:05:45+00:00
cds_kr_5y,2009-05-04,2009-05-04,255.0,,255.0,worldgovernmentbonds,2026-08-01T18:05:45+00:00
cds_kr_5y,2009-05-05,2009-05-05,215.0,,255.0,worldgovernmentbonds,2026-08-01T18:05:45+00:00
cds_kr_5y,2009-05-06,2009-05-06,212.5,,215.0,worldgovernmentbonds,2026-08-01T18:05:45+00:00
cds_kr_5y,2009-05-07,2009-05-07,180.0,,212.5,worldgovernmentbonds,2026-08-01T18:05:45+00:00
cds_kr_5y,2009-05-08,2009-05-08,170.0,,180.0,worldgovernmentbonds,2026-08-01T18:05:45+00:00
cds_kr_5y,2009-05-11,2009-05-11,177.5,,170.0,worldgovernmentbonds,2026-08-01T18:05:45+00:00
cds_kr_5y,2009-05-12,2009-05-12,177.5,,177.5,worldgovernmentbonds,2026-08-01T18:05:45+00:00
cds_kr_5y,2009-05-13,2009-05-13,172.5,,177.5,worldgovernmentbonds,2026-08-01T18:05:45+00:00
cds_kr_5y,2009-05-14,2009-05-14,187.5,,172.5,worldgovernmentbonds,2026-08-01T18:05:45+00:00
cds_kr_5y,2009-05-15,2009-05-15,182.5,,187.5,worldgovernmentbonds,2026-08-01T18:05:45+00:00
cds_kr_5y,2009-05-18,2009-05-18,180.0,,182.5,worldgovernmentbonds,2026-08-01T18:05:45+00:00
cds_kr_5y,2009-05-19,2009-05-19,165.0,,180.0,worldgovernmentbonds,2026-08-01T18:05:45+00:00
cds_kr_5y,2009-05-20,2009-05-20,150.0,,165.0,worldgovernmentbonds,2026-08-01T18:05:45+00:00
cds_kr_5y,2009-05-21,2009-05-21,155.0,,150.0,worldgovernmentbonds,2026-08-01T18:05:45+00:00
cds_kr_5y,2009-05-22,2009-05-22,152.5,,155.0,worldgovernmentbonds,2026-08-01T18:05:45+00:00
cds_kr_5y,2009-05-25,2009-05-25,152.5,,152.5,worldgovernmentbonds,2026-08-01T18:05:45+00:00
cds_kr_5y,2009-05-26,2009-05-26,147.5,,152.5,worldgovernmentbonds,2026-08-01T18:05:45+00:00
cds_kr_5y,2009-05-27,2009-05-27,157.5,,147.5,worldgovernmentbonds,2026-08-01T18:05:45+00:00
cds_kr_5y,2009-05-28,2009-05-28,157.5,,157.5,worldgovernmentbonds,2026-08-01T18:05:45+00:00
cds_kr_5y,2009-05-29,2009-05-29,167.5,,157.5,worldgovernmentbonds,2026-08-01T18:05:45+00:00
cds_kr_5y,2009-06-01,2009-06-01,155.0,,167.5,worldgovernmentbonds,2026-08-01T18:05:45+00:00
cds_kr_5y,2009-06-02,2009-06-02,140.0,,155.0,worldgovernmentbonds,2026-08-01T18:05:45+00:00
cds_kr_5y,2009-06-03,2009-06-03,137.5,,140.0,worldgovernmentbonds,2026-08-01T18:05:45+00:00
cds_kr_5y,2009-06-04,2009-06-04,140.0,,137.5,worldgovernmentbonds,2026-08-01T18:05:45+00:00
cds_kr_5y,2009-06-05,2009-06-05,140.0,,140.0,worldgovernmentbonds,2026-08-01T18:05:45+00:00
cds_kr_5y,2009-06-08,2009-06-08,137.5,,140.0,worldgovernmentbonds,2026-08-01T18:05:45+00:00
cds_kr_5y,2009-06-09,2009-06-09,142.5,,137.5,worldgovernmentbonds,2026-08-01T18:05:45+00:00
cds_kr_5y,2009-06-10,2009-06-10,157.5,,142.5,worldgovernmentbonds,2026-08-01T18:05:45+00:00
cds_kr_5y,2009-06-11,2009-06-11,160.0,,157.5,worldgovernmentbonds,2026-08-01T18:05:45+00:00
cds_kr_5y,2009-06-12,2009-06-12,160.0,,160.0,worldgovernmentbonds,2026-08-01T18:05:45+00:00
cds_kr_5y,2009-06-15,2009-06-15,160.0,,160.0,worldgovernmentbonds,2026-08-01T18:05:45+00:00
cds_kr_5y,2009-06-16,2009-06-16,180.0,,160.0,worldgovernmentbonds,2026-08-01T18:05:45+00:00
cds_kr_5y,2009-06-17,2009-06-17,185.0,,180.0,worldgovernmentbonds,2026-08-01T18:05:45+00:00
cds_kr_5y,2009-06-18,2009-06-18,185.0,,185.0,worldgovernmentbonds,2026-08-01T18:05:45+00:00
cds_kr_5y,2009-06-19,2009-06-19,187.5,,185.0,worldgovernmentbonds,2026-08-01T18:05:45+00:00
cds_kr_5y,2009-06-22,2009-06-22,187.5,,187.5,worldgovernmentbonds,2026-08-01T18:05:45+00:00
cds_kr_5y,2009-06-23,2009-06-23,195.0,,187.5,worldgovernmentbonds,2026-08-01T18:05:45+00:00
cds_kr_5y,2009-06-24,2009-06-24,192.5,,195.0,worldgovernmentbonds,2026-08-01T18:05:45+00:00
cds_kr_5y,2009-06-25,2009-06-25,187.5,,192.5,worldgovernmentbonds,2026-08-01T18:05:45+00:00
cds_kr_5y,2009-06-26,2009-06-26,185.0,,187.5,worldgovernmentbonds,2026-08-01T18:05:45+00:00
cds_kr_5y,2009-06-29,2009-06-29,185.0,,185.0,worldgovernmentbonds,2026-08-01T18:05:45+00:00
cds_kr_5y,2009-06-30,2009-06-30,182.5,,185.0,worldgovernmentbonds,2026-08-01T18:05:45+00:00
cds_kr_5y,2009-07-01,2009-07-01,182.5,,182.5,worldgovernmentbonds,2026-08-01T18:05:45+00:00
cds_kr_5y,2009-07-02,2009-07-02,180.0,,182.5,worldgovernmentbonds,2026-08-01T18:05:45+00:00
cds_kr_5y,2009-07-03,2009-07-03,180.0,,180.0,worldgovernmentbonds,2026-08-01T18:05:45+00:00
cds_kr_5y,2009-07-06,2009-07-06,180.0,,180.0,worldgovernmentbonds,2026-08-01T18:05:45+00:00
cds_kr_5y,2009-07-07,2009-07-07,182.5,,180.0,worldgovernmentbonds,2026-08-01T18:05:45+00:00
cds_kr_5y,2009-07-08,2009-07-08,187.5,,182.5,worldgovernmentbonds,2026-08-01T18:05:45+00:00
cds_kr_5y,2009-07-09,2009-07-09,185.0,,187.5,worldgovernmentbonds,2026-08-01T18:05:45+00:00
cds_kr_5y,2009-07-10,2009-07-10,185.0,,185.0,worldgovernmentbonds,2026-08-01T18:05:45+00:00
cds_kr_5y,2009-07-13,2009-07-13,187.5,,185.0,worldgovernmentbonds,2026-08-01T18:05:45+00:00
cds_kr_5y,2009-07-14,2009-07-14,187.5,,187.5,worldgovernmentbonds,2026-08-01T18:05:45+00:00
cds_kr_5y,2009-07-15,2009-07-15,182.5,,187.5,worldgovernmentbonds,2026-08-01T18:05:45+00:00
cds_kr_5y,2009-07-16,2009-07-16,177.5,,182.5,worldgovernmentbonds,2026-08-01T18:05:45+00:00
cds_kr_5y,2009-07-17,2009-07-17,177.5,,177.5,worldgovernmentbonds,2026-08-01T18:05:45+00:00
cds_kr_5y,2009-07-20,2009-07-20,177.5,,177.5,worldgovernmentbonds,2026-08-01T18:05:45+00:00
cds_kr_5y,2009-07-21,2009-07-21,170.0,,177.5,worldgovernmentbonds,2026-08-01T18:05:45+00:00
cds_kr_5y,2009-07-22,2009-07-22,155.0,,170.0,worldgovernmentbonds,2026-08-01T18:05:45+00:00
cds_kr_5y,2009-07-23,2009-07-23,153.76,,155.0,worldgovernmentbonds,2026-08-01T18:05:45+00:00
cds_kr_5y,2009-07-24,2009-07-24,140.0,,153.76,worldgovernmentbonds,2026-08-01T18:05:45+00:00
cds_kr_5y,2009-07-27,2009-07-27,140.0,,140.0,worldgovernmentbonds,2026-08-01T18:05:45+00:00
cds_kr_5y,2009-07-28,2009-07-28,135.0,,140.0,worldgovernmentbonds,2026-08-01T18:05:45+00:00
cds_kr_5y,2009-07-29,2009-07-29,135.0,,135.0,worldgovernmentbonds,2026-08-01T18:05:45+00:00
cds_kr_5y,2009-07-30,2009-07-30,135.0,,135.0,worldgovernmentbonds,2026-08-01T18:05:45+00:00
cds_kr_5y,2009-07-31,2009-07-31,125.0,,135.0,worldgovernmentbonds,2026-08-01T18:05:45+00:00
cds_kr_5y,2009-08-03,2009-08-03,125.0,,125.0,worldgovernmentbonds,2026-08-01T18:05:45+00:00
cds_kr_5y,2009-08-04,2009-08-04,120.0,,125.0,worldgovernmentbonds,2026-08-01T18:05:45+00:00
cds_kr_5y,2009-08-05,2009-08-05,120.0,,120.0,worldgovernmentbonds,2026-08-01T18:05:45+00:00
cds_kr_5y,2009-08-06,2009-08-06,135.0,,120.0,worldgovernmentbonds,2026-08-01T18:05:45+00:00
cds_kr_5y,2009-08-07,2009-08-07,135.0,,135.0,worldgovernmentbonds,2026-08-01T18:05:45+00:00
cds_kr_5y,2009-08-10,2009-08-10,130.0,,135.0,worldgovernmentbonds,2026-08-01T18:05:45+00:00
cds_kr_5y,2009-08-11,2009-08-11,130.0,,130.0,worldgovernmentbonds,2026-08-01T18:05:45+00:00
cds_kr_5y,2009-08-12,2009-08-12,140.0,,130.0,worldgovernmentbonds,2026-08-01T18:05:45+00:00
cds_kr_5y,2009-08-13,2009-08-13,140.0,,140.0,worldgovernmentbonds,2026-08-01T18:05:45+00:00
cds_kr_5y,2009-08-14,2009-08-14,135.0,,140.0,worldgovernmentbonds,2026-08-01T18:05:45+00:00
cds_kr_5y,2009-08-17,2009-08-17,140.0,,135.0,worldgovernmentbonds,2026-08-01T18:05:45+00:00
cds_kr_5y,2009-08-18,2009-08-18,145.0,,140.0,worldgovernmentbonds,2026-08-01T18:05:45+00:00
cds_kr_5y,2009-08-19,2009-08-19,140.0,,145.0,worldgovernmentbonds,2026-08-01T18:05:45+00:00
cds_kr_5y,2009-08-20,2009-08-20,145.0,,140.0,worldgovernmentbonds,2026-08-01T18:05:45+00:00
cds_kr_5y,2009-08-21,2009-08-21,145.0,,145.0,worldgovernmentbonds,2026-08-01T18:05:45+00:00
cds_kr_5y,2009-08-24,2009-08-24,140.0,,145.0,worldgovernmentbonds,2026-08-01T18:05:45+00:00
cds_kr_5y,2009-08-25,2009-08-25,140.0,,140.0,worldgovernmentbonds,2026-08-01T18:05:45+00:00
cds_kr_5y,2009-08-26,2009-08-26,135.0,,140.0,worldgovernmentbonds,2026-08-01T18:05:45+00:00
cds_kr_5y,2009-08-27,2009-08-27,135.0,,135.0,worldgovernmentbonds,2026-08-01T18:05:45+00:00
cds_kr_5y,2009-08-28,2009-08-28,135.0,,135.0,worldgovernmentbonds,2026-08-01T18:05:45+00:00
cds_kr_5y,2009-08-31,2009-08-31,135.0,,135.0,worldgovernmentbonds,2026-08-01T18:05:45+00:00
cds_kr_5y,2009-09-01,2009-09-01,138.0,,135.0,worldgovernmentbonds,2026-08-01T18:05:45+00:00
cds_kr_5y,2009-09-02,2009-09-02,145.0,,138.0,worldgovernmentbonds,2026-08-01T18:05:45+00:00
cds_kr_5y,2009-09-03,2009-09-03,145.0,,145.0,worldgovernmentbonds,2026-08-01T18:05:45+00:00
cds_kr_5y,2009-09-04,2009-09-04,138.0,,145.0,worldgovernmentbonds,2026-08-01T18:05:45+00:00
cds_kr_5y,2009-09-07,2009-09-07,138.0,,138.0,worldgovernmentbonds,2026-08-01T18:05:45+00:00
cds_kr_5y,2009-09-08,2009-09-08,135.0,,138.0,worldgovernmentbonds,2026-08-01T18:05:45+00:00
cds_kr_5y,2009-09-09,2009-09-09,130.0,,135.0,worldgovernmentbonds,2026-08-01T18:05:45+00:00
cds_kr_5y,2009-09-10,2009-09-10,125.0,,130.0,worldgovernmentbonds,2026-08-01T18:05:45+00:00
cds_kr_5y,2009-09-11,2009-09-11,123.0,,125.0,worldgovernmentbonds,2026-08-01T18:05:45+00:00
cds_kr_5y,2009-09-14,2009-09-14,123.0,,123.0,worldgovernmentbonds,2026-08-01T18:05:45+00:00
cds_kr_5y,2009-09-15,2009-09-15,123.0,,123.0,worldgovernmentbonds,2026-08-01T18:05:45+00:00
cds_kr_5y,2009-09-16,2009-09-16,116.0,,123.0,worldgovernmentbonds,2026-08-01T18:05:45+00:00
cds_kr_5y,2009-09-17,2009-09-17,105.0,,116.0,worldgovernmentbonds,2026-08-01T18:05:45+00:00
cds_kr_5y,2009-09-18,2009-09-18,110.0,,105.0,worldgovernmentbonds,2026-08-01T18:05:45+00:00
cds_kr_5y,2009-09-21,2009-09-21,110.0,,110.0,worldgovernmentbonds,2026-08-01T18:05:45+00:00
cds_kr_5y,2009-09-22,2009-09-22,112.0,,110.0,worldgovernmentbonds,2026-08-01T18:05:45+00:00
cds_kr_5y,2009-09-23,2009-09-23,105.0,,112.0,worldgovernmentbonds,2026-08-01T18:05:45+00:00
cds_kr_5y,2009-09-24,2009-09-24,105.0,,105.0,worldgovernmentbonds,2026-08-01T18:05:45+00:00
cds_kr_5y,2009-09-25,2009-09-25,105.0,,105.0,worldgovernmentbonds,2026-08-01T18:05:45+00:00
cds_kr_5y,2009-09-28,2009-09-28,115.0,,105.0,worldgovernmentbonds,2026-08-01T18:05:45+00:00
cds_kr_5y,2009-09-29,2009-09-29,110.0,,115.0,worldgovernmentbonds,2026-08-01T18:05:45+00:00
cds_kr_5y,2009-09-30,2009-09-30,100.0,,110.0,worldgovernmentbonds,2026-08-01T18:05:45+00:00
cds_kr_5y,2009-10-01,2009-10-01,100.0,,100.0,worldgovernmentbonds,2026-08-01T18:05:45+00:00
cds_kr_5y,2009-10-02,2009-10-02,100.0,,100.0,worldgovernmentbonds,2026-08-01T18:05:45+00:00
cds_kr_5y,2009-10-05,2009-10-05,110.0,,100.0,worldgovernmentbonds,2026-08-01T18:05:45+00:00
cds_kr_5y,2009-10-06,2009-10-06,100.0,,110.0,worldgovernmentbonds,2026-08-01T18:05:45+00:00
cds_kr_5y,2009-10-07,2009-10-07,100.0,,100.0,worldgovernmentbonds,2026-08-01T18:05:45+00:00
cds_kr_5y,2009-10-08,2009-10-08,95.0,,100.0,worldgovernmentbonds,2026-08-01T18:05:45+00:00
cds_kr_5y,2009-10-09,2009-10-09,95.0,,95.0,worldgovernmentbonds,2026-08-01T18:05:45+00:00
cds_kr_5y,2009-10-12,2009-10-12,95.0,,95.0,worldgovernmentbonds,2026-08-01T18:05:45+00:00
cds_kr_5y,2009-10-13,2009-10-13,95.0,,95.0,worldgovernmentbonds,2026-08-01T18:05:45+00:00
cds_kr_5y,2009-10-14,2009-10-14,95.0,,95.0,worldgovernmentbonds,2026-08-01T18:05:45+00:00
cds_kr_5y,2009-10-15,2009-10-15,85.0,,95.0,worldgovernmentbonds,2026-08-01T18:05:45+00:00
cds_kr_5y,2009-10-16,2009-10-16,84.0,,85.0,worldgovernmentbonds,2026-08-01T18:05:45+00:00
cds_kr_5y,2009-10-19,2009-10-19,88.0,,84.0,worldgovernmentbonds,2026-08-01T18:05:45+00:00
cds_kr_5y,2009-10-20,2009-10-20,88.0,,88.0,worldgovernmentbonds,2026-08-01T18:05:45+00:00
cds_kr_5y,2009-10-21,2009-10-21,93.0,,88.0,worldgovernmentbonds,2026-08-01T18:05:45+00:00
cds_kr_5y,2009-10-22,2009-10-22,99.0,,93.0,worldgovernmentbonds,2026-08-01T18:05:45+00:00
cds_kr_5y,2009-10-23,2009-10-23,93.0,,99.0,worldgovernmentbonds,2026-08-01T18:05:45+00:00
cds_kr_5y,2009-10-26,2009-10-26,93.0,,93.0,worldgovernmentbonds,2026-08-01T18:05:45+00:00
cds_kr_5y,2009-10-27,2009-10-27,93.0,,93.0,worldgovernmentbonds,2026-08-01T18:05:45+00:00
cds_kr_5y,2009-10-28,2009-10-28,98.0,,93.0,worldgovernmentbonds,2026-08-01T18:05:45+00:00
cds_kr_5y,2009-10-29,2009-10-29,105.0,,98.0,worldgovernmentbonds,2026-08-01T18:05:45+00:00
cds_kr_5y,2009-10-30,2009-10-30,97.0,,105.0,worldgovernmentbonds,2026-08-01T18:05:45+00:00
cds_kr_5y,2009-11-02,2009-11-02,103.0,,97.0,worldgovernmentbonds,2026-08-01T18:05:45+00:00
cds_kr_5y,2009-11-03,2009-11-03,102.0,,103.0,worldgovernmentbonds,2026-08-01T18:05:45+00:00
cds_kr_5y,2009-11-04,2009-11-04,107.0,,102.0,worldgovernmentbonds,2026-08-01T18:05:45+00:00
cds_kr_5y,2009-11-05,2009-11-05,104.0,,107.0,worldgovernmentbonds,2026-08-01T18:05:45+00:00
cds_kr_5y,2009-11-06,2009-11-06,103.0,,104.0,worldgovernmentbonds,2026-08-01T18:05:45+00:00
cds_kr_5y,2009-11-09,2009-11-09,103.0,,103.0,worldgovernmentbonds,2026-08-01T18:05:45+00:00
cds_kr_5y,2009-11-10,2009-11-10,95.0,,103.0,worldgovernmentbonds,2026-08-01T18:05:45+00:00
cds_kr_5y,2009-11-11,2009-11-11,95.0,,95.0,worldgovernmentbonds,2026-08-01T18:05:45+00:00
cds_kr_5y,2009-11-12,2009-11-12,95.0,,95.0,worldgovernmentbonds,2026-08-01T18:05:45+00:00
cds_kr_5y,2009-11-13,2009-11-13,98.0,,95.0,worldgovernmentbonds,2026-08-01T18:05:45+00:00
cds_kr_5y,2009-11-16,2009-11-16,95.0,,98.0,worldgovernmentbonds,2026-08-01T18:05:45+00:00
cds_kr_5y,2009-11-17,2009-11-17,93.0,,95.0,worldgovernmentbonds,2026-08-01T18:05:45+00:00
cds_kr_5y,2009-11-18,2009-11-18,92.5,,93.0,worldgovernmentbonds,2026-08-01T18:05:45+00:00
cds_kr_5y,2009-11-19,2009-11-19,94.0,,92.5,worldgovernmentbonds,2026-08-01T18:05:45+00:00
cds_kr_5y,2009-11-20,2009-11-20,94.0,,94.0,worldgovernmentbonds,2026-08-01T18:05:45+00:00
cds_kr_5y,2009-11-23,2009-11-23,96.0,,94.0,worldgovernmentbonds,2026-08-01T18:05:45+00:00
cds_kr_5y,2009-11-24,2009-11-24,94.0,,96.0,worldgovernmentbonds,2026-08-01T18:05:45+00:00
cds_kr_5y,2009-11-25,2009-11-25,95.0,,94.0,worldgovernmentbonds,2026-08-01T18:05:45+00:00
cds_kr_5y,2009-11-26,2009-11-26,95.0,,95.0,worldgovernmentbonds,2026-08-01T18:05:45+00:00
cds_kr_5y,2009-11-27,2009-11-27,110.0,,95.0,worldgovernmentbonds,2026-08-01T18:05:45+00:00
cds_kr_5y,2009-11-30,2009-11-30,105.0,,110.0,worldgovernmentbonds,2026-08-01T18:05:45+00:00
cds_kr_5y,2009-12-01,2009-12-01,103.0,,105.0,worldgovernmentbonds,2026-08-01T18:05:45+00:00
cds_kr_5y,2009-12-02,2009-12-02,105.0,,103.0,worldgovernmentbonds,2026-08-01T18:05:45+00:00
cds_kr_5y,2009-12-03,2009-12-03,105.0,,105.0,worldgovernmentbonds,2026-08-01T18:05:45+00:00
cds_kr_5y,2009-12-04,2009-12-04,93.5,,105.0,worldgovernmentbonds,2026-08-01T18:05:45+00:00
cds_kr_5y,2009-12-07,2009-12-07,90.5,,93.5,worldgovernmentbonds,2026-08-01T18:05:45+00:00
cds_kr_5y,2009-12-08,2009-12-08,90.5,,90.5,worldgovernmentbonds,2026-08-01T18:05:45+00:00
cds_kr_5y,2009-12-09,2009-12-09,90.0,,90.5,worldgovernmentbonds,2026-08-01T18:05:45+00:00
cds_kr_5y,2009-12-10,2009-12-10,90.0,,90.0,worldgovernmentbonds,2026-08-01T18:05:45+00:00
cds_kr_5y,2009-12-11,2009-12-11,90.0,,90.0,worldgovernmentbonds,2026-08-01T18:05:45+00:00
cds_kr_5y,2009-12-14,2009-12-14,90.0,,90.0,worldgovernmentbonds,2026-08-01T18:05:45+00:00
cds_kr_5y,2009-12-15,2009-12-15,83.5,,90.0,worldgovernmentbonds,2026-08-01T18:05:45+00:00
cds_kr_5y,2009-12-16,2009-12-16,83.5,,83.5,worldgovernmentbonds,2026-08-01T18:05:45+00:00
cds_kr_5y,2009-12-17,2009-12-17,83.5,,83.5,worldgovernmentbonds,2026-08-01T18:05:45+00:00
cds_kr_5y,2009-12-18,2009-12-18,82.93,,83.5,worldgovernmentbonds,2026-08-01T18:05:45+00:00
cds_kr_5y,2009-12-21,2009-12-21,86.33,,82.93,worldgovernmentbonds,2026-08-01T18:05:45+00:00
cds_kr_5y,2009-12-22,2009-12-22,86.0,,86.33,worldgovernmentbonds,2026-08-01T18:05:45+00:00
cds_kr_5y,2009-12-23,2009-12-23,83.0,,86.0,worldgovernmentbonds,2026-08-01T18:05:45+00:00
cds_kr_5y,2009-12-24,2009-12-24,85.5,,83.0,worldgovernmentbonds,2026-08-01T18:05:45+00:00
cds_kr_5y,2009-12-28,2009-12-28,88.0,,85.5,worldgovernmentbonds,2026-08-01T18:05:45+00:00
cds_kr_5y,2009-12-29,2009-12-29,87.5,,88.0,worldgovernmentbonds,2026-08-01T18:05:45+00:00
cds_kr_5y,2009-12-30,2009-12-30,87.5,,87.5,worldgovernmentbonds,2026-08-01T18:05:45+00:00
cds_kr_5y,2010-01-04,2010-01-04,88.0,,87.5,worldgovernmentbonds,2026-08-01T18:05:45+00:00
cds_kr_5y,2010-01-05,2010-01-05,85.0,,88.0,worldgovernmentbonds,2026-08-01T18:05:45+00:00
cds_kr_5y,2010-01-06,2010-01-06,85.0,,85.0,worldgovernmentbonds,2026-08-01T18:05:45+00:00
cds_kr_5y,2010-01-07,2010-01-07,80.33,,85.0,worldgovernmentbonds,2026-08-01T18:05:45+00:00
cds_kr_5y,2010-01-08,2010-01-08,80.0,,80.33,worldgovernmentbonds,2026-08-01T18:05:45+00:00
cds_kr_5y,2010-01-11,2010-01-11,76.0,,80.0,worldgovernmentbonds,2026-08-01T18:05:45+00:00
cds_kr_5y,2010-01-12,2010-01-12,76.5,,76.0,worldgovernmentbonds,2026-08-01T18:05:45+00:00
cds_kr_5y,2010-01-13,2010-01-13,79.0,,76.5,worldgovernmentbonds,2026-08-01T18:05:45+00:00
cds_kr_5y,2010-01-14,2010-01-14,79.0,,79.0,worldgovernmentbonds,2026-08-01T18:05:45+00:00
cds_kr_5y,2010-01-15,2010-01-15,86.0,,79.0,worldgovernmentbonds,2026-08-01T18:05:45+00:00
cds_kr_5y,2010-01-18,2010-01-18,89.5,,86.0,worldgovernmentbonds,2026-08-01T18:05:45+00:00
cds_kr_5y,2010-01-19,2010-01-19,88.5,,89.5,worldgovernmentbonds,2026-08-01T18:05:45+00:00
cds_kr_5y,2010-01-20,2010-01-20,92.66,,88.5,worldgovernmentbonds,2026-08-01T18:05:45+00:00
cds_kr_5y,2010-01-21,2010-01-21,90.5,,92.66,worldgovernmentbonds,2026-08-01T18:05:45+00:00
cds_kr_5y,2010-01-22,2010-01-22,105.0,,90.5,worldgovernmentbonds,2026-08-01T18:05:45+00:00
cds_kr_5y,2010-01-25,2010-01-25,105.0,,105.0,worldgovernmentbonds,2026-08-01T18:05:45+00:00
cds_kr_5y,2010-01-26,2010-01-26,107.33,,105.0,worldgovernmentbonds,2026-08-01T18:05:45+00:00
cds_kr_5y,2010-01-27,2010-01-27,106.0,,107.33,worldgovernmentbonds,2026-08-01T18:05:45+00:00
cds_kr_5y,2010-01-28,2010-01-28,103.0,,106.0,worldgovernmentbonds,2026-08-01T18:05:45+00:00
cds_kr_5y,2010-01-29,2010-01-29,103.75,,103.0,worldgovernmentbonds,2026-08-01T18:05:45+00:00
cds_kr_5y,2010-02-01,2010-02-01,112.0,,103.75,worldgovernmentbonds,2026-08-01T18:05:45+00:00
cds_kr_5y,2010-02-02,2010-02-02,110.67,,112.0,worldgovernmentbonds,2026-08-01T18:05:45+00:00
cds_kr_5y,2010-02-03,2010-02-03,108.67,,110.67,worldgovernmentbonds,2026-08-01T18:05:45+00:00
cds_kr_5y,2010-02-04,2010-02-04,109.0,,108.67,worldgovernmentbonds,2026-08-01T18:05:45+00:00
cds_kr_5y,2010-02-05,2010-02-05,125.0,,109.0,worldgovernmentbonds,2026-08-01T18:05:45+00:00
cds_kr_5y,2010-02-08,2010-02-08,124.5,,125.0,worldgovernmentbonds,2026-08-01T18:05:45+00:00
cds_kr_5y,2010-02-09,2010-02-09,132.0,,124.5,worldgovernmentbonds,2026-08-01T18:05:45+00:00
cds_kr_5y,2010-02-10,2010-02-10,127.5,,132.0,worldgovernmentbonds,2026-08-01T18:05:45+00:00
cds_kr_5y,2010-02-11,2010-02-11,116.5,,127.5,worldgovernmentbonds,2026-08-01T18:05:45+00:00
cds_kr_5y,2010-02-12,2010-02-12,112.0,,116.5,worldgovernmentbonds,2026-08-01T18:05:45+00:00
cds_kr_5y,2010-02-15,2010-02-15,114.0,,112.0,worldgovernmentbonds,2026-08-01T18:05:45+00:00
cds_kr_5y,2010-02-16,2010-02-16,114.0,,114.0,worldgovernmentbonds,2026-08-01T18:05:45+00:00
cds_kr_5y,2010-02-17,2010-02-17,112.0,,114.0,worldgovernmentbonds,2026-08-01T18:05:45+00:00
cds_kr_5y,2010-02-18,2010-02-18,111.0,,112.0,worldgovernmentbonds,2026-08-01T18:05:45+00:00
cds_kr_5y,2010-02-19,2010-02-19,113.0,,111.0,worldgovernmentbonds,2026-08-01T18:05:45+00:00
cds_kr_5y,2010-02-22,2010-02-22,104.0,,113.0,worldgovernmentbonds,2026-08-01T18:05:45+00:00
cds_kr_5y,2010-02-23,2010-02-23,102.0,,104.0,worldgovernmentbonds,2026-08-01T18:05:45+00:00
cds_kr_5y,2010-02-24,2010-02-24,106.0,,102.0,worldgovernmentbonds,2026-08-01T18:05:45+00:00
cds_kr_5y,2010-02-25,2010-02-25,107.0,,106.0,worldgovernmentbonds,2026-08-01T18:05:45+00:00
cds_kr_5y,2010-02-26,2010-02-26,106.5,,107.0,worldgovernmentbonds,2026-08-01T18:05:45+00:00
cds_kr_5y,2010-03-01,2010-03-01,101.33,,106.5,worldgovernmentbonds,2026-08-01T18:05:45+00:00
cds_kr_5y,2010-03-02,2010-03-02,101.5,,101.33,worldgovernmentbonds,2026-08-01T18:05:45+00:00
cds_kr_5y,2010-03-03,2010-03-03,99.5,,101.5,worldgovernmentbonds,2026-08-01T18:05:45+00:00
cds_kr_5y,2010-03-04,2010-03-04,98.0,,99.5,worldgovernmentbonds,2026-08-01T18:05:45+00:00
cds_kr_5y,2010-03-05,2010-03-05,89.0,,98.0,worldgovernmentbonds,2026-08-01T18:05:45+00:00
cds_kr_5y,2010-03-08,2010-03-08,83.33,,89.0,worldgovernmentbonds,2026-08-01T18:05:45+00:00
cds_kr_5y,2010-03-09,2010-03-09,79.5,,83.33,worldgovernmentbonds,2026-08-01T18:05:45+00:00
cds_kr_5y,2010-03-10,2010-03-10,82.33,,79.5,worldgovernmentbonds,2026-08-01T18:05:45+00:00
cds_kr_5y,2010-03-11,2010-03-11,76.0,,82.33,worldgovernmentbonds,2026-08-01T18:05:45+00:00
cds_kr_5y,2010-03-12,2010-03-12,76.0,,76.0,worldgovernmentbonds,2026-08-01T18:05:45+00:00
cds_kr_5y,2010-03-15,2010-03-15,75.5,,76.0,worldgovernmentbonds,2026-08-01T18:05:45+00:00
cds_kr_5y,2010-03-16,2010-03-16,77.0,,75.5,worldgovernmentbonds,2026-08-01T18:05:45+00:00
cds_kr_5y,2010-03-17,2010-03-17,73.0,,77.0,worldgovernmentbonds,2026-08-01T18:05:45+00:00
cds_kr_5y,2010-03-18,2010-03-18,73.0,,73.0,worldgovernmentbonds,2026-08-01T18:05:45+00:00
cds_kr_5y,2010-03-19,2010-03-19,76.0,,73.0,worldgovernmentbonds,2026-08-01T18:05:45+00:00
cds_kr_5y,2010-03-22,2010-03-22,84.0,,76.0,worldgovernmentbonds,2026-08-01T18:05:45+00:00
cds_kr_5y,2010-03-23,2010-03-23,83.0,,84.0,worldgovernmentbonds,2026-08-01T18:05:45+00:00
cds_kr_5y,2010-03-24,2010-03-24,79.5,,83.0,worldgovernmentbonds,2026-08-01T18:05:45+00:00
cds_kr_5y,2010-03-25,2010-03-25,81.0,,79.5,worldgovernmentbonds,2026-08-01T18:05:45+00:00
cds_kr_5y,2010-03-26,2010-03-26,79.5,,81.0,worldgovernmentbonds,2026-08-01T18:05:45+00:00
cds_kr_5y,2010-03-29,2010-03-29,81.0,,79.5,worldgovernmentbonds,2026-08-01T18:05:45+00:00
cds_kr_5y,2010-03-30,2010-03-30,81.5,,81.0,worldgovernmentbonds,2026-08-01T18:05:45+00:00
cds_kr_5y,2010-03-31,2010-03-31,81.0,,81.5,worldgovernmentbonds,2026-08-01T18:05:45+00:00
cds_kr_5y,2010-04-01,2010-04-01,81.5,,81.0,worldgovernmentbonds,2026-08-01T18:05:45+00:00
cds_kr_5y,2010-04-02,2010-04-02,81.0,,81.5,worldgovernmentbonds,2026-08-01T18:05:45+00:00
cds_kr_5y,2010-04-05,2010-04-05,81.0,,81.0,worldgovernmentbonds,2026-08-01T18:05:45+00:00
cds_kr_5y,2010-04-06,2010-04-06,79.5,,81.0,worldgovernmentbonds,2026-08-01T18:05:45+00:00
cds_kr_5y,2010-04-07,2010-04-07,79.0,,79.5,worldgovernmentbonds,2026-08-01T18:05:45+00:00
cds_kr_5y,2010-04-08,2010-04-08,85.0,,79.0,worldgovernmentbonds,2026-08-01T18:05:45+00:00
cds_kr_5y,2010-04-09,2010-04-09,83.0,,85.0,worldgovernmentbonds,2026-08-01T18:05:45+00:00
cds_kr_5y,2010-04-12,2010-04-12,78.0,,83.0,worldgovernmentbonds,2026-08-01T18:05:45+00:00
cds_kr_5y,2010-04-13,2010-04-13,80.0,,78.0,worldgovernmentbonds,2026-08-01T18:05:45+00:00
cds_kr_5y,2010-04-14,2010-04-14,77.0,,80.0,worldgovernmentbonds,2026-08-01T18:05:45+00:00
cds_kr_5y,2010-04-15,2010-04-15,74.0,,77.0,worldgovernmentbonds,2026-08-01T18:05:45+00:00
cds_kr_5y,2010-04-16,2010-04-16,76.0,,74.0,worldgovernmentbonds,2026-08-01T18:05:45+00:00
cds_kr_5y,2010-04-19,2010-04-19,81.0,,76.0,worldgovernmentbonds,2026-08-01T18:05:45+00:00
cds_kr_5y,2010-04-20,2010-04-20,80.0,,81.0,worldgovernmentbonds,2026-08-01T18:05:45+00:00
cds_kr_5y,2010-04-21,2010-04-21,77.0,,80.0,worldgovernmentbonds,2026-08-01T18:05:45+00:00
cds_kr_5y,2010-04-22,2010-04-22,81.0,,77.0,worldgovernmentbonds,2026-08-01T18:05:45+00:00
cds_kr_5y,2010-04-23,2010-04-23,84.5,,81.0,worldgovernmentbonds,2026-08-01T18:05:45+00:00
cds_kr_5y,2010-04-26,2010-04-26,82.0,,84.5,worldgovernmentbonds,2026-08-01T18:05:45+00:00
cds_kr_5y,2010-04-27,2010-04-27,85.5,,82.0,worldgovernmentbonds,2026-08-01T18:05:45+00:00
cds_kr_5y,2010-04-28,2010-04-28,93.5,,85.5,worldgovernmentbonds,2026-08-01T18:05:45+00:00
cds_kr_5y,2010-04-29,2010-04-29,92.0,,93.5,worldgovernmentbonds,2026-08-01T18:05:45+00:00
cds_kr_5y,2010-04-30,2010-04-30,89.0,,92.0,worldgovernmentbonds,2026-08-01T18:05:45+00:00
cds_kr_5y,2010-05-03,2010-05-03,89.5,,89.0,worldgovernmentbonds,2026-08-01T18:05:45+00:00
cds_kr_5y,2010-05-04,2010-05-04,89.0,,89.5,worldgovernmentbonds,2026-08-01T18:05:45+00:00
cds_kr_5y,2010-05-05,2010-05-05,100.0,,89.0,worldgovernmentbonds,2026-08-01T18:05:45+00:00
cds_kr_5y,2010-05-06,2010-05-06,111.0,,100.0,worldgovernmentbonds,2026-08-01T18:05:45+00:00
cds_kr_5y,2010-05-07,2010-05-07,126.0,,111.0,worldgovernmentbonds,2026-08-01T18:05:45+00:00
cds_kr_5y,2010-05-10,2010-05-10,104.0,,126.0,worldgovernmentbonds,2026-08-01T18:05:45+00:00
cds_kr_5y,2010-05-11,2010-05-11,96.0,,104.0,worldgovernmentbonds,2026-08-01T18:05:45+00:00
cds_kr_5y,2010-05-12,2010-05-12,97.0,,96.0,worldgovernmentbonds,2026-08-01T18:05:45+00:00
cds_kr_5y,2010-05-13,2010-05-13,94.0,,97.0,worldgovernmentbonds,2026-08-01T18:05:45+00:00
cds_kr_5y,2010-05-14,2010-05-14,99.0,,94.0,worldgovernmentbonds,2026-08-01T18:05:45+00:00
cds_kr_5y,2010-05-17,2010-05-17,117.0,,99.0,worldgovernmentbonds,2026-08-01T18:05:45+00:00
cds_kr_5y,2010-05-18,2010-05-18,113.0,,117.0,worldgovernmentbonds,2026-08-01T18:05:45+00:00
cds_kr_5y,2010-05-19,2010-05-19,121.0,,113.0,worldgovernmentbonds,2026-08-01T18:05:45+00:00
cds_kr_5y,2010-05-20,2010-05-20,130.0,,121.0,worldgovernmentbonds,2026-08-01T18:05:45+00:00
cds_kr_5y,2010-05-21,2010-05-21,130.0,,130.0,worldgovernmentbonds,2026-08-01T18:05:45+00:00
cds_kr_5y,2010-05-24,2010-05-24,149.0,,130.0,worldgovernmentbonds,2026-08-01T18:05:45+00:00
cds_kr_5y,2010-05-25,2010-05-25,164.0,,149.0,worldgovernmentbonds,2026-08-01T18:05:45+00:00
cds_kr_5y,2010-05-26,2010-05-26,161.0,,164.0,worldgovernmentbonds,2026-08-01T18:05:45+00:00
cds_kr_5y,2010-05-27,2010-05-27,148.0,,161.0,worldgovernmentbonds,2026-08-01T18:05:45+00:00
cds_kr_5y,2010-05-28,2010-05-28,132.0,,148.0,worldgovernmentbonds,2026-08-01T18:05:45+00:00
cds_kr_5y,2010-05-31,2010-05-31,138.0,,132.0,worldgovernmentbonds,2026-08-01T18:05:45+00:00
cds_kr_5y,2010-06-01,2010-06-01,142.0,,138.0,worldgovernmentbonds,2026-08-01T18:05:45+00:00
cds_kr_5y,2010-06-02,2010-06-02,142.5,,142.0,worldgovernmentbonds,2026-08-01T18:05:45+00:00
cds_kr_5y,2010-06-03,2010-06-03,135.0,,142.5,worldgovernmentbonds,2026-08-01T18:05:45+00:00
cds_kr_5y,2010-06-04,2010-06-04,135.0,,135.0,worldgovernmentbonds,2026-08-01T18:05:45+00:00
cds_kr_5y,2010-06-07,2010-06-07,147.0,,135.0,worldgovernmentbonds,2026-08-01T18:05:45+00:00
cds_kr_5y,2010-06-08,2010-06-08,140.0,,147.0,worldgovernmentbonds,2026-08-01T18:05:45+00:00
cds_kr_5y,2010-06-09,2010-06-09,145.0,,140.0,worldgovernmentbonds,2026-08-01T18:05:45+00:00
cds_kr_5y,2010-06-10,2010-06-10,149.0,,145.0,worldgovernmentbonds,2026-08-01T18:05:45+00:00
cds_kr_5y,2010-06-11,2010-06-11,143.0,,149.0,worldgovernmentbonds,2026-08-01T18:05:45+00:00
cds_kr_5y,2010-06-14,2010-06-14,138.0,,143.0,worldgovernmentbonds,2026-08-01T18:05:45+00:00
cds_kr_5y,2010-06-15,2010-06-15,138.0,,138.0,worldgovernmentbonds,2026-08-01T18:05:45+00:00
cds_kr_5y,2010-06-16,2010-06-16,138.0,,138.0,worldgovernmentbonds,2026-08-01T18:05:45+00:00
cds_kr_5y,2010-06-17,2010-06-17,123.5,,138.0,worldgovernmentbonds,2026-08-01T18:05:45+00:00
cds_kr_5y,2010-06-18,2010-06-18,119.0,,123.5,worldgovernmentbonds,2026-08-01T18:05:45+00:00
cds_kr_5y,2010-06-21,2010-06-21,112.0,,119.0,worldgovernmentbonds,2026-08-01T18:05:45+00:00
cds_kr_5y,2010-06-22,2010-06-22,110.0,,112.0,worldgovernmentbonds,2026-08-01T18:05:45+00:00
cds_kr_5y,2010-06-23,2010-06-23,117.5,,110.0,worldgovernmentbonds,2026-08-01T18:05:45+00:00
cds_kr_5y,2010-06-24,2010-06-24,118.0,,117.5,worldgovernmentbonds,2026-08-01T18:05:45+00:00
cds_kr_5y,2010-06-25,2010-06-25,124.5,,118.0,worldgovernmentbonds,2026-08-01T18:05:45+00:00
cds_kr_5y,2010-06-28,2010-06-28,125.0,,124.5,worldgovernmentbonds,2026-08-01T18:05:45+00:00
cds_kr_5y,2010-06-29,2010-06-29,126.0,,125.0,worldgovernmentbonds,2026-08-01T18:05:45+00:00
cds_kr_5y,2010-06-30,2010-06-30,136.0,,126.0,worldgovernmentbonds,2026-08-01T18:05:45+00:00
cds_kr_5y,2010-07-01,2010-07-01,136.0,,136.0,worldgovernmentbonds,2026-08-01T18:05:45+00:00
cds_kr_5y,2010-07-02,2010-07-02,131.0,,136.0,worldgovernmentbonds,2026-08-01T18:05:45+00:00
cds_kr_5y,2010-07-05,2010-07-05,126.0,,131.0,worldgovernmentbonds,2026-08-01T18:05:45+00:00
cds_kr_5y,2010-07-06,2010-07-06,130.0,,126.0,worldgovernmentbonds,2026-08-01T18:05:45+00:00
cds_kr_5y,2010-07-07,2010-07-07,129.0,,130.0,worldgovernmentbonds,2026-08-01T18:05:45+00:00
cds_kr_5y,2010-07-08,2010-07-08,121.0,,129.0,worldgovernmentbonds,2026-08-01T18:05:45+00:00
cds_kr_5y,2010-07-09,2010-07-09,117.0,,121.0,worldgovernmentbonds,2026-08-01T18:05:45+00:00
cds_kr_5y,2010-07-12,2010-07-12,116.0,,117.0,worldgovernmentbonds,2026-08-01T18:05:45+00:00
cds_kr_5y,2010-07-13,2010-07-13,115.0,,116.0,worldgovernmentbonds,2026-08-01T18:05:45+00:00
cds_kr_5y,2010-07-14,2010-07-14,110.5,,115.0,worldgovernmentbonds,2026-08-01T18:05:45+00:00
cds_kr_5y,2010-07-15,2010-07-15,113.0,,110.5,worldgovernmentbonds,2026-08-01T18:05:45+00:00
cds_kr_5y,2010-07-16,2010-07-16,113.0,,113.0,worldgovernmentbonds,2026-08-01T18:05:45+00:00
cds_kr_5y,2010-07-19,2010-07-19,117.0,,113.0,worldgovernmentbonds,2026-08-01T18:05:45+00:00
cds_kr_5y,2010-07-20,2010-07-20,113.0,,117.0,worldgovernmentbonds,2026-08-01T18:05:45+00:00
cds_kr_5y,2010-07-21,2010-07-21,113.0,,113.0,worldgovernmentbonds,2026-08-01T18:05:45+00:00
cds_kr_5y,2010-07-22,2010-07-22,113.0,,113.0,worldgovernmentbonds,2026-08-01T18:05:45+00:00
cds_kr_5y,2010-07-23,2010-07-23,108.0,,113.0,worldgovernmentbonds,2026-08-01T18:05:45+00:00
cds_kr_5y,2010-07-26,2010-07-26,104.0,,108.0,worldgovernmentbonds,2026-08-01T18:05:45+00:00
cds_kr_5y,2010-07-27,2010-07-27,99.5,,104.0,worldgovernmentbonds,2026-08-01T18:05:45+00:00
cds_kr_5y,2010-07-28,2010-07-28,101.0,,99.5,worldgovernmentbonds,2026-08-01T18:05:45+00:00
cds_kr_5y,2010-07-29,2010-07-29,104.0,,101.0,worldgovernmentbonds,2026-08-01T18:05:45+00:00
cds_kr_5y,2010-07-30,2010-07-30,103.0,,104.0,worldgovernmentbonds,2026-08-01T18:05:45+00:00
cds_kr_5y,2010-08-02,2010-08-02,103.0,,103.0,worldgovernmentbonds,2026-08-01T18:05:45+00:00
cds_kr_5y,2010-08-03,2010-08-03,98.0,,103.0,worldgovernmentbonds,2026-08-01T18:05:45+00:00
cds_kr_5y,2010-08-04,2010-08-04,102.0,,98.0,worldgovernmentbonds,2026-08-01T18:05:45+00:00
cds_kr_5y,2010-08-05,2010-08-05,102.0,,102.0,worldgovernmentbonds,2026-08-01T18:05:45+00:00
cds_kr_5y,2010-08-06,2010-08-06,105.0,,102.0,worldgovernmentbonds,2026-08-01T18:05:45+00:00
cds_kr_5y,2010-08-09,2010-08-09,105.0,,105.0,worldgovernmentbonds,2026-08-01T18:05:45+00:00
cds_kr_5y,2010-08-10,2010-08-10,103.0,,105.0,worldgovernmentbonds,2026-08-01T18:05:45+00:00
cds_kr_5y,2010-08-11,2010-08-11,107.0,,103.0,worldgovernmentbonds,2026-08-01T18:05:45+00:00
cds_kr_5y,2010-08-12,2010-08-12,111.0,,107.0,worldgovernmentbonds,2026-08-01T18:05:45+00:00
cds_kr_5y,2010-08-13,2010-08-13,109.0,,111.0,worldgovernmentbonds,2026-08-01T18:05:45+00:00
cds_kr_5y,2010-08-16,2010-08-16,112.0,,109.0,worldgovernmentbonds,2026-08-01T18:05:45+00:00
cds_kr_5y,2010-08-17,2010-08-17,113.0,,112.0,worldgovernmentbonds,2026-08-01T18:05:45+00:00
cds_kr_5y,2010-08-18,2010-08-18,109.0,,113.0,worldgovernmentbonds,2026-08-01T18:05:45+00:00
cds_kr_5y,2010-08-19,2010-08-19,112.0,,109.0,worldgovernmentbonds,2026-08-01T18:05:45+00:00
cds_kr_5y,2010-08-20,2010-08-20,111.0,,112.0,worldgovernmentbonds,2026-08-01T18:05:45+00:00
cds_kr_5y,2010-08-23,2010-08-23,113.0,,111.0,worldgovernmentbonds,2026-08-01T18:05:45+00:00
cds_kr_5y,2010-08-24,2010-08-24,115.0,,113.0,worldgovernmentbonds,2026-08-01T18:05:45+00:00
cds_kr_5y,2010-08-25,2010-08-25,119.0,,115.0,worldgovernmentbonds,2026-08-01T18:05:45+00:00
cds_kr_5y,2010-08-26,2010-08-26,120.0,,119.0,worldgovernmentbonds,2026-08-01T18:05:45+00:00
cds_kr_5y,2010-08-27,2010-08-27,125.0,,120.0,worldgovernmentbonds,2026-08-01T18:05:45+00:00
cds_kr_5y,2010-08-30,2010-08-30,125.0,,125.0,worldgovernmentbonds,2026-08-01T18:05:45+00:00
cds_kr_5y,2010-08-31,2010-08-31,121.0,,125.0,worldgovernmentbonds,2026-08-01T18:05:45+00:00
cds_kr_5y,2010-09-01,2010-09-01,120.0,,121.0,worldgovernmentbonds,2026-08-01T18:05:45+00:00
cds_kr_5y,2010-09-02,2010-09-02,117.0,,120.0,worldgovernmentbonds,2026-08-01T18:05:45+00:00
cds_kr_5y,2010-09-03,2010-09-03,113.0,,117.0,worldgovernmentbonds,2026-08-01T18:05:45+00:00
cds_kr_5y,2010-09-06,2010-09-06,113.0,,113.0,worldgovernmentbonds,2026-08-01T18:05:45+00:00
cds_kr_5y,2010-09-07,2010-09-07,108.0,,113.0,worldgovernmentbonds,2026-08-01T18:05:45+00:00
cds_kr_5y,2010-09-08,2010-09-08,115.0,,108.0,worldgovernmentbonds,2026-08-01T18:05:45+00:00
cds_kr_5y,2010-09-09,2010-09-09,113.0,,115.0,worldgovernmentbonds,2026-08-01T18:05:45+00:00
cds_kr_5y,2010-09-10,2010-09-10,110.0,,113.0,worldgovernmentbonds,2026-08-01T18:05:45+00:00
cds_kr_5y,2010-09-13,2010-09-13,105.0,,110.0,worldgovernmentbonds,2026-08-01T18:05:45+00:00
cds_kr_5y,2010-09-14,2010-09-14,105.0,,105.0,worldgovernmentbonds,2026-08-01T18:05:45+00:00
cds_kr_5y,2010-09-15,2010-09-15,107.0,,105.0,worldgovernmentbonds,2026-08-01T18:05:45+00:00
cds_kr_5y,2010-09-16,2010-09-16,109.0,,107.0,worldgovernmentbonds,2026-08-01T18:05:45+00:00
cds_kr_5y,2010-09-17,2010-09-17,105.0,,109.0,worldgovernmentbonds,2026-08-01T18:05:45+00:00
cds_kr_5y,2010-09-20,2010-09-20,106.0,,105.0,worldgovernmentbonds,2026-08-01T18:05:45+00:00
cds_kr_5y,2010-09-21,2010-09-21,105.0,,106.0,worldgovernmentbonds,2026-08-01T18:05:45+00:00
cds_kr_5y,2010-09-22,2010-09-22,103.0,,105.0,worldgovernmentbonds,2026-08-01T18:05:45+00:00
cds_kr_5y,2010-09-23,2010-09-23,103.0,,103.0,worldgovernmentbonds,2026-08-01T18:05:45+00:00
cds_kr_5y,2010-09-24,2010-09-24,104.0,,103.0,worldgovernmentbonds,2026-08-01T18:05:45+00:00
cds_kr_5y,2010-09-27,2010-09-27,102.0,,104.0,worldgovernmentbonds,2026-08-01T18:05:45+00:00
cds_kr_5y,2010-09-28,2010-09-28,102.0,,102.0,worldgovernmentbonds,2026-08-01T18:05:45+00:00
cds_kr_5y,2010-09-29,2010-09-29,102.0,,102.0,worldgovernmentbonds,2026-08-01T18:05:45+00:00
cds_kr_5y,2010-09-30,2010-09-30,100.0,,102.0,worldgovernmentbonds,2026-08-01T18:05:45+00:00
cds_kr_5y,2010-10-01,2010-10-01,100.5,,100.0,worldgovernmentbonds,2026-08-01T18:05:45+00:00
cds_kr_5y,2010-10-04,2010-10-04,98.0,,100.5,worldgovernmentbonds,2026-08-01T18:05:45+00:00
cds_kr_5y,2010-10-05,2010-10-05,97.0,,98.0,worldgovernmentbonds,2026-08-01T18:05:45+00:00
cds_kr_5y,2010-10-06,2010-10-06,92.0,,97.0,worldgovernmentbonds,2026-08-01T18:05:45+00:00
cds_kr_5y,2010-10-07,2010-10-07,87.0,,92.0,worldgovernmentbonds,2026-08-01T18:05:45+00:00
cds_kr_5y,2010-10-08,2010-10-08,85.0,,87.0,worldgovernmentbonds,2026-08-01T18:05:45+00:00
cds_kr_5y,2010-10-11,2010-10-11,84.0,,85.0,worldgovernmentbonds,2026-08-01T18:05:45+00:00
cds_kr_5y,2010-10-12,2010-10-12,83.0,,84.0,worldgovernmentbonds,2026-08-01T18:05:45+00:00
cds_kr_5y,2010-10-13,2010-10-13,82.0,,83.0,worldgovernmentbonds,2026-08-01T18:05:45+00:00
cds_kr_5y,2010-10-14,2010-10-14,78.0,,82.0,worldgovernmentbonds,2026-08-01T18:05:45+00:00
cds_kr_5y,2010-10-15,2010-10-15,79.0,,78.0,worldgovernmentbonds,2026-08-01T18:05:45+00:00
cds_kr_5y,2010-10-18,2010-10-18,83.0,,79.0,worldgovernmentbonds,2026-08-01T18:05:45+00:00
cds_kr_5y,2010-10-19,2010-10-19,83.0,,83.0,worldgovernmentbonds,2026-08-01T18:05:45+00:00
cds_kr_5y,2010-10-20,2010-10-20,83.0,,83.0,worldgovernmentbonds,2026-08-01T18:05:45+00:00
cds_kr_5y,2010-10-21,2010-10-21,79.0,,83.0,worldgovernmentbonds,2026-08-01T18:05:45+00:00
cds_kr_5y,2010-10-22,2010-10-22,79.0,,79.0,worldgovernmentbonds,2026-08-01T18:05:45+00:00
cds_kr_5y,2010-10-25,2010-10-25,78.5,,79.0,worldgovernmentbonds,2026-08-01T18:05:45+00:00
cds_kr_5y,2010-10-26,2010-10-26,76.0,,78.5,worldgovernmentbonds,2026-08-01T18:05:45+00:00
cds_kr_5y,2010-10-27,2010-10-27,77.0,,76.0,worldgovernmentbonds,2026-08-01T18:05:45+00:00
cds_kr_5y,2010-10-28,2010-10-28,78.0,,77.0,worldgovernmentbonds,2026-08-01T18:05:45+00:00
cds_kr_5y,2010-10-29,2010-10-29,80.0,,78.0,worldgovernmentbonds,2026-08-01T18:05:45+00:00
cds_kr_5y,2010-11-01,2010-11-01,81.0,,80.0,worldgovernmentbonds,2026-08-01T18:05:45+00:00
cds_kr_5y,2010-11-02,2010-11-02,80.0,,81.0,worldgovernmentbonds,2026-08-01T18:05:45+00:00
cds_kr_5y,2010-11-03,2010-11-03,80.0,,80.0,worldgovernmentbonds,2026-08-01T18:05:45+00:00
cds_kr_5y,2010-11-04,2010-11-04,79.0,,80.0,worldgovernmentbonds,2026-08-01T18:05:45+00:00
cds_kr_5y,2010-11-05,2010-11-05,74.0,,79.0,worldgovernmentbonds,2026-08-01T18:05:45+00:00
cds_kr_5y,2010-11-08,2010-11-08,76.0,,74.0,worldgovernmentbonds,2026-08-01T18:05:45+00:00
cds_kr_5y,2010-11-09,2010-11-09,79.0,,76.0,worldgovernmentbonds,2026-08-01T18:05:45+00:00
cds_kr_5y,2010-11-10,2010-11-10,81.0,,79.0,worldgovernmentbonds,2026-08-01T18:05:45+00:00
cds_kr_5y,2010-11-11,2010-11-11,81.0,,81.0,worldgovernmentbonds,2026-08-01T18:05:45+00:00
cds_kr_5y,2010-11-12,2010-11-12,89.0,,81.0,worldgovernmentbonds,2026-08-01T18:05:45+00:00
cds_kr_5y,2010-11-15,2010-11-15,85.0,,89.0,worldgovernmentbonds,2026-08-01T18:05:45+00:00
cds_kr_5y,2010-11-16,2010-11-16,89.0,,85.0,worldgovernmentbonds,2026-08-01T18:05:45+00:00
cds_kr_5y,2010-11-17,2010-11-17,92.0,,89.0,worldgovernmentbonds,2026-08-01T18:05:45+00:00
cds_kr_5y,2010-11-18,2010-11-18,88.0,,92.0,worldgovernmentbonds,2026-08-01T18:05:45+00:00
cds_kr_5y,2010-11-19,2010-11-19,87.0,,88.0,worldgovernmentbonds,2026-08-01T18:05:45+00:00
cds_kr_5y,2010-11-22,2010-11-22,86.0,,87.0,worldgovernmentbonds,2026-08-01T18:05:45+00:00
cds_kr_5y,2010-11-23,2010-11-23,98.0,,86.0,worldgovernmentbonds,2026-08-01T18:05:45+00:00
cds_kr_5y,2010-11-24,2010-11-24,98.5,,98.0,worldgovernmentbonds,2026-08-01T18:05:45+00:00
cds_kr_5y,2010-11-25,2010-11-25,98.5,,98.5,worldgovernmentbonds,2026-08-01T18:05:45+00:00
cds_kr_5y,2010-11-26,2010-11-26,98.0,,98.5,worldgovernmentbonds,2026-08-01T18:05:45+00:00
cds_kr_5y,2010-11-29,2010-11-29,110.0,,98.0,worldgovernmentbonds,2026-08-01T18:05:45+00:00
cds_kr_5y,2010-11-30,2010-11-30,121.0,,110.0,worldgovernmentbonds,2026-08-01T18:05:45+00:00
cds_kr_5y,2010-12-01,2010-12-01,121.0,,121.0,worldgovernmentbonds,2026-08-01T18:05:45+00:00
cds_kr_5y,2010-12-02,2010-12-02,113.0,,121.0,worldgovernmentbonds,2026-08-01T18:05:45+00:00
cds_kr_5y,2010-12-03,2010-12-03,108.0,,113.0,worldgovernmentbonds,2026-08-01T18:05:45+00:00
cds_kr_5y,2010-12-06,2010-12-06,108.0,,108.0,worldgovernmentbonds,2026-08-01T18:05:45+00:00
cds_kr_5y,2010-12-07,2010-12-07,107.0,,108.0,worldgovernmentbonds,2026-08-01T18:05:45+00:00
cds_kr_5y,2010-12-08,2010-12-08,102.0,,107.0,worldgovernmentbonds,2026-08-01T18:05:45+00:00
cds_kr_5y,2010-12-09,2010-12-09,102.0,,102.0,worldgovernmentbonds,2026-08-01T18:05:45+00:00
cds_kr_5y,2010-12-10,2010-12-10,98.0,,102.0,worldgovernmentbonds,2026-08-01T18:05:45+00:00
cds_kr_5y,2010-12-13,2010-12-13,96.5,,98.0,worldgovernmentbonds,2026-08-01T18:05:45+00:00
cds_kr_5y,2010-12-14,2010-12-14,94.0,,96.5,worldgovernmentbonds,2026-08-01T18:05:45+00:00
cds_kr_5y,2010-12-15,2010-12-15,89.0,,94.0,worldgovernmentbonds,2026-08-01T18:05:45+00:00
cds_kr_5y,2010-12-16,2010-12-16,91.0,,89.0,worldgovernmentbonds,2026-08-01T18:05:45+00:00
cds_kr_5y,2010-12-17,2010-12-17,91.0,,91.0,worldgovernmentbonds,2026-08-01T18:05:45+00:00
cds_kr_5y,2010-12-20,2010-12-20,100.0,,91.0,worldgovernmentbonds,2026-08-01T18:05:45+00:00
cds_kr_5y,2010-12-21,2010-12-21,98.0,,100.0,worldgovernmentbonds,2026-08-01T18:05:45+00:00
cds_kr_5y,2010-12-22,2010-12-22,97.5,,98.0,worldgovernmentbonds,2026-08-01T18:05:45+00:00
cds_kr_5y,2010-12-23,2010-12-23,97.5,,97.5,worldgovernmentbonds,2026-08-01T18:05:45+00:00
cds_kr_5y,2010-12-24,2010-12-24,97.5,,97.5,worldgovernmentbonds,2026-08-01T18:05:45+00:00
cds_kr_5y,2010-12-27,2010-12-27,97.5,,97.5,worldgovernmentbonds,2026-08-01T18:05:45+00:00
cds_kr_5y,2010-12-28,2010-12-28,97.5,,97.5,worldgovernmentbonds,2026-08-01T18:05:45+00:00
cds_kr_5y,2010-12-29,2010-12-29,97.5,,97.5,worldgovernmentbonds,2026-08-01T18:05:45+00:00
cds_kr_5y,2010-12-30,2010-12-30,97.5,,97.5,worldgovernmentbonds,2026-08-01T18:05:45+00:00
cds_kr_5y,2010-12-31,2010-12-31,97.5,,97.5,worldgovernmentbonds,2026-08-01T18:05:45+00:00
cds_kr_5y,2011-01-03,2011-01-03,97.5,,97.5,worldgovernmentbonds,2026-08-01T18:05:45+00:00
cds_kr_5y,2011-01-04,2011-01-04,91.0,,97.5,worldgovernmentbonds,2026-08-01T18:05:45+00:00
cds_kr_5y,2011-01-05,2011-01-05,93.0,,91.0,worldgovernmentbonds,2026-08-01T18:05:45+00:00
cds_kr_5y,2011-01-06,2011-01-06,93.0,,93.0,worldgovernmentbonds,2026-08-01T18:05:45+00:00
cds_kr_5y,2011-01-07,2011-01-07,95.0,,93.0,worldgovernmentbonds,2026-08-01T18:05:45+00:00
cds_kr_5y,2011-01-10,2011-01-10,100.0,,95.0,worldgovernmentbonds,2026-08-01T18:05:45+00:00
cds_kr_5y,2011-01-11,2011-01-11,102.5,,100.0,worldgovernmentbonds,2026-08-01T18:05:45+00:00
cds_kr_5y,2011-01-12,2011-01-12,99.0,,102.5,worldgovernmentbonds,2026-08-01T18:05:45+00:00
cds_kr_5y,2011-01-13,2011-01-13,98.0,,99.0,worldgovernmentbonds,2026-08-01T18:05:45+00:00
cds_kr_5y,2011-01-14,2011-01-14,98.0,,98.0,worldgovernmentbonds,2026-08-01T18:05:45+00:00
cds_kr_5y,2011-01-17,2011-01-17,98.0,,98.0,worldgovernmentbonds,2026-08-01T18:05:45+00:00
cds_kr_5y,2011-01-18,2011-01-18,99.0,,98.0,worldgovernmentbonds,2026-08-01T18:05:45+00:00
cds_kr_5y,2011-01-19,2011-01-19,97.0,,99.0,worldgovernmentbonds,2026-08-01T18:05:45+00:00
cds_kr_5y,2011-01-20,2011-01-20,97.0,,97.0,worldgovernmentbonds,2026-08-01T18:05:45+00:00
cds_kr_5y,2011-01-21,2011-01-21,100.0,,97.0,worldgovernmentbonds,2026-08-01T18:05:45+00:00
cds_kr_5y,2011-01-24,2011-01-24,100.0,,100.0,worldgovernmentbonds,2026-08-01T18:05:45+00:00
cds_kr_5y,2011-01-25,2011-01-25,97.0,,100.0,worldgovernmentbonds,2026-08-01T18:05:45+00:00
cds_kr_5y,2011-01-26,2011-01-26,99.0,,97.0,worldgovernmentbonds,2026-08-01T18:05:45+00:00
cds_kr_5y,2011-01-27,2011-01-27,99.0,,99.0,worldgovernmentbonds,2026-08-01T18:05:45+00:00
cds_kr_5y,2011-01-28,2011-01-28,100.0,,99.0,worldgovernmentbonds,2026-08-01T18:05:45+00:00
cds_kr_5y,2011-01-31,2011-01-31,105.0,,100.0,worldgovernmentbonds,2026-08-01T18:05:45+00:00
cds_kr_5y,2011-02-01,2011-02-01,100.0,,105.0,worldgovernmentbonds,2026-08-01T18:05:45+00:00
cds_kr_5y,2011-02-02,2011-02-02,97.0,,100.0,worldgovernmentbonds,2026-08-01T18:05:45+00:00
cds_kr_5y,2011-02-03,2011-02-03,97.0,,97.0,worldgovernmentbonds,2026-08-01T18:05:45+00:00
cds_kr_5y,2011-02-04,2011-02-04,97.0,,97.0,worldgovernmentbonds,2026-08-01T18:05:45+00:00
cds_kr_5y,2011-02-07,2011-02-07,98.5,,97.0,worldgovernmentbonds,2026-08-01T18:05:45+00:00
cds_kr_5y,2011-02-08,2011-02-08,97.0,,98.5,worldgovernmentbonds,2026-08-01T18:05:45+00:00
cds_kr_5y,2011-02-09,2011-02-09,97.5,,97.0,worldgovernmentbonds,2026-08-01T18:05:45+00:00
cds_kr_5y,2011-02-10,2011-02-10,99.0,,97.5,worldgovernmentbonds,2026-08-01T18:05:45+00:00
cds_kr_5y,2011-02-11,2011-02-11,102.0,,99.0,worldgovernmentbonds,2026-08-01T18:05:45+00:00
cds_kr_5y,2011-02-14,2011-02-14,99.5,,102.0,worldgovernmentbonds,2026-08-01T18:05:45+00:00
cds_kr_5y,2011-02-15,2011-02-15,101.01,,99.5,worldgovernmentbonds,2026-08-01T18:05:45+00:00
cds_kr_5y,2011-02-16,2011-02-16,100.07,,101.01,worldgovernmentbonds,2026-08-01T18:05:45+00:00
cds_kr_5y,2011-02-17,2011-02-17,98.58,,100.07,worldgovernmentbonds,2026-08-01T18:05:45+00:00
cds_kr_5y,2011-02-18,2011-02-18,98.11,,98.58,worldgovernmentbonds,2026-08-01T18:05:45+00:00
cds_kr_5y,2011-02-21,2011-02-21,98.75,,98.11,worldgovernmentbonds,2026-08-01T18:05:45+00:00
cds_kr_5y,2011-02-22,2011-02-22,100.08,,98.75,worldgovernmentbonds,2026-08-01T18:05:45+00:00
cds_kr_5y,2011-02-23,2011-02-23,101.09,,100.08,worldgovernmentbonds,2026-08-01T18:05:45+00:00
cds_kr_5y,2011-02-24,2011-02-24,102.43,,101.09,worldgovernmentbonds,2026-08-01T18:05:45+00:00
cds_kr_5y,2011-02-25,2011-02-25,101.17,,102.43,worldgovernmentbonds,2026-08-01T18:05:45+00:00
cds_kr_5y,2011-02-28,2011-02-28,102.18,,101.17,worldgovernmentbonds,2026-08-01T18:05:45+00:00
cds_kr_5y,2011-03-01,2011-03-01,101.48,,102.18,worldgovernmentbonds,2026-08-01T18:05:45+00:00
cds_kr_5y,2011-03-02,2011-03-02,102.22,,101.48,worldgovernmentbonds,2026-08-01T18:05:45+00:00
cds_kr_5y,2011-03-03,2011-03-03,101.82,,102.22,worldgovernmentbonds,2026-08-01T18:05:45+00:00
cds_kr_5y,2011-03-04,2011-03-04,99.28,,101.82,worldgovernmentbonds,2026-08-01T18:05:45+00:00
cds_kr_5y,2011-03-07,2011-03-07,101.21,,99.28,worldgovernmentbonds,2026-08-01T18:05:45+00:00
cds_kr_5y,2011-03-08,2011-03-08,100.88,,101.21,worldgovernmentbonds,2026-08-01T18:05:45+00:00
cds_kr_5y,2011-03-09,2011-03-09,99.9,,100.88,worldgovernmentbonds,2026-08-01T18:05:45+00:00
cds_kr_5y,2011-03-10,2011-03-10,98.88,,99.9,worldgovernmentbonds,2026-08-01T18:05:45+00:00
cds_kr_5y,2011-03-11,2011-03-11,100.22,,98.88,worldgovernmentbonds,2026-08-01T18:05:45+00:00
cds_kr_5y,2011-03-14,2011-03-14,102.88,,100.22,worldgovernmentbonds,2026-08-01T18:05:45+00:00
cds_kr_5y,2011-03-15,2011-03-15,113.26,,102.88,worldgovernmentbonds,2026-08-01T18:05:45+00:00
cds_kr_5y,2011-03-16,2011-03-16,105.39,,113.26,worldgovernmentbonds,2026-08-01T18:05:45+00:00
cds_kr_5y,2011-03-17,2011-03-17,105.39,,105.39,worldgovernmentbonds,2026-08-01T18:05:45+00:00
cds_kr_5y,2011-03-18,2011-03-18,102.94,,105.39,worldgovernmentbonds,2026-08-01T18:05:45+00:00
cds_kr_5y,2011-03-21,2011-03-21,101.6,,102.94,worldgovernmentbonds,2026-08-01T18:05:45+00:00
cds_kr_5y,2011-03-22,2011-03-22,102.4,,101.6,worldgovernmentbonds,2026-08-01T18:05:45+00:00
cds_kr_5y,2011-03-23,2011-03-23,103.0,,102.4,worldgovernmentbonds,2026-08-01T18:05:45+00:00
cds_kr_5y,2011-03-24,2011-03-24,104.62,,103.0,worldgovernmentbonds,2026-08-01T18:05:45+00:00
cds_kr_5y,2011-03-25,2011-03-25,103.06,,104.62,worldgovernmentbonds,2026-08-01T18:05:45+00:00
cds_kr_5y,2011-03-28,2011-03-28,102.12,,103.06,worldgovernmentbonds,2026-08-01T18:05:45+00:00
cds_kr_5y,2011-03-29,2011-03-29,102.63,,102.12,worldgovernmentbonds,2026-08-01T18:05:45+00:00
cds_kr_5y,2011-03-30,2011-03-30,101.78,,102.63,worldgovernmentbonds,2026-08-01T18:05:45+00:00
cds_kr_5y,2011-03-31,2011-03-31,98.8,,101.78,worldgovernmentbonds,2026-08-01T18:05:45+00:00
cds_kr_5y,2011-04-01,2011-04-01,97.73,,98.8,worldgovernmentbonds,2026-08-01T18:05:45+00:00
cds_kr_5y,2011-04-04,2011-04-04,94.8,,97.73,worldgovernmentbonds,2026-08-01T18:05:45+00:00
cds_kr_5y,2011-04-05,2011-04-05,94.8,,94.8,worldgovernmentbonds,2026-08-01T18:05:45+00:00
cds_kr_5y,2011-04-06,2011-04-06,94.34,,94.8,worldgovernmentbonds,2026-08-01T18:05:45+00:00
cds_kr_5y,2011-04-07,2011-04-07,93.86,,94.34,worldgovernmentbonds,2026-08-01T18:05:45+00:00
cds_kr_5y,2011-04-08,2011-04-08,94.86,,93.86,worldgovernmentbonds,2026-08-01T18:05:45+00:00
cds_kr_5y,2011-04-11,2011-04-11,94.93,,94.86,worldgovernmentbonds,2026-08-01T18:05:45+00:00
cds_kr_5y,2011-04-12,2011-04-12,96.95,,94.93,worldgovernmentbonds,2026-08-01T18:05:45+00:00
cds_kr_5y,2011-04-13,2011-04-13,96.96,,96.95,worldgovernmentbonds,2026-08-01T18:05:45+00:00
cds_kr_5y,2011-04-14,2011-04-14,98.63,,96.96,worldgovernmentbonds,2026-08-01T18:05:45+00:00
cds_kr_5y,2011-04-15,2011-04-15,98.95,,98.63,worldgovernmentbonds,2026-08-01T18:05:45+00:00
cds_kr_5y,2011-04-18,2011-04-18,99.0,,98.95,worldgovernmentbonds,2026-08-01T18:05:45+00:00
cds_kr_5y,2011-04-19,2011-04-19,100.0,,99.0,worldgovernmentbonds,2026-08-01T18:05:45+00:00
cds_kr_5y,2011-04-20,2011-04-20,99.54,,100.0,worldgovernmentbonds,2026-08-01T18:05:45+00:00
cds_kr_5y,2011-04-21,2011-04-21,99.05,,99.54,worldgovernmentbonds,2026-08-01T18:05:45+00:00
cds_kr_5y,2011-04-22,2011-04-22,99.05,,99.05,worldgovernmentbonds,2026-08-01T18:05:45+00:00
cds_kr_5y,2011-04-25,2011-04-25,99.05,,99.05,worldgovernmentbonds,2026-08-01T18:05:45+00:00
cds_kr_5y,2011-04-26,2011-04-26,97.64,,99.05,worldgovernmentbonds,2026-08-01T18:05:45+00:00
cds_kr_5y,2011-04-27,2011-04-27,96.66,,97.64,worldgovernmentbonds,2026-08-01T18:05:45+00:00
cds_kr_5y,2011-04-28,2011-04-28,96.19,,96.66,worldgovernmentbonds,2026-08-01T18:05:45+00:00
cds_kr_5y,2011-04-29,2011-04-29,95.21,,96.19,worldgovernmentbonds,2026-08-01T18:05:45+00:00
cds_kr_5y,2011-05-02,2011-05-02,95.21,,95.21,worldgovernmentbonds,2026-08-01T18:05:45+00:00
cds_kr_5y,2011-05-03,2011-05-03,96.53,,95.21,worldgovernmentbonds,2026-08-01T18:05:45+00:00
cds_kr_5y,2011-05-04,2011-05-04,96.28,,96.53,worldgovernmentbonds,2026-08-01T18:05:45+00:00
cds_kr_5y,2011-05-05,2011-05-05,96.74,,96.28,worldgovernmentbonds,2026-08-01T18:05:45+00:00
cds_kr_5y,2011-05-06,2011-05-06,96.76,,96.74,worldgovernmentbonds,2026-08-01T18:05:45+00:00
cds_kr_5y,2011-05-09,2011-05-09,96.83,,96.76,worldgovernmentbonds,2026-08-01T18:05:45+00:00
cds_kr_5y,2011-05-10,2011-05-10,96.83,,96.83,worldgovernmentbonds,2026-08-01T18:05:45+00:00
cds_kr_5y,2011-05-11,2011-05-11,96.57,,96.83,worldgovernmentbonds,2026-08-01T18:05:45+00:00
cds_kr_5y,2011-05-12,2011-05-12,97.24,,96.57,worldgovernmentbonds,2026-08-01T18:05:45+00:00
cds_kr_5y,2011-05-13,2011-05-13,96.92,,97.24,worldgovernmentbonds,2026-08-01T18:05:45+00:00
cds_kr_5y,2011-05-16,2011-05-16,96.95,,96.92,worldgovernmentbonds,2026-08-01T18:05:45+00:00
cds_kr_5y,2011-05-17,2011-05-17,96.96,,96.95,worldgovernmentbonds,2026-08-01T18:05:45+00:00
cds_kr_5y,2011-05-18,2011-05-18,96.65,,96.96,worldgovernmentbonds,2026-08-01T18:05:45+00:00
cds_kr_5y,2011-05-19,2011-05-19,95.5,,96.65,worldgovernmentbonds,2026-08-01T18:05:45+00:00
cds_kr_5y,2011-05-20,2011-05-20,95.01,,95.5,worldgovernmentbonds,2026-08-01T18:05:45+00:00
cds_kr_5y,2011-05-23,2011-05-23,95.87,,95.01,worldgovernmentbonds,2026-08-01T18:05:45+00:00
cds_kr_5y,2011-05-24,2011-05-24,97.37,,95.87,worldgovernmentbonds,2026-08-01T18:05:45+00:00
cds_kr_5y,2011-05-25,2011-05-25,97.88,,97.37,worldgovernmentbonds,2026-08-01T18:05:45+00:00
cds_kr_5y,2011-05-26,2011-05-26,97.59,,97.88,worldgovernmentbonds,2026-08-01T18:05:45+00:00
cds_kr_5y,2011-05-27,2011-05-27,98.07,,97.59,worldgovernmentbonds,2026-08-01T18:05:45+00:00
cds_kr_5y,2011-05-30,2011-05-30,98.12,,98.07,worldgovernmentbonds,2026-08-01T18:05:45+00:00
cds_kr_5y,2011-05-31,2011-05-31,97.12,,98.12,worldgovernmentbonds,2026-08-01T18:05:45+00:00
cds_kr_5y,2011-06-01,2011-06-01,96.2,,97.12,worldgovernmentbonds,2026-08-01T18:05:45+00:00
cds_kr_5y,2011-06-02,2011-06-02,96.72,,96.2,worldgovernmentbonds,2026-08-01T18:05:45+00:00
cds_kr_5y,2011-06-03,2011-06-03,97.14,,96.72,worldgovernmentbonds,2026-08-01T18:05:45+00:00
cds_kr_5y,2011-06-06,2011-06-06,97.2,,97.14,worldgovernmentbonds,2026-08-01T18:05:45+00:00
cds_kr_5y,2011-06-07,2011-06-07,97.69,,97.2,worldgovernmentbonds,2026-08-01T18:05:45+00:00
cds_kr_5y,2011-06-08,2011-06-08,97.54,,97.69,worldgovernmentbonds,2026-08-01T18:05:45+00:00
cds_kr_5y,2011-06-09,2011-06-09,98.3,,97.54,worldgovernmentbonds,2026-08-01T18:05:45+00:00
cds_kr_5y,2011-06-10,2011-06-10,98.88,,98.3,worldgovernmentbonds,2026-08-01T18:05:45+00:00
cds_kr_5y,2011-06-13,2011-06-13,98.93,,98.88,worldgovernmentbonds,2026-08-01T18:05:45+00:00
cds_kr_5y,2011-06-14,2011-06-14,98.93,,98.93,worldgovernmentbonds,2026-08-01T18:05:45+00:00
cds_kr_5y,2011-06-15,2011-06-15,97.93,,98.93,worldgovernmentbonds,2026-08-01T18:05:45+00:00
cds_kr_5y,2011-06-16,2011-06-16,98.61,,97.93,worldgovernmentbonds,2026-08-01T18:05:45+00:00
cds_kr_5y,2011-06-17,2011-06-17,97.98,,98.61,worldgovernmentbonds,2026-08-01T18:05:45+00:00
cds_kr_5y,2011-06-20,2011-06-20,98.53,,97.98,worldgovernmentbonds,2026-08-01T18:05:45+00:00
cds_kr_5y,2011-06-21,2011-06-21,99.87,,98.53,worldgovernmentbonds,2026-08-01T18:05:45+00:00
cds_kr_5y,2011-06-22,2011-06-22,99.83,,99.87,worldgovernmentbonds,2026-08-01T18:05:45+00:00
cds_kr_5y,2011-06-23,2011-06-23,103.81,,99.83,worldgovernmentbonds,2026-08-01T18:05:45+00:00
cds_kr_5y,2011-06-24,2011-06-24,104.32,,103.81,worldgovernmentbonds,2026-08-01T18:05:45+00:00
cds_kr_5y,2011-06-27,2011-06-27,105.36,,104.32,worldgovernmentbonds,2026-08-01T18:05:45+00:00
cds_kr_5y,2011-06-28,2011-06-28,104.89,,105.36,worldgovernmentbonds,2026-08-01T18:05:45+00:00
cds_kr_5y,2011-06-29,2011-06-29,104.42,,104.89,worldgovernmentbonds,2026-08-01T18:05:45+00:00
cds_kr_5y,2011-06-30,2011-06-30,102.96,,104.42,worldgovernmentbonds,2026-08-01T18:05:45+00:00
cds_kr_5y,2011-07-01,2011-07-01,102.96,,102.96,worldgovernmentbonds,2026-08-01T18:05:45+00:00
cds_kr_5y,2011-07-04,2011-07-04,97.09,,102.96,worldgovernmentbonds,2026-08-01T18:05:45+00:00
cds_kr_5y,2011-07-05,2011-07-05,97.62,,97.09,worldgovernmentbonds,2026-08-01T18:05:45+00:00
cds_kr_5y,2011-07-06,2011-07-06,98.61,,97.62,worldgovernmentbonds,2026-08-01T18:05:45+00:00
cds_kr_5y,2011-07-07,2011-07-07,98.64,,98.61,worldgovernmentbonds,2026-08-01T18:05:45+00:00
cds_kr_5y,2011-07-08,2011-07-08,98.64,,98.64,worldgovernmentbonds,2026-08-01T18:05:45+00:00
cds_kr_5y,2011-07-11,2011-07-11,102.3,,98.64,worldgovernmentbonds,2026-08-01T18:05:45+00:00
cds_kr_5y,2011-07-12,2011-07-12,108.41,,102.3,worldgovernmentbonds,2026-08-01T18:05:45+00:00
cds_kr_5y,2011-07-13,2011-07-13,104.8,,108.41,worldgovernmentbonds,2026-08-01T18:05:45+00:00
cds_kr_5y,2011-07-14,2011-07-14,103.72,,104.8,worldgovernmentbonds,2026-08-01T18:05:45+00:00
cds_kr_5y,2011-07-15,2011-07-15,103.25,,103.72,worldgovernmentbonds,2026-08-01T18:05:45+00:00
cds_kr_5y,2011-07-18,2011-07-18,105.76,,103.25,worldgovernmentbonds,2026-08-01T18:05:45+00:00
cds_kr_5y,2011-07-19,2011-07-19,107.76,,105.76,worldgovernmentbonds,2026-08-01T18:05:45+00:00
cds_kr_5y,2011-07-20,2011-07-20,107.2,,107.76,worldgovernmentbonds,2026-08-01T18:05:45+00:00
cds_kr_5y,2011-07-21,2011-07-21,104.34,,107.2,worldgovernmentbonds,2026-08-01T18:05:45+00:00
cds_kr_5y,2011-07-22,2011-07-22,101.39,,104.34,worldgovernmentbonds,2026-08-01T18:05:45+00:00
cds_kr_5y,2011-07-25,2011-07-25,102.92,,101.39,worldgovernmentbonds,2026-08-01T18:05:45+00:00
cds_kr_5y,2011-07-26,2011-07-26,103.96,,102.92,worldgovernmentbonds,2026-08-01T18:05:45+00:00
cds_kr_5y,2011-07-27,2011-07-27,102.47,,103.96,worldgovernmentbonds,2026-08-01T18:05:45+00:00
cds_kr_5y,2011-07-28,2011-07-28,102.0,,102.47,worldgovernmentbonds,2026-08-01T18:05:45+00:00
cds_kr_5y,2011-07-29,2011-07-29,101.52,,102.0,worldgovernmentbonds,2026-08-01T18:05:45+00:00
cds_kr_5y,2011-08-01,2011-08-01,100.58,,101.52,worldgovernmentbonds,2026-08-01T18:05:45+00:00
cds_kr_5y,2011-08-02,2011-08-02,102.4,,100.58,worldgovernmentbonds,2026-08-01T18:05:45+00:00
cds_kr_5y,2011-08-03,2011-08-03,105.72,,102.4,worldgovernmentbonds,2026-08-01T18:05:45+00:00
cds_kr_5y,2011-08-04,2011-08-04,104.61,,105.72,worldgovernmentbonds,2026-08-01T18:05:45+00:00
cds_kr_5y,2011-08-05,2011-08-05,117.98,,104.61,worldgovernmentbonds,2026-08-01T18:05:45+00:00
cds_kr_5y,2011-08-08,2011-08-08,119.55,,117.98,worldgovernmentbonds,2026-08-01T18:05:45+00:00
cds_kr_5y,2011-08-09,2011-08-09,133.39,,119.55,worldgovernmentbonds,2026-08-01T18:05:45+00:00
cds_kr_5y,2011-08-10,2011-08-10,123.48,,133.39,worldgovernmentbonds,2026-08-01T18:05:45+00:00
cds_kr_5y,2011-08-11,2011-08-11,134.39,,123.48,worldgovernmentbonds,2026-08-01T18:05:45+00:00
cds_kr_5y,2011-08-12,2011-08-12,139.82,,134.39,worldgovernmentbonds,2026-08-01T18:05:45+00:00
cds_kr_5y,2011-08-15,2011-08-15,132.49,,139.82,worldgovernmentbonds,2026-08-01T18:05:45+00:00
cds_kr_5y,2011-08-16,2011-08-16,126.08,,132.49,worldgovernmentbonds,2026-08-01T18:05:45+00:00
cds_kr_5y,2011-08-17,2011-08-17,128.07,,126.08,worldgovernmentbonds,2026-08-01T18:05:45+00:00
cds_kr_5y,2011-08-18,2011-08-18,123.62,,128.07,worldgovernmentbonds,2026-08-01T18:05:45+00:00
cds_kr_5y,2011-08-19,2011-08-19,132.06,,123.62,worldgovernmentbonds,2026-08-01T18:05:45+00:00
cds_kr_5y,2011-08-22,2011-08-22,132.6,,132.06,worldgovernmentbonds,2026-08-01T18:05:45+00:00
cds_kr_5y,2011-08-23,2011-08-23,136.09,,132.6,worldgovernmentbonds,2026-08-01T18:05:45+00:00
cds_kr_5y,2011-08-24,2011-08-24,144.02,,136.09,worldgovernmentbonds,2026-08-01T18:05:45+00:00
cds_kr_5y,2011-08-25,2011-08-25,139.58,,144.02,worldgovernmentbonds,2026-08-01T18:05:45+00:00
cds_kr_5y,2011-08-26,2011-08-26,140.57,,139.58,worldgovernmentbonds,2026-08-01T18:05:45+00:00
cds_kr_5y,2011-08-29,2011-08-29,140.57,,140.57,worldgovernmentbonds,2026-08-01T18:05:45+00:00
cds_kr_5y,2011-08-30,2011-08-30,138.07,,140.57,worldgovernmentbonds,2026-08-01T18:05:45+00:00
cds_kr_5y,2011-08-31,2011-08-31,135.57,,138.07,worldgovernmentbonds,2026-08-01T18:05:45+00:00
cds_kr_5y,2011-09-01,2011-09-01,131.57,,135.57,worldgovernmentbonds,2026-08-01T18:05:45+00:00
cds_kr_5y,2011-09-02,2011-09-02,135.07,,131.57,worldgovernmentbonds,2026-08-01T18:05:45+00:00
cds_kr_5y,2011-09-05,2011-09-05,136.72,,135.07,worldgovernmentbonds,2026-08-01T18:05:45+00:00
cds_kr_5y,2011-09-06,2011-09-06,143.15,,136.72,worldgovernmentbonds,2026-08-01T18:05:45+00:00
cds_kr_5y,2011-09-07,2011-09-07,136.55,,143.15,worldgovernmentbonds,2026-08-01T18:05:45+00:00
cds_kr_5y,2011-09-08,2011-09-08,137.35,,136.55,worldgovernmentbonds,2026-08-01T18:05:45+00:00
cds_kr_5y,2011-09-09,2011-09-09,135.87,,137.35,worldgovernmentbonds,2026-08-01T18:05:45+00:00
cds_kr_5y,2011-09-12,2011-09-12,151.69,,135.87,worldgovernmentbonds,2026-08-01T18:05:45+00:00
cds_kr_5y,2011-09-13,2011-09-13,151.69,,151.69,worldgovernmentbonds,2026-08-01T18:05:45+00:00
cds_kr_5y,2011-09-14,2011-09-14,152.21,,151.69,worldgovernmentbonds,2026-08-01T18:05:45+00:00
cds_kr_5y,2011-09-15,2011-09-15,156.72,,152.21,worldgovernmentbonds,2026-08-01T18:05:45+00:00
cds_kr_5y,2011-09-16,2011-09-16,156.72,,156.72,worldgovernmentbonds,2026-08-01T18:05:45+00:00
cds_kr_5y,2011-09-19,2011-09-19,156.72,,156.72,worldgovernmentbonds,2026-08-01T18:05:45+00:00
cds_kr_5y,2011-09-20,2011-09-20,162.0,,156.72,worldgovernmentbonds,2026-08-01T18:05:45+00:00
cds_kr_5y,2011-09-21,2011-09-21,162.0,,162.0,worldgovernmentbonds,2026-08-01T18:05:45+00:00
cds_kr_5y,2011-09-22,2011-09-22,188.0,,162.0,worldgovernmentbonds,2026-08-01T18:05:45+00:00
cds_kr_5y,2011-09-23,2011-09-23,194.0,,188.0,worldgovernmentbonds,2026-08-01T18:05:45+00:00
cds_kr_5y,2011-09-26,2011-09-26,204.37,,194.0,worldgovernmentbonds,2026-08-01T18:05:45+00:00
cds_kr_5y,2011-09-27,2011-09-27,184.06,,204.37,worldgovernmentbonds,2026-08-01T18:05:45+00:00
cds_kr_5y,2011-09-28,2011-09-28,188.85,,184.06,worldgovernmentbonds,2026-08-01T18:05:45+00:00
cds_kr_5y,2011-09-29,2011-09-29,191.73,,188.85,worldgovernmentbonds,2026-08-01T18:05:45+00:00
cds_kr_5y,2011-09-30,2011-09-30,205.73,,191.73,worldgovernmentbonds,2026-08-01T18:05:45+00:00
cds_kr_5y,2011-10-03,2011-10-03,234.73,,205.73,worldgovernmentbonds,2026-08-01T18:05:45+00:00
cds_kr_5y,2011-10-04,2011-10-04,228.45,,234.73,worldgovernmentbonds,2026-08-01T18:05:45+00:00
cds_kr_5y,2011-10-05,2011-10-05,228.45,,228.45,worldgovernmentbonds,2026-08-01T18:05:45+00:00
cds_kr_5y,2011-10-06,2011-10-06,203.11,,228.45,worldgovernmentbonds,2026-08-01T18:05:45+00:00
cds_kr_5y,2011-10-07,2011-10-07,177.6,,203.11,worldgovernmentbonds,2026-08-01T18:05:45+00:00
cds_kr_5y,2011-10-10,2011-10-10,174.55,,177.6,worldgovernmentbonds,2026-08-01T18:05:45+00:00
cds_kr_5y,2011-10-11,2011-10-11,166.84,,174.55,worldgovernmentbonds,2026-08-01T18:05:45+00:00
cds_kr_5y,2011-10-12,2011-10-12,175.77,,166.84,worldgovernmentbonds,2026-08-01T18:05:45+00:00
cds_kr_5y,2011-10-13,2011-10-13,157.68,,175.77,worldgovernmentbonds,2026-08-01T18:05:45+00:00
cds_kr_5y,2011-10-14,2011-10-14,160.15,,157.68,worldgovernmentbonds,2026-08-01T18:05:45+00:00
cds_kr_5y,2011-10-17,2011-10-17,145.04,,160.15,worldgovernmentbonds,2026-08-01T18:05:45+00:00
cds_kr_5y,2011-10-18,2011-10-18,156.27,,145.04,worldgovernmentbonds,2026-08-01T18:05:45+00:00
cds_kr_5y,2011-10-19,2011-10-19,148.45,,156.27,worldgovernmentbonds,2026-08-01T18:05:45+00:00
cds_kr_5y,2011-10-20,2011-10-20,152.4,,148.45,worldgovernmentbonds,2026-08-01T18:05:45+00:00
cds_kr_5y,2011-10-21,2011-10-21,154.88,,152.4,worldgovernmentbonds,2026-08-01T18:05:45+00:00
cds_kr_5y,2011-10-24,2011-10-24,150.06,,154.88,worldgovernmentbonds,2026-08-01T18:05:45+00:00
cds_kr_5y,2011-10-25,2011-10-25,144.18,,150.06,worldgovernmentbonds,2026-08-01T18:05:45+00:00
cds_kr_5y,2011-10-26,2011-10-26,150.12,,144.18,worldgovernmentbonds,2026-08-01T18:05:45+00:00
cds_kr_5y,2011-10-27,2011-10-27,135.92,,150.12,worldgovernmentbonds,2026-08-01T18:05:45+00:00
cds_kr_5y,2011-10-28,2011-10-28,124.61,,135.92,worldgovernmentbonds,2026-08-01T18:05:45+00:00
cds_kr_5y,2011-10-31,2011-10-31,131.09,,124.61,worldgovernmentbonds,2026-08-01T18:05:45+00:00
cds_kr_5y,2011-11-01,2011-11-01,147.67,,131.09,worldgovernmentbonds,2026-08-01T18:05:45+00:00
cds_kr_5y,2011-11-02,2011-11-02,157.13,,147.67,worldgovernmentbonds,2026-08-01T18:05:45+00:00
cds_kr_5y,2011-11-03,2011-11-03,162.98,,157.13,worldgovernmentbonds,2026-08-01T18:05:45+00:00
cds_kr_5y,2011-11-04,2011-11-04,156.5,,162.98,worldgovernmentbonds,2026-08-01T18:05:45+00:00
cds_kr_5y,2011-11-07,2011-11-07,149.22,,156.5,worldgovernmentbonds,2026-08-01T18:05:45+00:00
cds_kr_5y,2011-11-08,2011-11-08,146.84,,149.22,worldgovernmentbonds,2026-08-01T18:05:45+00:00
cds_kr_5y,2011-11-09,2011-11-09,144.6,,146.84,worldgovernmentbonds,2026-08-01T18:05:45+00:00
cds_kr_5y,2011-11-10,2011-11-10,153.76,,144.6,worldgovernmentbonds,2026-08-01T18:05:45+00:00
cds_kr_5y,2011-11-11,2011-11-11,154.17,,153.76,worldgovernmentbonds,2026-08-01T18:05:45+00:00
cds_kr_5y,2011-11-14,2011-11-14,144.98,,154.17,worldgovernmentbonds,2026-08-01T18:05:45+00:00
cds_kr_5y,2011-11-15,2011-11-15,149.83,,144.98,worldgovernmentbonds,2026-08-01T18:05:45+00:00
cds_kr_5y,2011-11-16,2011-11-16,158.17,,149.83,worldgovernmentbonds,2026-08-01T18:05:45+00:00
cds_kr_5y,2011-11-17,2011-11-17,159.16,,158.17,worldgovernmentbonds,2026-08-01T18:05:45+00:00
cds_kr_5y,2011-11-18,2011-11-18,162.55,,159.16,worldgovernmentbonds,2026-08-01T18:05:45+00:00
cds_kr_5y,2011-11-21,2011-11-21,164.59,,162.55,worldgovernmentbonds,2026-08-01T18:05:45+00:00
cds_kr_5y,2011-11-22,2011-11-22,166.53,,164.59,worldgovernmentbonds,2026-08-01T18:05:45+00:00
cds_kr_5y,2011-11-23,2011-11-23,173.35,,166.53,worldgovernmentbonds,2026-08-01T18:05:45+00:00
cds_kr_5y,2011-11-24,2011-11-24,173.37,,173.35,worldgovernmentbonds,2026-08-01T18:05:45+00:00
cds_kr_5y,2011-11-25,2011-11-25,175.35,,173.37,worldgovernmentbonds,2026-08-01T18:05:45+00:00
cds_kr_5y,2011-11-28,2011-11-28,166.17,,175.35,worldgovernmentbonds,2026-08-01T18:05:45+00:00
cds_kr_5y,2011-11-29,2011-11-29,162.77,,166.17,worldgovernmentbonds,2026-08-01T18:05:45+00:00
cds_kr_5y,2011-11-30,2011-11-30,163.18,,162.77,worldgovernmentbonds,2026-08-01T18:05:45+00:00
cds_kr_5y,2011-12-01,2011-12-01,148.68,,163.18,worldgovernmentbonds,2026-08-01T18:05:45+00:00
cds_kr_5y,2011-12-02,2011-12-02,148.82,,148.68,worldgovernmentbonds,2026-08-01T18:05:45+00:00
cds_kr_5y,2011-12-05,2011-12-05,145.27,,148.82,worldgovernmentbonds,2026-08-01T18:05:45+00:00
cds_kr_5y,2011-12-06,2011-12-06,143.41,,145.27,worldgovernmentbonds,2026-08-01T18:05:45+00:00
cds_kr_5y,2011-12-07,2011-12-07,139.04,,143.41,worldgovernmentbonds,2026-08-01T18:05:45+00:00
cds_kr_5y,2011-12-08,2011-12-08,140.05,,139.04,worldgovernmentbonds,2026-08-01T18:05:45+00:00
cds_kr_5y,2011-12-09,2011-12-09,151.79,,140.05,worldgovernmentbonds,2026-08-01T18:05:45+00:00
cds_kr_5y,2011-12-12,2011-12-12,144.97,,151.79,worldgovernmentbonds,2026-08-01T18:05:45+00:00
cds_kr_5y,2011-12-13,2011-12-13,153.27,,144.97,worldgovernmentbonds,2026-08-01T18:05:45+00:00
cds_kr_5y,2011-12-14,2011-12-14,153.77,,153.27,worldgovernmentbonds,2026-08-01T18:05:45+00:00
cds_kr_5y,2011-12-15,2011-12-15,159.7,,153.77,worldgovernmentbonds,2026-08-01T18:05:45+00:00
cds_kr_5y,2011-12-16,2011-12-16,155.79,,159.7,worldgovernmentbonds,2026-08-01T18:05:45+00:00
cds_kr_5y,2011-12-19,2011-12-19,165.58,,155.79,worldgovernmentbonds,2026-08-01T18:05:45+00:00
cds_kr_5y,2011-12-20,2011-12-20,167.22,,165.58,worldgovernmentbonds,2026-08-01T18:05:45+00:00
cds_kr_5y,2011-12-21,2011-12-21,158.63,,167.22,worldgovernmentbonds,2026-08-01T18:05:45+00:00
cds_kr_5y,2011-12-22,2011-12-22,158.2,,158.63,worldgovernmentbonds,2026-08-01T18:05:45+00:00
cds_kr_5y,2011-12-23,2011-12-23,158.2,,158.2,worldgovernmentbonds,2026-08-01T18:05:45+00:00
cds_kr_5y,2011-12-26,2011-12-26,158.2,,158.2,worldgovernmentbonds,2026-08-01T18:05:45+00:00
cds_kr_5y,2011-12-27,2011-12-27,158.2,,158.2,worldgovernmentbonds,2026-08-01T18:05:45+00:00
cds_kr_5y,2011-12-28,2011-12-28,155.38,,158.2,worldgovernmentbonds,2026-08-01T18:05:45+00:00
cds_kr_5y,2011-12-29,2011-12-29,155.89,,155.38,worldgovernmentbonds,2026-08-01T18:05:45+00:00
cds_kr_5y,2011-12-30,2011-12-30,155.91,,155.89,worldgovernmentbonds,2026-08-01T18:05:45+00:00
cds_kr_5y,2012-01-02,2012-01-02,155.91,,155.91,worldgovernmentbonds,2026-08-01T18:05:45+00:00
cds_kr_5y,2012-01-03,2012-01-03,151.61,,155.91,worldgovernmentbonds,2026-08-01T18:05:45+00:00
cds_kr_5y,2012-01-04,2012-01-04,151.6,,151.61,worldgovernmentbonds,2026-08-01T18:05:45+00:00
cds_kr_5y,2012-01-05,2012-01-05,154.81,,151.6,worldgovernmentbonds,2026-08-01T18:05:45+00:00
cds_kr_5y,2012-01-06,2012-01-06,161.16,,154.81,worldgovernmentbonds,2026-08-01T18:05:45+00:00
cds_kr_5y,2012-01-09,2012-01-09,166.8,,161.16,worldgovernmentbonds,2026-08-01T18:05:45+00:00
cds_kr_5y,2012-01-10,2012-01-10,166.85,,166.8,worldgovernmentbonds,2026-08-01T18:05:45+00:00
cds_kr_5y,2012-01-11,2012-01-11,166.39,,166.85,worldgovernmentbonds,2026-08-01T18:05:45+00:00
cds_kr_5y,2012-01-12,2012-01-12,166.8,,166.39,worldgovernmentbonds,2026-08-01T18:05:45+00:00
cds_kr_5y,2012-01-13,2012-01-13,159.6,,166.8,worldgovernmentbonds,2026-08-01T18:05:45+00:00
cds_kr_5y,2012-01-16,2012-01-16,162.09,,159.6,worldgovernmentbonds,2026-08-01T18:05:45+00:00
cds_kr_5y,2012-01-17,2012-01-17,162.31,,162.09,worldgovernmentbonds,2026-08-01T18:05:45+00:00
cds_kr_5y,2012-01-18,2012-01-18,160.05,,162.31,worldgovernmentbonds,2026-08-01T18:05:45+00:00
cds_kr_5y,2012-01-19,2012-01-19,152.7,,160.05,worldgovernmentbonds,2026-08-01T18:05:45+00:00
cds_kr_5y,2012-01-20,2012-01-20,148.36,,152.7,worldgovernmentbonds,2026-08-01T18:05:45+00:00
cds_kr_5y,2012-01-23,2012-01-23,148.36,,148.36,worldgovernmentbonds,2026-08-01T18:05:45+00:00
cds_kr_5y,2012-01-24,2012-01-24,148.37,,148.36,worldgovernmentbonds,2026-08-01T18:05:45+00:00
cds_kr_5y,2012-01-25,2012-01-25,148.36,,148.37,worldgovernmentbonds,2026-08-01T18:05:45+00:00
cds_kr_5y,2012-01-26,2012-01-26,144.24,,148.36,worldgovernmentbonds,2026-08-01T18:05:45+00:00
cds_kr_5y,2012-01-27,2012-01-27,145.96,,144.24,worldgovernmentbonds,2026-08-01T18:05:45+00:00
cds_kr_5y,2012-01-30,2012-01-30,146.02,,145.96,worldgovernmentbonds,2026-08-01T18:05:45+00:00
cds_kr_5y,2012-01-31,2012-01-31,148.71,,146.02,worldgovernmentbonds,2026-08-01T18:05:45+00:00
cds_kr_5y,2012-02-01,2012-02-01,145.37,,148.71,worldgovernmentbonds,2026-08-01T18:05:45+00:00
cds_kr_5y,2012-02-02,2012-02-02,139.57,,145.37,worldgovernmentbonds,2026-08-01T18:05:45+00:00
cds_kr_5y,2012-02-03,2012-02-03,140.08,,139.57,worldgovernmentbonds,2026-08-01T18:05:45+00:00
cds_kr_5y,2012-02-06,2012-02-06,133.36,,140.08,worldgovernmentbonds,2026-08-01T18:05:45+00:00
cds_kr_5y,2012-02-07,2012-02-07,136.32,,133.36,worldgovernmentbonds,2026-08-01T18:05:45+00:00
cds_kr_5y,2012-02-08,2012-02-08,133.94,,136.32,worldgovernmentbonds,2026-08-01T18:05:45+00:00
cds_kr_5y,2012-02-09,2012-02-09,132.03,,133.94,worldgovernmentbonds,2026-08-01T18:05:45+00:00
cds_kr_5y,2012-02-10,2012-02-10,135.44,,132.03,worldgovernmentbonds,2026-08-01T18:05:45+00:00
cds_kr_5y,2012-02-13,2012-02-13,133.12,,135.44,worldgovernmentbonds,2026-08-01T18:05:45+00:00
cds_kr_5y,2012-02-14,2012-02-14,135.52,,133.12,worldgovernmentbonds,2026-08-01T18:05:45+00:00
cds_kr_5y,2012-02-15,2012-02-15,134.59,,135.52,worldgovernmentbonds,2026-08-01T18:05:45+00:00
cds_kr_5y,2012-02-16,2012-02-16,139.95,,134.59,worldgovernmentbonds,2026-08-01T18:05:45+00:00
cds_kr_5y,2012-02-17,2012-02-17,136.59,,139.95,worldgovernmentbonds,2026-08-01T18:05:45+00:00
cds_kr_5y,2012-02-20,2012-02-20,135.16,,136.59,worldgovernmentbonds,2026-08-01T18:05:45+00:00
cds_kr_5y,2012-02-21,2012-02-21,132.57,,135.16,worldgovernmentbonds,2026-08-01T18:05:45+00:00
cds_kr_5y,2012-02-22,2012-02-22,133.79,,132.57,worldgovernmentbonds,2026-08-01T18:05:45+00:00
cds_kr_5y,2012-02-23,2012-02-23,135.32,,133.79,worldgovernmentbonds,2026-08-01T18:05:45+00:00
cds_kr_5y,2012-02-24,2012-02-24,134.85,,135.32,worldgovernmentbonds,2026-08-01T18:05:45+00:00
cds_kr_5y,2012-02-27,2012-02-27,136.37,,134.85,worldgovernmentbonds,2026-08-01T18:05:45+00:00
cds_kr_5y,2012-02-28,2012-02-28,136.38,,136.37,worldgovernmentbonds,2026-08-01T18:05:45+00:00
cds_kr_5y,2012-02-29,2012-02-29,134.0,,136.38,worldgovernmentbonds,2026-08-01T18:05:45+00:00
cds_kr_5y,2012-03-01,2012-03-01,134.49,,134.0,worldgovernmentbonds,2026-08-01T18:05:45+00:00
cds_kr_5y,2012-03-02,2012-03-02,130.15,,134.49,worldgovernmentbonds,2026-08-01T18:05:45+00:00
cds_kr_5y,2012-03-05,2012-03-05,133.16,,130.15,worldgovernmentbonds,2026-08-01T18:05:45+00:00
cds_kr_5y,2012-03-06,2012-03-06,136.05,,133.16,worldgovernmentbonds,2026-08-01T18:05:45+00:00
cds_kr_5y,2012-03-07,2012-03-07,138.1,,136.05,worldgovernmentbonds,2026-08-01T18:05:45+00:00
cds_kr_5y,2012-03-08,2012-03-08,130.31,,138.1,worldgovernmentbonds,2026-08-01T18:05:45+00:00
cds_kr_5y,2012-03-09,2012-03-09,128.18,,130.31,worldgovernmentbonds,2026-08-01T18:05:45+00:00
cds_kr_5y,2012-03-12,2012-03-12,130.2,,128.18,worldgovernmentbonds,2026-08-01T18:05:45+00:00
cds_kr_5y,2012-03-13,2012-03-13,125.12,,130.2,worldgovernmentbonds,2026-08-01T18:05:45+00:00
cds_kr_5y,2012-03-14,2012-03-14,119.8,,125.12,worldgovernmentbonds,2026-08-01T18:05:45+00:00
cds_kr_5y,2012-03-15,2012-03-15,116.46,,119.8,worldgovernmentbonds,2026-08-01T18:05:45+00:00
cds_kr_5y,2012-03-16,2012-03-16,110.14,,116.46,worldgovernmentbonds,2026-08-01T18:05:45+00:00
cds_kr_5y,2012-03-19,2012-03-19,107.54,,110.14,worldgovernmentbonds,2026-08-01T18:05:45+00:00
cds_kr_5y,2012-03-20,2012-03-20,114.29,,107.54,worldgovernmentbonds,2026-08-01T18:05:45+00:00
cds_kr_5y,2012-03-21,2012-03-21,112.27,,114.29,worldgovernmentbonds,2026-08-01T18:05:45+00:00
cds_kr_5y,2012-03-22,2012-03-22,117.16,,112.27,worldgovernmentbonds,2026-08-01T18:05:45+00:00
cds_kr_5y,2012-03-23,2012-03-23,118.28,,117.16,worldgovernmentbonds,2026-08-01T18:05:45+00:00
cds_kr_5y,2012-03-26,2012-03-26,118.36,,118.28,worldgovernmentbonds,2026-08-01T18:05:45+00:00
cds_kr_5y,2012-03-27,2012-03-27,114.67,,118.36,worldgovernmentbonds,2026-08-01T18:05:45+00:00
cds_kr_5y,2012-03-28,2012-03-28,115.66,,114.67,worldgovernmentbonds,2026-08-01T18:05:45+00:00
cds_kr_5y,2012-03-29,2012-03-29,117.62,,115.66,worldgovernmentbonds,2026-08-01T18:05:45+00:00
cds_kr_5y,2012-03-30,2012-03-30,117.58,,117.62,worldgovernmentbonds,2026-08-01T18:05:45+00:00
cds_kr_5y,2012-04-02,2012-04-02,117.67,,117.58,worldgovernmentbonds,2026-08-01T18:05:45+00:00
cds_kr_5y,2012-04-03,2012-04-03,113.11,,117.67,worldgovernmentbonds,2026-08-01T18:05:45+00:00
cds_kr_5y,2012-04-04,2012-04-04,114.1,,113.11,worldgovernmentbonds,2026-08-01T18:05:45+00:00
cds_kr_5y,2012-04-05,2012-04-05,115.09,,114.1,worldgovernmentbonds,2026-08-01T18:05:45+00:00
cds_kr_5y,2012-04-06,2012-04-06,115.09,,115.09,worldgovernmentbonds,2026-08-01T18:05:45+00:00
cds_kr_5y,2012-04-09,2012-04-09,115.09,,115.09,worldgovernmentbonds,2026-08-01T18:05:45+00:00
cds_kr_5y,2012-04-10,2012-04-10,124.03,,115.09,worldgovernmentbonds,2026-08-01T18:05:45+00:00
cds_kr_5y,2012-04-11,2012-04-11,127.46,,124.03,worldgovernmentbonds,2026-08-01T18:05:45+00:00
cds_kr_5y,2012-04-12,2012-04-12,124.55,,127.46,worldgovernmentbonds,2026-08-01T18:05:45+00:00
cds_kr_5y,2012-04-13,2012-04-13,120.67,,124.55,worldgovernmentbonds,2026-08-01T18:05:45+00:00
cds_kr_5y,2012-04-16,2012-04-16,125.15,,120.67,worldgovernmentbonds,2026-08-01T18:05:45+00:00
cds_kr_5y,2012-04-17,2012-04-17,123.71,,125.15,worldgovernmentbonds,2026-08-01T18:05:45+00:00
cds_kr_5y,2012-04-18,2012-04-18,119.35,,123.71,worldgovernmentbonds,2026-08-01T18:05:45+00:00
cds_kr_5y,2012-04-19,2012-04-19,120.61,,119.35,worldgovernmentbonds,2026-08-01T18:05:45+00:00
cds_kr_5y,2012-04-20,2012-04-20,122.24,,120.61,worldgovernmentbonds,2026-08-01T18:05:45+00:00
cds_kr_5y,2012-04-23,2012-04-23,122.4,,122.24,worldgovernmentbonds,2026-08-01T18:05:45+00:00
cds_kr_5y,2012-04-24,2012-04-24,122.44,,122.4,worldgovernmentbonds,2026-08-01T18:05:45+00:00
cds_kr_5y,2012-04-25,2012-04-25,119.06,,122.44,worldgovernmentbonds,2026-08-01T18:05:45+00:00
cds_kr_5y,2012-04-26,2012-04-26,119.08,,119.06,worldgovernmentbonds,2026-08-01T18:05:45+00:00
cds_kr_5y,2012-04-27,2012-04-27,121.36,,119.08,worldgovernmentbonds,2026-08-01T18:05:45+00:00
cds_kr_5y,2012-04-30,2012-04-30,118.95,,121.36,worldgovernmentbonds,2026-08-01T18:05:45+00:00
cds_kr_5y,2012-05-01,2012-05-01,118.95,,118.95,worldgovernmentbonds,2026-08-01T18:05:45+00:00
cds_kr_5y,2012-05-02,2012-05-02,118.67,,118.95,worldgovernmentbonds,2026-08-01T18:05:45+00:00
cds_kr_5y,2012-05-03,2012-05-03,119.02,,118.67,worldgovernmentbonds,2026-08-01T18:05:45+00:00
cds_kr_5y,2012-05-04,2012-05-04,118.57,,119.02,worldgovernmentbonds,2026-08-01T18:05:45+00:00
cds_kr_5y,2012-05-07,2012-05-07,122.77,,118.57,worldgovernmentbonds,2026-08-01T18:05:45+00:00
cds_kr_5y,2012-05-08,2012-05-08,122.28,,122.77,worldgovernmentbonds,2026-08-01T18:05:45+00:00
cds_kr_5y,2012-05-09,2012-05-09,127.54,,122.28,worldgovernmentbonds,2026-08-01T18:05:45+00:00
cds_kr_5y,2012-05-10,2012-05-10,128.53,,127.54,worldgovernmentbonds,2026-08-01T18:05:45+00:00
cds_kr_5y,2012-05-11,2012-05-11,128.74,,128.53,worldgovernmentbonds,2026-08-01T18:05:45+00:00
cds_kr_5y,2012-05-14,2012-05-14,130.51,,128.74,worldgovernmentbonds,2026-08-01T18:05:45+00:00
cds_kr_5y,2012-05-15,2012-05-15,136.4,,130.51,worldgovernmentbonds,2026-08-01T18:05:45+00:00
cds_kr_5y,2012-05-16,2012-05-16,139.35,,136.4,worldgovernmentbonds,2026-08-01T18:05:45+00:00
cds_kr_5y,2012-05-17,2012-05-17,139.39,,139.35,worldgovernmentbonds,2026-08-01T18:05:45+00:00
cds_kr_5y,2012-05-18,2012-05-18,149.21,,139.39,worldgovernmentbonds,2026-08-01T18:05:45+00:00
cds_kr_5y,2012-05-21,2012-05-21,144.51,,149.21,worldgovernmentbonds,2026-08-01T18:05:45+00:00
cds_kr_5y,2012-05-22,2012-05-22,142.31,,144.51,worldgovernmentbonds,2026-08-01T18:05:45+00:00
cds_kr_5y,2012-05-23,2012-05-23,141.79,,142.31,worldgovernmentbonds,2026-08-01T18:05:45+00:00
cds_kr_5y,2012-05-24,2012-05-24,143.55,,141.79,worldgovernmentbonds,2026-08-01T18:05:45+00:00
cds_kr_5y,2012-05-25,2012-05-25,145.23,,143.55,worldgovernmentbonds,2026-08-01T18:05:45+00:00
cds_kr_5y,2012-05-28,2012-05-28,145.23,,145.23,worldgovernmentbonds,2026-08-01T18:05:45+00:00
cds_kr_5y,2012-05-29,2012-05-29,135.9,,145.23,worldgovernmentbonds,2026-08-01T18:05:45+00:00
cds_kr_5y,2012-05-30,2012-05-30,137.35,,135.9,worldgovernmentbonds,2026-08-01T18:05:45+00:00
cds_kr_5y,2012-05-31,2012-05-31,139.32,,137.35,worldgovernmentbonds,2026-08-01T18:05:45+00:00
cds_kr_5y,2012-06-01,2012-06-01,142.28,,139.32,worldgovernmentbonds,2026-08-01T18:05:45+00:00
cds_kr_5y,2012-06-04,2012-06-04,152.11,,142.28,worldgovernmentbonds,2026-08-01T18:05:45+00:00
cds_kr_5y,2012-06-05,2012-06-05,149.16,,152.11,worldgovernmentbonds,2026-08-01T18:05:45+00:00
cds_kr_5y,2012-06-06,2012-06-06,140.95,,149.16,worldgovernmentbonds,2026-08-01T18:05:45+00:00
cds_kr_5y,2012-06-07,2012-06-07,134.19,,140.95,worldgovernmentbonds,2026-08-01T18:05:45+00:00
cds_kr_5y,2012-06-08,2012-06-08,135.92,,134.19,worldgovernmentbonds,2026-08-01T18:05:45+00:00
cds_kr_5y,2012-06-11,2012-06-11,130.19,,135.92,worldgovernmentbonds,2026-08-01T18:05:45+00:00
cds_kr_5y,2012-06-12,2012-06-12,132.66,,130.19,worldgovernmentbonds,2026-08-01T18:05:45+00:00
cds_kr_5y,2012-06-13,2012-06-13,127.34,,132.66,worldgovernmentbonds,2026-08-01T18:05:45+00:00
cds_kr_5y,2012-06-14,2012-06-14,124.93,,127.34,worldgovernmentbonds,2026-08-01T18:05:45+00:00
cds_kr_5y,2012-06-15,2012-06-15,117.92,,124.93,worldgovernmentbonds,2026-08-01T18:05:45+00:00
cds_kr_5y,2012-06-18,2012-06-18,114.1,,117.92,worldgovernmentbonds,2026-08-01T18:05:45+00:00
cds_kr_5y,2012-06-19,2012-06-19,118.04,,114.1,worldgovernmentbonds,2026-08-01T18:05:45+00:00
cds_kr_5y,2012-06-20,2012-06-20,117.41,,118.04,worldgovernmentbonds,2026-08-01T18:05:45+00:00
cds_kr_5y,2012-06-21,2012-06-21,118.39,,117.41,worldgovernmentbonds,2026-08-01T18:05:45+00:00
cds_kr_5y,2012-06-22,2012-06-22,121.83,,118.39,worldgovernmentbonds,2026-08-01T18:05:45+00:00
cds_kr_5y,2012-06-25,2012-06-25,126.68,,121.83,worldgovernmentbonds,2026-08-01T18:05:45+00:00
cds_kr_5y,2012-06-26,2012-06-26,130.13,,126.68,worldgovernmentbonds,2026-08-01T18:05:45+00:00
cds_kr_5y,2012-06-27,2012-06-27,128.21,,130.13,worldgovernmentbonds,2026-08-01T18:05:45+00:00
cds_kr_5y,2012-06-28,2012-06-28,126.79,,128.21,worldgovernmentbonds,2026-08-01T18:05:45+00:00
cds_kr_5y,2012-06-29,2012-06-29,122.93,,126.79,worldgovernmentbonds,2026-08-01T18:05:45+00:00
cds_kr_5y,2012-07-02,2012-07-02,122.93,,122.93,worldgovernmentbonds,2026-08-01T18:05:45+00:00
cds_kr_5y,2012-07-03,2012-07-03,117.22,,122.93,worldgovernmentbonds,2026-08-01T18:05:45+00:00
cds_kr_5y,2012-07-04,2012-07-04,115.32,,117.22,worldgovernmentbonds,2026-08-01T18:05:45+00:00
cds_kr_5y,2012-07-05,2012-07-05,113.12,,115.32,worldgovernmentbonds,2026-08-01T18:05:45+00:00
cds_kr_5y,2012-07-06,2012-07-06,115.84,,113.12,worldgovernmentbonds,2026-08-01T18:05:45+00:00
cds_kr_5y,2012-07-09,2012-07-09,120.3,,115.84,worldgovernmentbonds,2026-08-01T18:05:45+00:00
cds_kr_5y,2012-07-10,2012-07-10,116.94,,120.3,worldgovernmentbonds,2026-08-01T18:05:45+00:00
cds_kr_5y,2012-07-11,2012-07-11,113.57,,116.94,worldgovernmentbonds,2026-08-01T18:05:45+00:00
cds_kr_5y,2012-07-12,2012-07-12,115.05,,113.57,worldgovernmentbonds,2026-08-01T18:05:45+00:00
cds_kr_5y,2012-07-13,2012-07-13,116.31,,115.05,worldgovernmentbonds,2026-08-01T18:05:45+00:00
cds_kr_5y,2012-07-16,2012-07-16,117.36,,116.31,worldgovernmentbonds,2026-08-01T18:05:45+00:00
cds_kr_5y,2012-07-17,2012-07-17,117.88,,117.36,worldgovernmentbonds,2026-08-01T18:05:45+00:00
cds_kr_5y,2012-07-18,2012-07-18,118.4,,117.88,worldgovernmentbonds,2026-08-01T18:05:45+00:00
cds_kr_5y,2012-07-19,2012-07-19,116.48,,118.4,worldgovernmentbonds,2026-08-01T18:05:45+00:00
cds_kr_5y,2012-07-20,2012-07-20,116.99,,116.48,worldgovernmentbonds,2026-08-01T18:05:45+00:00
cds_kr_5y,2012-07-23,2012-07-23,124.62,,116.99,worldgovernmentbonds,2026-08-01T18:05:45+00:00
cds_kr_5y,2012-07-24,2012-07-24,127.09,,124.62,worldgovernmentbonds,2026-08-01T18:05:45+00:00
cds_kr_5y,2012-07-25,2012-07-25,128.52,,127.09,worldgovernmentbonds,2026-08-01T18:05:45+00:00
cds_kr_5y,2012-07-26,2012-07-26,126.6,,128.52,worldgovernmentbonds,2026-08-01T18:05:45+00:00
cds_kr_5y,2012-07-27,2012-07-27,121.77,,126.6,worldgovernmentbonds,2026-08-01T18:05:45+00:00
cds_kr_5y,2012-07-30,2012-07-30,115.05,,121.77,worldgovernmentbonds,2026-08-01T18:05:45+00:00
cds_kr_5y,2012-07-31,2012-07-31,115.32,,115.05,worldgovernmentbonds,2026-08-01T18:05:45+00:00
cds_kr_5y,2012-08-01,2012-08-01,115.85,,115.32,worldgovernmentbonds,2026-08-01T18:05:45+00:00
cds_kr_5y,2012-08-02,2012-08-02,114.17,,115.85,worldgovernmentbonds,2026-08-01T18:05:45+00:00
cds_kr_5y,2012-08-03,2012-08-03,117.52,,114.17,worldgovernmentbonds,2026-08-01T18:05:45+00:00
cds_kr_5y,2012-08-06,2012-08-06,109.81,,117.52,worldgovernmentbonds,2026-08-01T18:05:45+00:00
cds_kr_5y,2012-08-07,2012-08-07,107.41,,109.81,worldgovernmentbonds,2026-08-01T18:05:45+00:00
cds_kr_5y,2012-08-08,2012-08-08,105.97,,107.41,worldgovernmentbonds,2026-08-01T18:05:45+00:00
cds_kr_5y,2012-08-09,2012-08-09,103.56,,105.97,worldgovernmentbonds,2026-08-01T18:05:45+00:00
cds_kr_5y,2012-08-10,2012-08-10,106.09,,103.56,worldgovernmentbonds,2026-08-01T18:05:45+00:00
cds_kr_5y,2012-08-13,2012-08-13,108.13,,106.09,worldgovernmentbonds,2026-08-01T18:05:45+00:00
cds_kr_5y,2012-08-14,2012-08-14,107.19,,108.13,worldgovernmentbonds,2026-08-01T18:05:45+00:00
cds_kr_5y,2012-08-15,2012-08-15,106.25,,107.19,worldgovernmentbonds,2026-08-01T18:05:45+00:00
cds_kr_5y,2012-08-16,2012-08-16,107.25,,106.25,worldgovernmentbonds,2026-08-01T18:05:45+00:00
cds_kr_5y,2012-08-17,2012-08-17,105.33,,107.25,worldgovernmentbonds,2026-08-01T18:05:45+00:00
cds_kr_5y,2012-08-20,2012-08-20,104.93,,105.33,worldgovernmentbonds,2026-08-01T18:05:45+00:00
cds_kr_5y,2012-08-21,2012-08-21,103.02,,104.93,worldgovernmentbonds,2026-08-01T18:05:45+00:00
cds_kr_5y,2012-08-22,2012-08-22,103.51,,103.02,worldgovernmentbonds,2026-08-01T18:05:45+00:00
cds_kr_5y,2012-08-23,2012-08-23,100.64,,103.51,worldgovernmentbonds,2026-08-01T18:05:45+00:00
cds_kr_5y,2012-08-24,2012-08-24,105.06,,100.64,worldgovernmentbonds,2026-08-01T18:05:45+00:00
cds_kr_5y,2012-08-27,2012-08-27,103.2,,105.06,worldgovernmentbonds,2026-08-01T18:05:45+00:00
cds_kr_5y,2012-08-28,2012-08-28,102.74,,103.2,worldgovernmentbonds,2026-08-01T18:05:45+00:00
cds_kr_5y,2012-08-29,2012-08-29,102.53,,102.74,worldgovernmentbonds,2026-08-01T18:05:45+00:00
cds_kr_5y,2012-08-30,2012-08-30,104.76,,102.53,worldgovernmentbonds,2026-08-01T18:05:45+00:00
cds_kr_5y,2012-08-31,2012-08-31,104.3,,104.76,worldgovernmentbonds,2026-08-01T18:05:45+00:00
cds_kr_5y,2012-09-03,2012-09-03,104.39,,104.3,worldgovernmentbonds,2026-08-01T18:05:45+00:00
cds_kr_5y,2012-09-04,2012-09-04,100.03,,104.39,worldgovernmentbonds,2026-08-01T18:05:45+00:00
cds_kr_5y,2012-09-05,2012-09-05,100.55,,100.03,worldgovernmentbonds,2026-08-01T18:05:45+00:00
cds_kr_5y,2012-09-06,2012-09-06,95.2,,100.55,worldgovernmentbonds,2026-08-01T18:05:45+00:00
cds_kr_5y,2012-09-07,2012-09-07,92.18,,95.2,worldgovernmentbonds,2026-08-01T18:05:45+00:00
cds_kr_5y,2012-09-10,2012-09-10,82.61,,92.18,worldgovernmentbonds,2026-08-01T18:05:45+00:00
cds_kr_5y,2012-09-11,2012-09-11,81.16,,82.61,worldgovernmentbonds,2026-08-01T18:05:45+00:00
cds_kr_5y,2012-09-12,2012-09-12,76.75,,81.16,worldgovernmentbonds,2026-08-01T18:05:45+00:00
cds_kr_5y,2012-09-13,2012-09-13,78.75,,76.75,worldgovernmentbonds,2026-08-01T18:05:45+00:00
cds_kr_5y,2012-09-14,2012-09-14,71.89,,78.75,worldgovernmentbonds,2026-08-01T18:05:45+00:00
cds_kr_5y,2012-09-17,2012-09-17,70.97,,71.89,worldgovernmentbonds,2026-08-01T18:05:45+00:00
cds_kr_5y,2012-09-18,2012-09-18,71.48,,70.97,worldgovernmentbonds,2026-08-01T18:05:45+00:00
cds_kr_5y,2012-09-19,2012-09-19,72.49,,71.48,worldgovernmentbonds,2026-08-01T18:05:45+00:00
cds_kr_5y,2012-09-20,2012-09-20,75.08,,72.49,worldgovernmentbonds,2026-08-01T18:05:45+00:00
cds_kr_5y,2012-09-21,2012-09-21,79.12,,75.08,worldgovernmentbonds,2026-08-01T18:05:45+00:00
cds_kr_5y,2012-09-24,2012-09-24,81.15,,79.12,worldgovernmentbonds,2026-08-01T18:05:45+00:00
cds_kr_5y,2012-09-25,2012-09-25,84.64,,81.15,worldgovernmentbonds,2026-08-01T18:05:45+00:00
cds_kr_5y,2012-09-26,2012-09-26,87.12,,84.64,worldgovernmentbonds,2026-08-01T18:05:45+00:00
cds_kr_5y,2012-09-27,2012-09-27,85.69,,87.12,worldgovernmentbonds,2026-08-01T18:05:45+00:00
cds_kr_5y,2012-09-28,2012-09-28,83.26,,85.69,worldgovernmentbonds,2026-08-01T18:05:45+00:00
cds_kr_5y,2012-10-01,2012-10-01,83.26,,83.26,worldgovernmentbonds,2026-08-01T18:05:45+00:00
cds_kr_5y,2012-10-02,2012-10-02,83.26,,83.26,worldgovernmentbonds,2026-08-01T18:05:45+00:00
cds_kr_5y,2012-10-03,2012-10-03,81.43,,83.26,worldgovernmentbonds,2026-08-01T18:05:45+00:00
cds_kr_5y,2012-10-04,2012-10-04,82.19,,81.43,worldgovernmentbonds,2026-08-01T18:05:45+00:00
cds_kr_5y,2012-10-05,2012-10-05,81.48,,82.19,worldgovernmentbonds,2026-08-01T18:05:45+00:00
cds_kr_5y,2012-10-08,2012-10-08,81.56,,81.48,worldgovernmentbonds,2026-08-01T18:05:45+00:00
cds_kr_5y,2012-10-09,2012-10-09,82.08,,81.56,worldgovernmentbonds,2026-08-01T18:05:45+00:00
cds_kr_5y,2012-10-10,2012-10-10,84.07,,82.08,worldgovernmentbonds,2026-08-01T18:05:45+00:00
cds_kr_5y,2012-10-11,2012-10-11,84.09,,84.07,worldgovernmentbonds,2026-08-01T18:05:45+00:00
cds_kr_5y,2012-10-12,2012-10-12,80.68,,84.09,worldgovernmentbonds,2026-08-01T18:05:45+00:00
cds_kr_5y,2012-10-15,2012-10-15,80.75,,80.68,worldgovernmentbonds,2026-08-01T18:05:45+00:00
cds_kr_5y,2012-10-16,2012-10-16,75.87,,80.75,worldgovernmentbonds,2026-08-01T18:05:45+00:00
cds_kr_5y,2012-10-17,2012-10-17,72.45,,75.87,worldgovernmentbonds,2026-08-01T18:05:45+00:00
cds_kr_5y,2012-10-18,2012-10-18,69.01,,72.45,worldgovernmentbonds,2026-08-01T18:05:45+00:00
cds_kr_5y,2012-10-19,2012-10-19,70.02,,69.01,worldgovernmentbonds,2026-08-01T18:05:45+00:00
cds_kr_5y,2012-10-22,2012-10-22,71.57,,70.02,worldgovernmentbonds,2026-08-01T18:05:45+00:00
cds_kr_5y,2012-10-23,2012-10-23,71.57,,71.57,worldgovernmentbonds,2026-08-01T18:05:45+00:00
cds_kr_5y,2012-10-24,2012-10-24,72.18,,71.57,worldgovernmentbonds,2026-08-01T18:05:45+00:00
cds_kr_5y,2012-10-25,2012-10-25,70.22,,72.18,worldgovernmentbonds,2026-08-01T18:05:45+00:00
cds_kr_5y,2012-10-26,2012-10-26,71.25,,70.22,worldgovernmentbonds,2026-08-01T18:05:45+00:00
cds_kr_5y,2012-10-29,2012-10-29,71.3,,71.25,worldgovernmentbonds,2026-08-01T18:05:45+00:00
cds_kr_5y,2012-10-30,2012-10-30,71.32,,71.3,worldgovernmentbonds,2026-08-01T18:05:45+00:00
cds_kr_5y,2012-10-31,2012-10-31,67.92,,71.32,worldgovernmentbonds,2026-08-01T18:05:45+00:00
cds_kr_5y,2012-11-01,2012-11-01,67.94,,67.92,worldgovernmentbonds,2026-08-01T18:05:45+00:00
cds_kr_5y,2012-11-02,2012-11-02,65.54,,67.94,worldgovernmentbonds,2026-08-01T18:05:45+00:00
cds_kr_5y,2012-11-05,2012-11-05,62.65,,65.54,worldgovernmentbonds,2026-08-01T18:05:45+00:00
cds_kr_5y,2012-11-06,2012-11-06,61.2,,62.65,worldgovernmentbonds,2026-08-01T18:05:45+00:00
cds_kr_5y,2012-11-07,2012-11-07,58.82,,61.2,worldgovernmentbonds,2026-08-01T18:05:45+00:00
cds_kr_5y,2012-11-08,2012-11-08,61.26,,58.82,worldgovernmentbonds,2026-08-01T18:05:45+00:00
cds_kr_5y,2012-11-09,2012-11-09,62.75,,61.26,worldgovernmentbonds,2026-08-01T18:05:45+00:00
cds_kr_5y,2012-11-12,2012-11-12,63.32,,62.75,worldgovernmentbonds,2026-08-01T18:05:45+00:00
cds_kr_5y,2012-11-13,2012-11-13,65.32,,63.32,worldgovernmentbonds,2026-08-01T18:05:45+00:00
cds_kr_5y,2012-11-14,2012-11-14,63.86,,65.32,worldgovernmentbonds,2026-08-01T18:05:45+00:00
cds_kr_5y,2012-11-15,2012-11-15,65.36,,63.86,worldgovernmentbonds,2026-08-01T18:05:45+00:00
cds_kr_5y,2012-11-16,2012-11-16,67.35,,65.36,worldgovernmentbonds,2026-08-01T18:05:45+00:00
cds_kr_5y,2012-11-19,2012-11-19,64.7,,67.35,worldgovernmentbonds,2026-08-01T18:05:45+00:00
cds_kr_5y,2012-11-20,2012-11-20,62.51,,64.7,worldgovernmentbonds,2026-08-01T18:05:45+00:00
cds_kr_5y,2012-11-21,2012-11-21,61.05,,62.51,worldgovernmentbonds,2026-08-01T18:05:45+00:00
cds_kr_5y,2012-11-22,2012-11-22,60.12,,61.05,worldgovernmentbonds,2026-08-01T18:05:45+00:00
cds_kr_5y,2012-11-23,2012-11-23,59.13,,60.12,worldgovernmentbonds,2026-08-01T18:05:45+00:00
cds_kr_5y,2012-11-26,2012-11-26,58.7,,59.13,worldgovernmentbonds,2026-08-01T18:05:45+00:00
cds_kr_5y,2012-11-27,2012-11-27,56.73,,58.7,worldgovernmentbonds,2026-08-01T18:05:45+00:00
cds_kr_5y,2012-11-28,2012-11-28,58.22,,56.73,worldgovernmentbonds,2026-08-01T18:05:45+00:00
cds_kr_5y,2012-11-29,2012-11-29,56.26,,58.22,worldgovernmentbonds,2026-08-01T18:05:45+00:00
cds_kr_5y,2012-11-30,2012-11-30,57.75,,56.26,worldgovernmentbonds,2026-08-01T18:05:45+00:00
cds_kr_5y,2012-12-03,2012-12-03,59.3,,57.75,worldgovernmentbonds,2026-08-01T18:05:45+00:00
cds_kr_5y,2012-12-04,2012-12-04,64.26,,59.3,worldgovernmentbonds,2026-08-01T18:05:45+00:00
cds_kr_5y,2012-12-05,2012-12-05,63.79,,64.26,worldgovernmentbonds,2026-08-01T18:05:45+00:00
cds_kr_5y,2012-12-06,2012-12-06,63.81,,63.79,worldgovernmentbonds,2026-08-01T18:05:45+00:00
cds_kr_5y,2012-12-07,2012-12-07,63.34,,63.81,worldgovernmentbonds,2026-08-01T18:05:45+00:00
cds_kr_5y,2012-12-10,2012-12-10,63.89,,63.34,worldgovernmentbonds,2026-08-01T18:05:45+00:00
cds_kr_5y,2012-12-11,2012-12-11,63.42,,63.89,worldgovernmentbonds,2026-08-01T18:05:45+00:00
cds_kr_5y,2012-12-12,2012-12-12,61.95,,63.42,worldgovernmentbonds,2026-08-01T18:05:45+00:00
cds_kr_5y,2012-12-13,2012-12-13,61.48,,61.95,worldgovernmentbonds,2026-08-01T18:05:45+00:00
cds_kr_5y,2012-12-14,2012-12-14,61.5,,61.48,worldgovernmentbonds,2026-08-01T18:05:45+00:00
cds_kr_5y,2012-12-17,2012-12-17,61.55,,61.5,worldgovernmentbonds,2026-08-01T18:05:45+00:00
cds_kr_5y,2012-12-18,2012-12-18,60.58,,61.55,worldgovernmentbonds,2026-08-01T18:05:45+00:00
cds_kr_5y,2012-12-19,2012-12-19,60.6,,60.58,worldgovernmentbonds,2026-08-01T18:05:45+00:00
cds_kr_5y,2012-12-20,2012-12-20,61.38,,60.6,worldgovernmentbonds,2026-08-01T18:05:45+00:00
cds_kr_5y,2012-12-21,2012-12-21,64.84,,61.38,worldgovernmentbonds,2026-08-01T18:05:45+00:00
cds_kr_5y,2012-12-24,2012-12-24,65.39,,64.84,worldgovernmentbonds,2026-08-01T18:05:45+00:00
cds_kr_5y,2012-12-25,2012-12-25,65.4,,65.39,worldgovernmentbonds,2026-08-01T18:05:45+00:00
cds_kr_5y,2012-12-26,2012-12-26,65.39,,65.4,worldgovernmentbonds,2026-08-01T18:05:45+00:00
cds_kr_5y,2012-12-27,2012-12-27,65.94,,65.39,worldgovernmentbonds,2026-08-01T18:05:45+00:00
cds_kr_5y,2012-12-28,2012-12-28,65.96,,65.94,worldgovernmentbonds,2026-08-01T18:05:45+00:00
cds_kr_5y,2012-12-31,2012-12-31,65.96,,65.96,worldgovernmentbonds,2026-08-01T18:05:45+00:00
cds_kr_5y,2013-01-01,2013-01-01,65.95,,65.96,worldgovernmentbonds,2026-08-01T18:05:45+00:00
cds_kr_5y,2013-01-02,2013-01-02,63.59,,65.95,worldgovernmentbonds,2026-08-01T18:05:45+00:00
cds_kr_5y,2013-01-03,2013-01-03,59.93,,63.59,worldgovernmentbonds,2026-08-01T18:05:45+00:00
cds_kr_5y,2013-01-04,2013-01-04,58.43,,59.93,worldgovernmentbonds,2026-08-01T18:05:45+00:00
cds_kr_5y,2013-01-07,2013-01-07,58.51,,58.43,worldgovernmentbonds,2026-08-01T18:05:45+00:00
cds_kr_5y,2013-01-08,2013-01-08,61.49,,58.51,worldgovernmentbonds,2026-08-01T18:05:45+00:00
cds_kr_5y,2013-01-09,2013-01-09,64.95,,61.49,worldgovernmentbonds,2026-08-01T18:05:45+00:00
cds_kr_5y,2013-01-10,2013-01-10,64.47,,64.95,worldgovernmentbonds,2026-08-01T18:05:45+00:00
cds_kr_5y,2013-01-11,2013-01-11,65.99,,64.47,worldgovernmentbonds,2026-08-01T18:05:45+00:00
cds_kr_5y,2013-01-14,2013-01-14,64.55,,65.99,worldgovernmentbonds,2026-08-01T18:05:45+00:00
cds_kr_5y,2013-01-15,2013-01-15,66.59,,64.55,worldgovernmentbonds,2026-08-01T18:05:45+00:00
cds_kr_5y,2013-01-16,2013-01-16,69.11,,66.59,worldgovernmentbonds,2026-08-01T18:05:45+00:00
cds_kr_5y,2013-01-17,2013-01-17,69.13,,69.11,worldgovernmentbonds,2026-08-01T18:05:45+00:00
cds_kr_5y,2013-01-18,2013-01-18,65.69,,69.13,worldgovernmentbonds,2026-08-01T18:05:45+00:00
cds_kr_5y,2013-01-21,2013-01-21,65.26,,65.69,worldgovernmentbonds,2026-08-01T18:05:45+00:00
cds_kr_5y,2013-01-22,2013-01-22,64.79,,65.26,worldgovernmentbonds,2026-08-01T18:05:45+00:00
cds_kr_5y,2013-01-23,2013-01-23,65.29,,64.79,worldgovernmentbonds,2026-08-01T18:05:45+00:00
cds_kr_5y,2013-01-24,2013-01-24,65.8,,65.29,worldgovernmentbonds,2026-08-01T18:05:45+00:00
cds_kr_5y,2013-01-25,2013-01-25,65.83,,65.8,worldgovernmentbonds,2026-08-01T18:05:45+00:00
cds_kr_5y,2013-01-28,2013-01-28,64.44,,65.83,worldgovernmentbonds,2026-08-01T18:05:45+00:00
cds_kr_5y,2013-01-29,2013-01-29,64.92,,64.44,worldgovernmentbonds,2026-08-01T18:05:45+00:00
cds_kr_5y,2013-01-30,2013-01-30,66.91,,64.92,worldgovernmentbonds,2026-08-01T18:05:45+00:00
cds_kr_5y,2013-01-31,2013-01-31,72.84,,66.91,worldgovernmentbonds,2026-08-01T18:05:45+00:00
cds_kr_5y,2013-02-01,2013-02-01,71.38,,72.84,worldgovernmentbonds,2026-08-01T18:05:45+00:00
cds_kr_5y,2013-02-04,2013-02-04,71.43,,71.38,worldgovernmentbonds,2026-08-01T18:05:45+00:00
cds_kr_5y,2013-02-05,2013-02-05,70.96,,71.43,worldgovernmentbonds,2026-08-01T18:05:45+00:00
cds_kr_5y,2013-02-06,2013-02-06,68.52,,70.96,worldgovernmentbonds,2026-08-01T18:05:45+00:00
cds_kr_5y,2013-02-07,2013-02-07,69.02,,68.52,worldgovernmentbonds,2026-08-01T18:05:45+00:00
cds_kr_5y,2013-02-08,2013-02-08,68.53,,69.02,worldgovernmentbonds,2026-08-01T18:05:45+00:00
cds_kr_5y,2013-02-11,2013-02-11,67.57,,68.53,worldgovernmentbonds,2026-08-01T18:05:45+00:00
cds_kr_5y,2013-02-12,2013-02-12,67.57,,67.57,worldgovernmentbonds,2026-08-01T18:05:45+00:00
cds_kr_5y,2013-02-13,2013-02-13,67.57,,67.57,worldgovernmentbonds,2026-08-01T18:05:45+00:00
cds_kr_5y,2013-02-14,2013-02-14,65.7,,67.57,worldgovernmentbonds,2026-08-01T18:05:45+00:00
cds_kr_5y,2013-02-15,2013-02-15,65.71,,65.7,worldgovernmentbonds,2026-08-01T18:05:45+00:00
cds_kr_5y,2013-02-18,2013-02-18,65.77,,65.71,worldgovernmentbonds,2026-08-01T18:05:45+00:00
cds_kr_5y,2013-02-19,2013-02-19,65.78,,65.77,worldgovernmentbonds,2026-08-01T18:05:45+00:00
cds_kr_5y,2013-02-20,2013-02-20,64.82,,65.78,worldgovernmentbonds,2026-08-01T18:05:45+00:00
cds_kr_5y,2013-02-21,2013-02-21,67.3,,64.82,worldgovernmentbonds,2026-08-01T18:05:45+00:00
cds_kr_5y,2013-02-22,2013-02-22,66.57,,67.3,worldgovernmentbonds,2026-08-01T18:05:45+00:00
cds_kr_5y,2013-02-25,2013-02-25,66.13,,66.57,worldgovernmentbonds,2026-08-01T18:05:45+00:00
cds_kr_5y,2013-02-26,2013-02-26,68.86,,66.13,worldgovernmentbonds,2026-08-01T18:05:45+00:00
cds_kr_5y,2013-02-27,2013-02-27,67.17,,68.86,worldgovernmentbonds,2026-08-01T18:05:45+00:00
cds_kr_5y,2013-02-28,2013-02-28,66.2,,67.17,worldgovernmentbonds,2026-08-01T18:05:45+00:00
cds_kr_5y,2013-03-01,2013-03-01,66.58,,66.2,worldgovernmentbonds,2026-08-01T18:05:45+00:00
cds_kr_5y,2013-03-04,2013-03-04,68.24,,66.58,worldgovernmentbonds,2026-08-01T18:05:45+00:00
cds_kr_5y,2013-03-05,2013-03-05,65.29,,68.24,worldgovernmentbonds,2026-08-01T18:05:45+00:00
cds_kr_5y,2013-03-06,2013-03-06,63.34,,65.29,worldgovernmentbonds,2026-08-01T18:05:45+00:00
cds_kr_5y,2013-03-07,2013-03-07,63.36,,63.34,worldgovernmentbonds,2026-08-01T18:05:45+00:00
cds_kr_5y,2013-03-08,2013-03-08,63.86,,63.36,worldgovernmentbonds,2026-08-01T18:05:45+00:00
cds_kr_5y,2013-03-11,2013-03-11,64.41,,63.86,worldgovernmentbonds,2026-08-01T18:05:45+00:00
cds_kr_5y,2013-03-12,2013-03-12,65.91,,64.41,worldgovernmentbonds,2026-08-01T18:05:45+00:00
cds_kr_5y,2013-03-13,2013-03-13,66.91,,65.91,worldgovernmentbonds,2026-08-01T18:05:45+00:00
cds_kr_5y,2013-03-14,2013-03-14,67.91,,66.91,worldgovernmentbonds,2026-08-01T18:05:45+00:00
cds_kr_5y,2013-03-15,2013-03-15,66.45,,67.91,worldgovernmentbonds,2026-08-01T18:05:45+00:00
cds_kr_5y,2013-03-18,2013-03-18,69.45,,66.45,worldgovernmentbonds,2026-08-01T18:05:45+00:00
cds_kr_5y,2013-03-19,2013-03-19,66.53,,69.45,worldgovernmentbonds,2026-08-01T18:05:45+00:00
cds_kr_5y,2013-03-20,2013-03-20,70.3,,66.53,worldgovernmentbonds,2026-08-01T18:05:45+00:00
cds_kr_5y,2013-03-21,2013-03-21,70.81,,70.3,worldgovernmentbonds,2026-08-01T18:05:45+00:00
cds_kr_5y,2013-03-22,2013-03-22,72.32,,70.81,worldgovernmentbonds,2026-08-01T18:05:45+00:00
cds_kr_5y,2013-03-25,2013-03-25,70.91,,72.32,worldgovernmentbonds,2026-08-01T18:05:45+00:00
cds_kr_5y,2013-03-26,2013-03-26,72.79,,70.91,worldgovernmentbonds,2026-08-01T18:05:45+00:00
cds_kr_5y,2013-03-27,2013-03-27,72.33,,72.79,worldgovernmentbonds,2026-08-01T18:05:45+00:00
cds_kr_5y,2013-03-28,2013-03-28,74.31,,72.33,worldgovernmentbonds,2026-08-01T18:05:45+00:00
cds_kr_5y,2013-03-29,2013-03-29,76.29,,74.31,worldgovernmentbonds,2026-08-01T18:05:45+00:00
cds_kr_5y,2013-04-01,2013-04-01,76.29,,76.29,worldgovernmentbonds,2026-08-01T18:05:45+00:00
cds_kr_5y,2013-04-02,2013-04-02,80.32,,76.29,worldgovernmentbonds,2026-08-01T18:05:45+00:00
cds_kr_5y,2013-04-03,2013-04-03,81.33,,80.32,worldgovernmentbonds,2026-08-01T18:05:45+00:00
cds_kr_5y,2013-04-04,2013-04-04,81.33,,81.33,worldgovernmentbonds,2026-08-01T18:05:45+00:00
cds_kr_5y,2013-04-05,2013-04-05,84.31,,81.33,worldgovernmentbonds,2026-08-01T18:05:45+00:00
cds_kr_5y,2013-04-08,2013-04-08,84.87,,84.31,worldgovernmentbonds,2026-08-01T18:05:45+00:00
cds_kr_5y,2013-04-09,2013-04-09,82.89,,84.87,worldgovernmentbonds,2026-08-01T18:05:45+00:00
cds_kr_5y,2013-04-10,2013-04-10,82.92,,82.89,worldgovernmentbonds,2026-08-01T18:05:45+00:00
cds_kr_5y,2013-04-11,2013-04-11,79.52,,82.92,worldgovernmentbonds,2026-08-01T18:05:45+00:00
cds_kr_5y,2013-04-12,2013-04-12,80.51,,79.52,worldgovernmentbonds,2026-08-01T18:05:45+00:00
cds_kr_5y,2013-04-15,2013-04-15,81.37,,80.51,worldgovernmentbonds,2026-08-01T18:05:45+00:00
cds_kr_5y,2013-04-16,2013-04-16,82.06,,81.37,worldgovernmentbonds,2026-08-01T18:05:45+00:00
cds_kr_5y,2013-04-17,2013-04-17,77.77,,82.06,worldgovernmentbonds,2026-08-01T18:05:45+00:00
cds_kr_5y,2013-04-18,2013-04-18,77.28,,77.77,worldgovernmentbonds,2026-08-01T18:05:45+00:00
cds_kr_5y,2013-04-19,2013-04-19,74.36,,77.28,worldgovernmentbonds,2026-08-01T18:05:45+00:00
cds_kr_5y,2013-04-22,2013-04-22,73.62,,74.36,worldgovernmentbonds,2026-08-01T18:05:45+00:00
cds_kr_5y,2013-04-23,2013-04-23,74.48,,73.62,worldgovernmentbonds,2026-08-01T18:05:45+00:00
cds_kr_5y,2013-04-24,2013-04-24,73.41,,74.48,worldgovernmentbonds,2026-08-01T18:05:45+00:00
cds_kr_5y,2013-04-25,2013-04-25,72.93,,73.41,worldgovernmentbonds,2026-08-01T18:05:45+00:00
cds_kr_5y,2013-04-26,2013-04-26,72.46,,72.93,worldgovernmentbonds,2026-08-01T18:05:45+00:00
cds_kr_5y,2013-04-29,2013-04-29,71.28,,72.46,worldgovernmentbonds,2026-08-01T18:05:45+00:00
cds_kr_5y,2013-04-30,2013-04-30,70.8,,71.28,worldgovernmentbonds,2026-08-01T18:05:45+00:00
cds_kr_5y,2013-05-01,2013-05-01,70.8,,70.8,worldgovernmentbonds,2026-08-01T18:05:45+00:00
cds_kr_5y,2013-05-02,2013-05-02,71.33,,70.8,worldgovernmentbonds,2026-08-01T18:05:45+00:00
cds_kr_5y,2013-05-03,2013-05-03,70.85,,71.33,worldgovernmentbonds,2026-08-01T18:05:45+00:00
cds_kr_5y,2013-05-06,2013-05-06,68.07,,70.85,worldgovernmentbonds,2026-08-01T18:05:45+00:00
cds_kr_5y,2013-05-07,2013-05-07,68.71,,68.07,worldgovernmentbonds,2026-08-01T18:05:45+00:00
cds_kr_5y,2013-05-08,2013-05-08,67.49,,68.71,worldgovernmentbonds,2026-08-01T18:05:45+00:00
cds_kr_5y,2013-05-09,2013-05-09,67.76,,67.49,worldgovernmentbonds,2026-08-01T18:05:45+00:00
cds_kr_5y,2013-05-10,2013-05-10,68.03,,67.76,worldgovernmentbonds,2026-08-01T18:05:45+00:00
cds_kr_5y,2013-05-13,2013-05-13,68.06,,68.03,worldgovernmentbonds,2026-08-01T18:05:45+00:00
cds_kr_5y,2013-05-14,2013-05-14,69.08,,68.06,worldgovernmentbonds,2026-08-01T18:05:45+00:00
cds_kr_5y,2013-05-15,2013-05-15,69.6,,69.08,worldgovernmentbonds,2026-08-01T18:05:45+00:00
cds_kr_5y,2013-05-16,2013-05-16,68.87,,69.6,worldgovernmentbonds,2026-08-01T18:05:45+00:00
cds_kr_5y,2013-05-17,2013-05-17,68.87,,68.87,worldgovernmentbonds,2026-08-01T18:05:45+00:00
cds_kr_5y,2013-05-20,2013-05-20,68.71,,68.87,worldgovernmentbonds,2026-08-01T18:05:45+00:00
cds_kr_5y,2013-05-21,2013-05-21,68.72,,68.71,worldgovernmentbonds,2026-08-01T18:05:45+00:00
cds_kr_5y,2013-05-22,2013-05-22,69.32,,68.72,worldgovernmentbonds,2026-08-01T18:05:45+00:00
cds_kr_5y,2013-05-23,2013-05-23,73.94,,69.32,worldgovernmentbonds,2026-08-01T18:05:45+00:00
cds_kr_5y,2013-05-24,2013-05-24,72.94,,73.94,worldgovernmentbonds,2026-08-01T18:05:45+00:00
cds_kr_5y,2013-05-27,2013-05-27,73.92,,72.94,worldgovernmentbonds,2026-08-01T18:05:45+00:00
cds_kr_5y,2013-05-28,2013-05-28,71.95,,73.92,worldgovernmentbonds,2026-08-01T18:05:45+00:00
cds_kr_5y,2013-05-29,2013-05-29,73.2,,71.95,worldgovernmentbonds,2026-08-01T18:05:45+00:00
cds_kr_5y,2013-05-31,2013-05-31,76.39,,73.2,worldgovernmentbonds,2026-08-01T18:05:45+00:00
cds_kr_5y,2013-06-03,2013-06-03,80.83,,76.39,worldgovernmentbonds,2026-08-01T18:05:45+00:00
cds_kr_5y,2013-06-04,2013-06-04,77.38,,80.83,worldgovernmentbonds,2026-08-01T18:05:45+00:00
cds_kr_5y,2013-06-05,2013-06-05,79.35,,77.38,worldgovernmentbonds,2026-08-01T18:05:45+00:00
cds_kr_5y,2013-06-06,2013-06-06,82.3,,79.35,worldgovernmentbonds,2026-08-01T18:05:45+00:00
cds_kr_5y,2013-06-07,2013-06-07,84.27,,82.3,worldgovernmentbonds,2026-08-01T18:05:45+00:00
cds_kr_5y,2013-06-10,2013-06-10,83.05,,84.27,worldgovernmentbonds,2026-08-01T18:05:45+00:00
cds_kr_5y,2013-06-11,2013-06-11,91.14,,83.05,worldgovernmentbonds,2026-08-01T18:05:45+00:00
cds_kr_5y,2013-06-12,2013-06-12,91.14,,91.14,worldgovernmentbonds,2026-08-01T18:05:45+00:00
cds_kr_5y,2013-06-13,2013-06-13,98.03,,91.14,worldgovernmentbonds,2026-08-01T18:05:45+00:00
cds_kr_5y,2013-06-14,2013-06-14,85.99,,98.03,worldgovernmentbonds,2026-08-01T18:05:45+00:00
cds_kr_5y,2013-06-17,2013-06-17,81.56,,85.99,worldgovernmentbonds,2026-08-01T18:05:45+00:00
cds_kr_5y,2013-06-18,2013-06-18,79.34,,81.56,worldgovernmentbonds,2026-08-01T18:05:45+00:00
cds_kr_5y,2013-06-19,2013-06-19,81.81,,79.34,worldgovernmentbonds,2026-08-01T18:05:45+00:00
cds_kr_5y,2013-06-20,2013-06-20,97.54,,81.81,worldgovernmentbonds,2026-08-01T18:05:45+00:00
cds_kr_5y,2013-06-21,2013-06-21,99.99,,97.54,worldgovernmentbonds,2026-08-01T18:05:45+00:00
cds_kr_5y,2013-06-24,2013-06-24,111.75,,99.99,worldgovernmentbonds,2026-08-01T18:05:45+00:00
cds_kr_5y,2013-06-25,2013-06-25,110.75,,111.75,worldgovernmentbonds,2026-08-01T18:05:45+00:00
cds_kr_5y,2013-06-26,2013-06-26,98.54,,110.75,worldgovernmentbonds,2026-08-01T18:05:45+00:00
cds_kr_5y,2013-06-27,2013-06-27,91.17,,98.54,worldgovernmentbonds,2026-08-01T18:05:45+00:00
cds_kr_5y,2013-06-28,2013-06-28,90.19,,91.17,worldgovernmentbonds,2026-08-01T18:05:45+00:00
cds_kr_5y,2013-07-01,2013-07-01,89.71,,90.19,worldgovernmentbonds,2026-08-01T18:05:45+00:00
cds_kr_5y,2013-07-02,2013-07-02,84.3,,89.71,worldgovernmentbonds,2026-08-01T18:05:45+00:00
cds_kr_5y,2013-07-03,2013-07-03,93.14,,84.3,worldgovernmentbonds,2026-08-01T18:05:45+00:00
cds_kr_5y,2013-07-04,2013-07-04,93.62,,93.14,worldgovernmentbonds,2026-08-01T18:05:45+00:00
cds_kr_5y,2013-07-05,2013-07-05,90.19,,93.62,worldgovernmentbonds,2026-08-01T18:05:45+00:00
cds_kr_5y,2013-07-08,2013-07-08,93.12,,90.19,worldgovernmentbonds,2026-08-01T18:05:45+00:00
cds_kr_5y,2013-07-09,2013-07-09,89.2,,93.12,worldgovernmentbonds,2026-08-01T18:05:45+00:00
cds_kr_5y,2013-07-10,2013-07-10,90.67,,89.2,worldgovernmentbonds,2026-08-01T18:05:45+00:00
cds_kr_5y,2013-07-11,2013-07-11,86.28,,90.67,worldgovernmentbonds,2026-08-01T18:05:45+00:00
cds_kr_5y,2013-07-12,2013-07-12,84.31,,86.28,worldgovernmentbonds,2026-08-01T18:05:45+00:00
cds_kr_5y,2013-07-15,2013-07-15,82.84,,84.31,worldgovernmentbonds,2026-08-01T18:05:45+00:00
cds_kr_5y,2013-07-16,2013-07-16,79.39,,82.84,worldgovernmentbonds,2026-08-01T18:05:45+00:00
cds_kr_5y,2013-07-17,2013-07-17,80.85,,79.39,worldgovernmentbonds,2026-08-01T18:05:45+00:00
cds_kr_5y,2013-07-18,2013-07-18,76.92,,80.85,worldgovernmentbonds,2026-08-01T18:05:45+00:00
cds_kr_5y,2013-07-19,2013-07-19,78.89,,76.92,worldgovernmentbonds,2026-08-01T18:05:45+00:00
cds_kr_5y,2013-07-22,2013-07-22,76.43,,78.89,worldgovernmentbonds,2026-08-01T18:05:45+00:00
cds_kr_5y,2013-07-23,2013-07-23,78.89,,76.43,worldgovernmentbonds,2026-08-01T18:05:45+00:00
cds_kr_5y,2013-07-24,2013-07-24,81.84,,78.89,worldgovernmentbonds,2026-08-01T18:05:45+00:00
cds_kr_5y,2013-07-25,2013-07-25,86.26,,81.84,worldgovernmentbonds,2026-08-01T18:05:45+00:00
cds_kr_5y,2013-07-26,2013-07-26,84.78,,86.26,worldgovernmentbonds,2026-08-01T18:05:45+00:00
cds_kr_5y,2013-07-29,2013-07-29,85.28,,84.78,worldgovernmentbonds,2026-08-01T18:05:45+00:00
cds_kr_5y,2013-07-30,2013-07-30,85.77,,85.28,worldgovernmentbonds,2026-08-01T18:05:45+00:00
cds_kr_5y,2013-07-31,2013-07-31,87.98,,85.77,worldgovernmentbonds,2026-08-01T18:05:45+00:00
cds_kr_5y,2013-08-01,2013-08-01,85.77,,87.98,worldgovernmentbonds,2026-08-01T18:05:45+00:00
cds_kr_5y,2013-08-02,2013-08-02,85.29,,85.77,worldgovernmentbonds,2026-08-01T18:05:45+00:00
cds_kr_5y,2013-08-05,2013-08-05,82.56,,85.29,worldgovernmentbonds,2026-08-01T18:05:45+00:00
cds_kr_5y,2013-08-06,2013-08-06,79.38,,82.56,worldgovernmentbonds,2026-08-01T18:05:45+00:00
cds_kr_5y,2013-08-07,2013-08-07,80.61,,79.38,worldgovernmentbonds,2026-08-01T18:05:45+00:00
cds_kr_5y,2013-08-08,2013-08-08,81.35,,80.61,worldgovernmentbonds,2026-08-01T18:05:45+00:00
cds_kr_5y,2013-08-09,2013-08-09,79.38,,81.35,worldgovernmentbonds,2026-08-01T18:05:45+00:00
cds_kr_5y,2013-08-12,2013-08-12,78.4,,79.38,worldgovernmentbonds,2026-08-01T18:05:45+00:00
cds_kr_5y,2013-08-13,2013-08-13,76.92,,78.4,worldgovernmentbonds,2026-08-01T18:05:45+00:00
cds_kr_5y,2013-08-14,2013-08-14,75.45,,76.92,worldgovernmentbonds,2026-08-01T18:05:45+00:00
cds_kr_5y,2013-08-15,2013-08-15,75.94,,75.45,worldgovernmentbonds,2026-08-01T18:05:45+00:00
cds_kr_5y,2013-08-16,2013-08-16,80.36,,75.94,worldgovernmentbonds,2026-08-01T18:05:45+00:00
cds_kr_5y,2013-08-19,2013-08-19,86.74,,80.36,worldgovernmentbonds,2026-08-01T18:05:45+00:00
cds_kr_5y,2013-08-20,2013-08-20,88.71,,86.74,worldgovernmentbonds,2026-08-01T18:05:45+00:00
cds_kr_5y,2013-08-21,2013-08-21,87.24,,88.71,worldgovernmentbonds,2026-08-01T18:05:45+00:00
cds_kr_5y,2013-08-22,2013-08-22,88.71,,87.24,worldgovernmentbonds,2026-08-01T18:05:45+00:00
cds_kr_5y,2013-08-23,2013-08-23,85.27,,88.71,worldgovernmentbonds,2026-08-01T18:05:45+00:00
cds_kr_5y,2013-08-26,2013-08-26,83.79,,85.27,worldgovernmentbonds,2026-08-01T18:05:45+00:00
cds_kr_5y,2013-08-27,2013-08-27,85.52,,83.79,worldgovernmentbonds,2026-08-01T18:05:45+00:00
cds_kr_5y,2013-08-28,2013-08-28,86.0,,85.52,worldgovernmentbonds,2026-08-01T18:05:45+00:00
cds_kr_5y,2013-08-29,2013-08-29,83.8,,86.0,worldgovernmentbonds,2026-08-01T18:05:45+00:00
cds_kr_5y,2013-08-30,2013-08-30,83.8,,83.8,worldgovernmentbonds,2026-08-01T18:05:45+00:00
cds_kr_5y,2013-09-02,2013-09-02,83.31,,83.8,worldgovernmentbonds,2026-08-01T18:05:45+00:00
cds_kr_5y,2013-09-03,2013-09-03,78.39,,83.31,worldgovernmentbonds,2026-08-01T18:05:45+00:00
cds_kr_5y,2013-09-04,2013-09-04,79.62,,78.39,worldgovernmentbonds,2026-08-01T18:05:45+00:00
cds_kr_5y,2013-09-05,2013-09-05,75.66,,79.62,worldgovernmentbonds,2026-08-01T18:05:45+00:00
cds_kr_5y,2013-09-06,2013-09-06,74.97,,75.66,worldgovernmentbonds,2026-08-01T18:05:45+00:00
cds_kr_5y,2013-09-09,2013-09-09,70.98,,74.97,worldgovernmentbonds,2026-08-01T18:05:45+00:00
cds_kr_5y,2013-09-10,2013-09-10,69.75,,70.98,worldgovernmentbonds,2026-08-01T18:05:45+00:00
cds_kr_5y,2013-09-11,2013-09-11,73.46,,69.75,worldgovernmentbonds,2026-08-01T18:05:45+00:00
cds_kr_5y,2013-09-12,2013-09-12,71.73,,73.46,worldgovernmentbonds,2026-08-01T18:05:45+00:00
cds_kr_5y,2013-09-13,2013-09-13,75.41,,71.73,worldgovernmentbonds,2026-08-01T18:05:45+00:00
cds_kr_5y,2013-09-16,2013-09-16,71.01,,75.41,worldgovernmentbonds,2026-08-01T18:05:45+00:00
cds_kr_5y,2013-09-17,2013-09-17,72.97,,71.01,worldgovernmentbonds,2026-08-01T18:05:45+00:00
cds_kr_5y,2013-09-18,2013-09-18,70.49,,72.97,worldgovernmentbonds,2026-08-01T18:05:45+00:00
cds_kr_5y,2013-09-19,2013-09-19,65.56,,70.49,worldgovernmentbonds,2026-08-01T18:05:45+00:00
cds_kr_5y,2013-09-20,2013-09-20,67.54,,65.56,worldgovernmentbonds,2026-08-01T18:05:45+00:00
cds_kr_5y,2013-09-23,2013-09-23,72.98,,67.54,worldgovernmentbonds,2026-08-01T18:05:45+00:00
cds_kr_5y,2013-09-24,2013-09-24,78.4,,72.98,worldgovernmentbonds,2026-08-01T18:05:45+00:00
cds_kr_5y,2013-09-25,2013-09-25,76.44,,78.4,worldgovernmentbonds,2026-08-01T18:05:45+00:00
cds_kr_5y,2013-09-26,2013-09-26,75.93,,76.44,worldgovernmentbonds,2026-08-01T18:05:45+00:00
cds_kr_5y,2013-09-27,2013-09-27,74.22,,75.93,worldgovernmentbonds,2026-08-01T18:05:45+00:00
cds_kr_5y,2013-09-30,2013-09-30,78.16,,74.22,worldgovernmentbonds,2026-08-01T18:05:45+00:00
cds_kr_5y,2013-10-01,2013-10-01,78.16,,78.16,worldgovernmentbonds,2026-08-01T18:05:45+00:00
cds_kr_5y,2013-10-02,2013-10-02,75.2,,78.16,worldgovernmentbonds,2026-08-01T18:05:45+00:00
cds_kr_5y,2013-10-03,2013-10-03,74.71,,75.2,worldgovernmentbonds,2026-08-01T18:05:45+00:00
cds_kr_5y,2013-10-04,2013-10-04,74.22,,74.71,worldgovernmentbonds,2026-08-01T18:05:45+00:00
cds_kr_5y,2013-10-07,2013-10-07,72.77,,74.22,worldgovernmentbonds,2026-08-01T18:05:45+00:00
cds_kr_5y,2013-10-08,2013-10-08,72.26,,72.77,worldgovernmentbonds,2026-08-01T18:05:45+00:00
cds_kr_5y,2013-10-09,2013-10-09,72.27,,72.26,worldgovernmentbonds,2026-08-01T18:05:45+00:00
cds_kr_5y,2013-10-10,2013-10-10,69.56,,72.27,worldgovernmentbonds,2026-08-01T18:05:45+00:00
cds_kr_5y,2013-10-11,2013-10-11,67.08,,69.56,worldgovernmentbonds,2026-08-01T18:05:45+00:00
cds_kr_5y,2013-10-14,2013-10-14,67.08,,67.08,worldgovernmentbonds,2026-08-01T18:05:45+00:00
cds_kr_5y,2013-10-15,2013-10-15,65.85,,67.08,worldgovernmentbonds,2026-08-01T18:05:45+00:00
cds_kr_5y,2013-10-16,2013-10-16,65.84,,65.85,worldgovernmentbonds,2026-08-01T18:05:45+00:00
cds_kr_5y,2013-10-17,2013-10-17,63.87,,65.84,worldgovernmentbonds,2026-08-01T18:05:45+00:00
cds_kr_5y,2013-10-18,2013-10-18,64.6,,63.87,worldgovernmentbonds,2026-08-01T18:05:45+00:00
cds_kr_5y,2013-10-21,2013-10-21,63.61,,64.6,worldgovernmentbonds,2026-08-01T18:05:45+00:00
cds_kr_5y,2013-10-22,2013-10-22,63.6,,63.61,worldgovernmentbonds,2026-08-01T18:05:45+00:00
cds_kr_5y,2013-10-23,2013-10-23,63.09,,63.6,worldgovernmentbonds,2026-08-01T18:05:45+00:00
cds_kr_5y,2013-10-24,2013-10-24,63.61,,63.09,worldgovernmentbonds,2026-08-01T18:05:45+00:00
cds_kr_5y,2013-10-25,2013-10-25,63.11,,63.61,worldgovernmentbonds,2026-08-01T18:05:45+00:00
cds_kr_5y,2013-10-28,2013-10-28,61.62,,63.11,worldgovernmentbonds,2026-08-01T18:05:45+00:00
cds_kr_5y,2013-10-29,2013-10-29,61.62,,61.62,worldgovernmentbonds,2026-08-01T18:05:45+00:00
cds_kr_5y,2013-10-30,2013-10-30,60.64,,61.62,worldgovernmentbonds,2026-08-01T18:05:45+00:00
cds_kr_5y,2013-10-31,2013-10-31,61.12,,60.64,worldgovernmentbonds,2026-08-01T18:05:45+00:00
cds_kr_5y,2013-11-01,2013-11-01,61.61,,61.12,worldgovernmentbonds,2026-08-01T18:05:45+00:00
cds_kr_5y,2013-11-04,2013-11-04,63.6,,61.61,worldgovernmentbonds,2026-08-01T18:05:45+00:00
cds_kr_5y,2013-11-05,2013-11-05,63.09,,63.6,worldgovernmentbonds,2026-08-01T18:05:45+00:00
cds_kr_5y,2013-11-06,2013-11-06,63.09,,63.09,worldgovernmentbonds,2026-08-01T18:05:45+00:00
cds_kr_5y,2013-11-07,2013-11-07,61.11,,63.09,worldgovernmentbonds,2026-08-01T18:05:45+00:00
cds_kr_5y,2013-11-08,2013-11-08,61.61,,61.11,worldgovernmentbonds,2026-08-01T18:05:45+00:00
cds_kr_5y,2013-11-11,2013-11-11,61.61,,61.61,worldgovernmentbonds,2026-08-01T18:05:45+00:00
cds_kr_5y,2013-11-12,2013-11-12,61.61,,61.61,worldgovernmentbonds,2026-08-01T18:05:45+00:00
cds_kr_5y,2013-11-13,2013-11-13,62.1,,61.61,worldgovernmentbonds,2026-08-01T18:05:45+00:00
cds_kr_5y,2013-11-14,2013-11-14,61.61,,62.1,worldgovernmentbonds,2026-08-01T18:05:45+00:00
cds_kr_5y,2013-11-15,2013-11-15,61.1,,61.61,worldgovernmentbonds,2026-08-01T18:05:45+00:00
cds_kr_5y,2013-11-18,2013-11-18,59.38,,61.1,worldgovernmentbonds,2026-08-01T18:05:45+00:00
cds_kr_5y,2013-11-19,2013-11-19,58.64,,59.38,worldgovernmentbonds,2026-08-01T18:05:45+00:00
cds_kr_5y,2013-11-20,2013-11-20,58.63,,58.64,worldgovernmentbonds,2026-08-01T18:05:45+00:00
cds_kr_5y,2013-11-21,2013-11-21,58.65,,58.63,worldgovernmentbonds,2026-08-01T18:05:45+00:00
cds_kr_5y,2013-11-22,2013-11-22,58.64,,58.65,worldgovernmentbonds,2026-08-01T18:05:45+00:00
cds_kr_5y,2013-11-25,2013-11-25,58.14,,58.64,worldgovernmentbonds,2026-08-01T18:05:45+00:00
cds_kr_5y,2013-11-26,2013-11-26,58.14,,58.14,worldgovernmentbonds,2026-08-01T18:05:45+00:00
cds_kr_5y,2013-11-27,2013-11-27,57.89,,58.14,worldgovernmentbonds,2026-08-01T18:05:45+00:00
cds_kr_5y,2013-11-28,2013-11-28,57.89,,57.89,worldgovernmentbonds,2026-08-01T18:05:45+00:00
cds_kr_5y,2013-11-29,2013-11-29,57.89,,57.89,worldgovernmentbonds,2026-08-01T18:05:45+00:00
cds_kr_5y,2013-12-02,2013-12-02,57.89,,57.89,worldgovernmentbonds,2026-08-01T18:05:45+00:00
cds_kr_5y,2013-12-03,2013-12-03,57.64,,57.89,worldgovernmentbonds,2026-08-01T18:05:45+00:00
cds_kr_5y,2013-12-04,2013-12-04,59.12,,57.64,worldgovernmentbonds,2026-08-01T18:05:45+00:00
cds_kr_5y,2013-12-05,2013-12-05,59.12,,59.12,worldgovernmentbonds,2026-08-01T18:05:45+00:00
cds_kr_5y,2013-12-06,2013-12-06,58.63,,59.12,worldgovernmentbonds,2026-08-01T18:05:45+00:00
cds_kr_5y,2013-12-09,2013-12-09,57.15,,58.63,worldgovernmentbonds,2026-08-01T18:05:45+00:00
cds_kr_5y,2013-12-10,2013-12-10,57.14,,57.15,worldgovernmentbonds,2026-08-01T18:05:45+00:00
cds_kr_5y,2013-12-11,2013-12-11,56.65,,57.14,worldgovernmentbonds,2026-08-01T18:05:45+00:00
cds_kr_5y,2013-12-12,2013-12-12,56.64,,56.65,worldgovernmentbonds,2026-08-01T18:05:45+00:00
cds_kr_5y,2013-12-13,2013-12-13,55.43,,56.64,worldgovernmentbonds,2026-08-01T18:05:45+00:00
cds_kr_5y,2013-12-16,2013-12-16,55.41,,55.43,worldgovernmentbonds,2026-08-01T18:05:45+00:00
cds_kr_5y,2013-12-17,2013-12-17,56.65,,55.41,worldgovernmentbonds,2026-08-01T18:05:45+00:00
cds_kr_5y,2013-12-18,2013-12-18,56.65,,56.65,worldgovernmentbonds,2026-08-01T18:05:45+00:00
cds_kr_5y,2013-12-19,2013-12-19,56.64,,56.65,worldgovernmentbonds,2026-08-01T18:05:45+00:00
cds_kr_5y,2013-12-20,2013-12-20,58.63,,56.64,worldgovernmentbonds,2026-08-01T18:05:45+00:00
cds_kr_5y,2013-12-23,2013-12-23,61.13,,58.63,worldgovernmentbonds,2026-08-01T18:05:45+00:00
cds_kr_5y,2013-12-24,2013-12-24,61.14,,61.13,worldgovernmentbonds,2026-08-01T18:05:45+00:00
cds_kr_5y,2013-12-25,2013-12-25,61.15,,61.14,worldgovernmentbonds,2026-08-01T18:05:45+00:00
cds_kr_5y,2013-12-26,2013-12-26,61.15,,61.15,worldgovernmentbonds,2026-08-01T18:05:45+00:00
cds_kr_5y,2013-12-27,2013-12-27,62.1,,61.15,worldgovernmentbonds,2026-08-01T18:05:45+00:00
cds_kr_5y,2013-12-30,2013-12-30,65.56,,62.1,worldgovernmentbonds,2026-08-01T18:05:45+00:00
cds_kr_5y,2013-12-31,2013-12-31,66.06,,65.56,worldgovernmentbonds,2026-08-01T18:05:45+00:00
cds_kr_5y,2014-01-01,2014-01-01,66.04,,66.06,worldgovernmentbonds,2026-08-01T18:05:45+00:00
cds_kr_5y,2014-01-02,2014-01-02,66.07,,66.04,worldgovernmentbonds,2026-08-01T18:05:45+00:00
cds_kr_5y,2014-01-03,2014-01-03,66.54,,66.07,worldgovernmentbonds,2026-08-01T18:05:45+00:00
cds_kr_5y,2014-01-06,2014-01-06,67.04,,66.54,worldgovernmentbonds,2026-08-01T18:05:45+00:00
cds_kr_5y,2014-01-07,2014-01-07,68.52,,67.04,worldgovernmentbonds,2026-08-01T18:05:45+00:00
cds_kr_5y,2014-01-08,2014-01-08,68.51,,68.52,worldgovernmentbonds,2026-08-01T18:05:45+00:00
cds_kr_5y,2014-01-09,2014-01-09,68.02,,68.51,worldgovernmentbonds,2026-08-01T18:05:45+00:00
cds_kr_5y,2014-01-10,2014-01-10,68.02,,68.02,worldgovernmentbonds,2026-08-01T18:05:45+00:00
cds_kr_5y,2014-01-13,2014-01-13,67.49,,68.02,worldgovernmentbonds,2026-08-01T18:05:45+00:00
cds_kr_5y,2014-01-14,2014-01-14,68.02,,67.49,worldgovernmentbonds,2026-08-01T18:05:45+00:00
cds_kr_5y,2014-01-15,2014-01-15,68.51,,68.02,worldgovernmentbonds,2026-08-01T18:05:45+00:00
cds_kr_5y,2014-01-16,2014-01-16,68.02,,68.51,worldgovernmentbonds,2026-08-01T18:05:45+00:00
cds_kr_5y,2014-01-17,2014-01-17,68.02,,68.02,worldgovernmentbonds,2026-08-01T18:05:45+00:00
cds_kr_5y,2014-01-20,2014-01-20,69.98,,68.02,worldgovernmentbonds,2026-08-01T18:05:45+00:00
cds_kr_5y,2014-01-21,2014-01-21,69.98,,69.98,worldgovernmentbonds,2026-08-01T18:05:45+00:00
cds_kr_5y,2014-01-22,2014-01-22,69.98,,69.98,worldgovernmentbonds,2026-08-01T18:05:45+00:00
cds_kr_5y,2014-01-23,2014-01-23,69.5,,69.98,worldgovernmentbonds,2026-08-01T18:05:45+00:00
cds_kr_5y,2014-01-24,2014-01-24,72.46,,69.5,worldgovernmentbonds,2026-08-01T18:05:45+00:00
cds_kr_5y,2014-01-27,2014-01-27,71.97,,72.46,worldgovernmentbonds,2026-08-01T18:05:45+00:00
cds_kr_5y,2014-01-28,2014-01-28,70.0,,71.97,worldgovernmentbonds,2026-08-01T18:05:45+00:00
cds_kr_5y,2014-01-29,2014-01-29,68.02,,70.0,worldgovernmentbonds,2026-08-01T18:05:45+00:00
cds_kr_5y,2014-01-30,2014-01-30,69.98,,68.02,worldgovernmentbonds,2026-08-01T18:05:45+00:00
cds_kr_5y,2014-01-31,2014-01-31,69.98,,69.98,worldgovernmentbonds,2026-08-01T18:05:45+00:00
cds_kr_5y,2014-02-03,2014-02-03,69.98,,69.98,worldgovernmentbonds,2026-08-01T18:05:45+00:00
cds_kr_5y,2014-02-04,2014-02-04,73.93,,69.98,worldgovernmentbonds,2026-08-01T18:05:45+00:00
cds_kr_5y,2014-02-05,2014-02-05,71.98,,73.93,worldgovernmentbonds,2026-08-01T18:05:45+00:00
cds_kr_5y,2014-02-06,2014-02-06,71.98,,71.98,worldgovernmentbonds,2026-08-01T18:05:45+00:00
cds_kr_5y,2014-02-07,2014-02-07,70.98,,71.98,worldgovernmentbonds,2026-08-01T18:05:45+00:00
cds_kr_5y,2014-02-10,2014-02-10,70.0,,70.98,worldgovernmentbonds,2026-08-01T18:05:45+00:00
cds_kr_5y,2014-02-11,2014-02-11,69.01,,70.0,worldgovernmentbonds,2026-08-01T18:05:45+00:00
cds_kr_5y,2014-02-12,2014-02-12,69.01,,69.01,worldgovernmentbonds,2026-08-01T18:05:45+00:00
cds_kr_5y,2014-02-13,2014-02-13,70.0,,69.01,worldgovernmentbonds,2026-08-01T18:05:45+00:00
cds_kr_5y,2014-02-14,2014-02-14,69.01,,70.0,worldgovernmentbonds,2026-08-01T18:05:45+00:00
cds_kr_5y,2014-02-17,2014-02-17,67.04,,69.01,worldgovernmentbonds,2026-08-01T18:05:45+00:00
cds_kr_5y,2014-02-18,2014-02-18,67.04,,67.04,worldgovernmentbonds,2026-08-01T18:05:45+00:00
cds_kr_5y,2014-02-19,2014-02-19,67.53,,67.04,worldgovernmentbonds,2026-08-01T18:05:45+00:00
cds_kr_5y,2014-02-20,2014-02-20,69.01,,67.53,worldgovernmentbonds,2026-08-01T18:05:45+00:00
cds_kr_5y,2014-02-21,2014-02-21,68.52,,69.01,worldgovernmentbonds,2026-08-01T18:05:45+00:00
cds_kr_5y,2014-02-24,2014-02-24,68.51,,68.52,worldgovernmentbonds,2026-08-01T18:05:45+00:00
cds_kr_5y,2014-02-25,2014-02-25,68.51,,68.51,worldgovernmentbonds,2026-08-01T18:05:45+00:00
cds_kr_5y,2014-02-26,2014-02-26,69.0,,68.51,worldgovernmentbonds,2026-08-01T18:05:45+00:00
cds_kr_5y,2014-02-27,2014-02-27,68.51,,69.0,worldgovernmentbonds,2026-08-01T18:05:45+00:00
cds_kr_5y,2014-02-28,2014-02-28,66.53,,68.51,worldgovernmentbonds,2026-08-01T18:05:45+00:00
cds_kr_5y,2014-03-03,2014-03-03,67.54,,66.53,worldgovernmentbonds,2026-08-01T18:05:45+00:00
cds_kr_5y,2014-03-04,2014-03-04,66.53,,67.54,worldgovernmentbonds,2026-08-01T18:05:45+00:00
cds_kr_5y,2014-03-05,2014-03-05,64.32,,66.53,worldgovernmentbonds,2026-08-01T18:05:45+00:00
cds_kr_5y,2014-03-06,2014-03-06,63.8,,64.32,worldgovernmentbonds,2026-08-01T18:05:45+00:00
cds_kr_5y,2014-03-07,2014-03-07,62.32,,63.8,worldgovernmentbonds,2026-08-01T18:05:45+00:00
cds_kr_5y,2014-03-10,2014-03-10,63.07,,62.32,worldgovernmentbonds,2026-08-01T18:05:45+00:00
cds_kr_5y,2014-03-11,2014-03-11,62.08,,63.07,worldgovernmentbonds,2026-08-01T18:05:45+00:00
cds_kr_5y,2014-03-12,2014-03-12,62.57,,62.08,worldgovernmentbonds,2026-08-01T18:05:45+00:00
cds_kr_5y,2014-03-13,2014-03-13,62.57,,62.57,worldgovernmentbonds,2026-08-01T18:05:45+00:00
cds_kr_5y,2014-03-14,2014-03-14,63.57,,62.57,worldgovernmentbonds,2026-08-01T18:05:45+00:00
cds_kr_5y,2014-03-17,2014-03-17,63.06,,63.57,worldgovernmentbonds,2026-08-01T18:05:45+00:00
cds_kr_5y,2014-03-18,2014-03-18,61.58,,63.06,worldgovernmentbonds,2026-08-01T18:05:45+00:00
cds_kr_5y,2014-03-19,2014-03-19,61.57,,61.58,worldgovernmentbonds,2026-08-01T18:05:45+00:00
cds_kr_5y,2014-03-20,2014-03-20,65.55,,61.57,worldgovernmentbonds,2026-08-01T18:05:45+00:00
cds_kr_5y,2014-03-21,2014-03-21,64.57,,65.55,worldgovernmentbonds,2026-08-01T18:05:45+00:00
cds_kr_5y,2014-03-24,2014-03-24,62.56,,64.57,worldgovernmentbonds,2026-08-01T18:05:45+00:00
cds_kr_5y,2014-03-25,2014-03-25,62.56,,62.56,worldgovernmentbonds,2026-08-01T18:05:45+00:00
cds_kr_5y,2014-03-26,2014-03-26,62.1,,62.56,worldgovernmentbonds,2026-08-01T18:05:45+00:00
cds_kr_5y,2014-03-27,2014-03-27,61.6,,62.1,worldgovernmentbonds,2026-08-01T18:05:45+00:00
cds_kr_5y,2014-03-28,2014-03-28,61.6,,61.6,worldgovernmentbonds,2026-08-01T18:05:45+00:00
cds_kr_5y,2014-03-31,2014-03-31,61.12,,61.6,worldgovernmentbonds,2026-08-01T18:05:45+00:00
cds_kr_5y,2014-04-01,2014-04-01,61.09,,61.12,worldgovernmentbonds,2026-08-01T18:05:45+00:00
cds_kr_5y,2014-04-02,2014-04-02,64.07,,61.09,worldgovernmentbonds,2026-08-01T18:05:45+00:00
cds_kr_5y,2014-04-03,2014-04-03,61.59,,64.07,worldgovernmentbonds,2026-08-01T18:05:45+00:00
cds_kr_5y,2014-04-04,2014-04-04,61.59,,61.59,worldgovernmentbonds,2026-08-01T18:05:45+00:00
cds_kr_5y,2014-04-07,2014-04-07,62.55,,61.59,worldgovernmentbonds,2026-08-01T18:05:45+00:00
cds_kr_5y,2014-04-08,2014-04-08,62.09,,62.55,worldgovernmentbonds,2026-08-01T18:05:45+00:00
cds_kr_5y,2014-04-09,2014-04-09,61.09,,62.09,worldgovernmentbonds,2026-08-01T18:05:45+00:00
cds_kr_5y,2014-04-10,2014-04-10,59.61,,61.09,worldgovernmentbonds,2026-08-01T18:05:45+00:00
cds_kr_5y,2014-04-11,2014-04-11,61.09,,59.61,worldgovernmentbonds,2026-08-01T18:05:45+00:00
cds_kr_5y,2014-04-14,2014-04-14,61.57,,61.09,worldgovernmentbonds,2026-08-01T18:05:45+00:00
cds_kr_5y,2014-04-15,2014-04-15,61.58,,61.57,worldgovernmentbonds,2026-08-01T18:05:45+00:00
cds_kr_5y,2014-04-16,2014-04-16,62.57,,61.58,worldgovernmentbonds,2026-08-01T18:05:45+00:00
cds_kr_5y,2014-04-17,2014-04-17,62.57,,62.57,worldgovernmentbonds,2026-08-01T18:05:45+00:00
cds_kr_5y,2014-04-18,2014-04-18,62.58,,62.57,worldgovernmentbonds,2026-08-01T18:05:45+00:00
cds_kr_5y,2014-04-21,2014-04-21,62.57,,62.58,worldgovernmentbonds,2026-08-01T18:05:45+00:00
cds_kr_5y,2014-04-22,2014-04-22,62.58,,62.57,worldgovernmentbonds,2026-08-01T18:05:45+00:00
cds_kr_5y,2014-04-23,2014-04-23,61.58,,62.58,worldgovernmentbonds,2026-08-01T18:05:45+00:00
cds_kr_5y,2014-04-24,2014-04-24,62.56,,61.58,worldgovernmentbonds,2026-08-01T18:05:45+00:00
cds_kr_5y,2014-04-25,2014-04-25,62.56,,62.56,worldgovernmentbonds,2026-08-01T18:05:45+00:00
cds_kr_5y,2014-04-28,2014-04-28,62.56,,62.56,worldgovernmentbonds,2026-08-01T18:05:45+00:00
cds_kr_5y,2014-04-29,2014-04-29,63.56,,62.56,worldgovernmentbonds,2026-08-01T18:05:45+00:00
cds_kr_5y,2014-04-30,2014-04-30,63.05,,63.56,worldgovernmentbonds,2026-08-01T18:05:45+00:00
cds_kr_5y,2014-05-01,2014-05-01,63.05,,63.05,worldgovernmentbonds,2026-08-01T18:05:45+00:00
cds_kr_5y,2014-05-02,2014-05-02,63.05,,63.05,worldgovernmentbonds,2026-08-01T18:05:45+00:00
cds_kr_5y,2014-05-05,2014-05-05,62.57,,63.05,worldgovernmentbonds,2026-08-01T18:05:45+00:00
cds_kr_5y,2014-05-06,2014-05-06,62.57,,62.57,worldgovernmentbonds,2026-08-01T18:05:45+00:00
cds_kr_5y,2014-05-07,2014-05-07,61.58,,62.57,worldgovernmentbonds,2026-08-01T18:05:45+00:00
cds_kr_5y,2014-05-08,2014-05-08,58.4,,61.58,worldgovernmentbonds,2026-08-01T18:05:45+00:00
cds_kr_5y,2014-05-09,2014-05-09,60.08,,58.4,worldgovernmentbonds,2026-08-01T18:05:45+00:00
cds_kr_5y,2014-05-12,2014-05-12,58.43,,60.08,worldgovernmentbonds,2026-08-01T18:05:45+00:00
cds_kr_5y,2014-05-13,2014-05-13,58.41,,58.43,worldgovernmentbonds,2026-08-01T18:05:45+00:00
cds_kr_5y,2014-05-14,2014-05-14,58.42,,58.41,worldgovernmentbonds,2026-08-01T18:05:45+00:00
cds_kr_5y,2014-05-15,2014-05-15,55.41,,58.42,worldgovernmentbonds,2026-08-01T18:05:45+00:00
cds_kr_5y,2014-05-16,2014-05-16,55.45,,55.41,worldgovernmentbonds,2026-08-01T18:05:45+00:00
cds_kr_5y,2014-05-19,2014-05-19,55.47,,55.45,worldgovernmentbonds,2026-08-01T18:05:45+00:00
cds_kr_5y,2014-05-20,2014-05-20,58.42,,55.47,worldgovernmentbonds,2026-08-01T18:05:45+00:00
cds_kr_5y,2014-05-21,2014-05-21,59.41,,58.42,worldgovernmentbonds,2026-08-01T18:05:45+00:00
cds_kr_5y,2014-05-22,2014-05-22,59.42,,59.41,worldgovernmentbonds,2026-08-01T18:05:45+00:00
cds_kr_5y,2014-05-23,2014-05-23,59.4,,59.42,worldgovernmentbonds,2026-08-01T18:05:45+00:00
cds_kr_5y,2014-05-26,2014-05-26,59.4,,59.4,worldgovernmentbonds,2026-08-01T18:05:45+00:00
cds_kr_5y,2014-05-27,2014-05-27,56.41,,59.4,worldgovernmentbonds,2026-08-01T18:05:45+00:00
cds_kr_5y,2014-05-28,2014-05-28,56.42,,56.41,worldgovernmentbonds,2026-08-01T18:05:45+00:00
cds_kr_5y,2014-05-29,2014-05-29,54.4,,56.42,worldgovernmentbonds,2026-08-01T18:05:45+00:00
cds_kr_5y,2014-05-30,2014-05-30,54.45,,54.4,worldgovernmentbonds,2026-08-01T18:05:45+00:00
cds_kr_5y,2014-06-02,2014-06-02,54.45,,54.45,worldgovernmentbonds,2026-08-01T18:05:45+00:00
cds_kr_5y,2014-06-03,2014-06-03,55.43,,54.45,worldgovernmentbonds,2026-08-01T18:05:45+00:00
cds_kr_5y,2014-06-04,2014-06-04,55.44,,55.43,worldgovernmentbonds,2026-08-01T18:05:45+00:00
cds_kr_5y,2014-06-05,2014-06-05,55.45,,55.44,worldgovernmentbonds,2026-08-01T18:05:45+00:00
cds_kr_5y,2014-06-06,2014-06-06,55.45,,55.45,worldgovernmentbonds,2026-08-01T18:05:45+00:00
cds_kr_5y,2014-06-09,2014-06-09,55.46,,55.45,worldgovernmentbonds,2026-08-01T18:05:45+00:00
cds_kr_5y,2014-06-10,2014-06-10,55.41,,55.46,worldgovernmentbonds,2026-08-01T18:05:45+00:00
cds_kr_5y,2014-06-11,2014-06-11,55.44,,55.41,worldgovernmentbonds,2026-08-01T18:05:45+00:00
cds_kr_5y,2014-06-12,2014-06-12,55.43,,55.44,worldgovernmentbonds,2026-08-01T18:05:45+00:00
cds_kr_5y,2014-06-13,2014-06-13,55.42,,55.43,worldgovernmentbonds,2026-08-01T18:05:45+00:00
cds_kr_5y,2014-06-16,2014-06-16,55.42,,55.42,worldgovernmentbonds,2026-08-01T18:05:45+00:00
cds_kr_5y,2014-06-17,2014-06-17,55.59,,55.42,worldgovernmentbonds,2026-08-01T18:05:45+00:00
cds_kr_5y,2014-06-18,2014-06-18,55.09,,55.59,worldgovernmentbonds,2026-08-01T18:05:45+00:00
cds_kr_5y,2014-06-19,2014-06-19,54.09,,55.09,worldgovernmentbonds,2026-08-01T18:05:45+00:00
cds_kr_5y,2014-06-20,2014-06-20,55.63,,54.09,worldgovernmentbonds,2026-08-01T18:05:45+00:00
cds_kr_5y,2014-06-23,2014-06-23,55.37,,55.63,worldgovernmentbonds,2026-08-01T18:05:45+00:00
cds_kr_5y,2014-06-24,2014-06-24,51.89,,55.37,worldgovernmentbonds,2026-08-01T18:05:45+00:00
cds_kr_5y,2014-06-25,2014-06-25,52.38,,51.89,worldgovernmentbonds,2026-08-01T18:05:45+00:00
cds_kr_5y,2014-06-26,2014-06-26,52.63,,52.38,worldgovernmentbonds,2026-08-01T18:05:45+00:00
cds_kr_5y,2014-06-27,2014-06-27,53.62,,52.63,worldgovernmentbonds,2026-08-01T18:05:45+00:00
cds_kr_5y,2014-06-30,2014-06-30,53.61,,53.62,worldgovernmentbonds,2026-08-01T18:05:45+00:00
cds_kr_5y,2014-07-01,2014-07-01,53.62,,53.61,worldgovernmentbonds,2026-08-01T18:05:45+00:00
cds_kr_5y,2014-07-02,2014-07-02,52.63,,53.62,worldgovernmentbonds,2026-08-01T18:05:45+00:00
cds_kr_5y,2014-07-03,2014-07-03,52.13,,52.63,worldgovernmentbonds,2026-08-01T18:05:45+00:00
cds_kr_5y,2014-07-04,2014-07-04,52.12,,52.13,worldgovernmentbonds,2026-08-01T18:05:45+00:00
cds_kr_5y,2014-07-07,2014-07-07,52.12,,52.12,worldgovernmentbonds,2026-08-01T18:05:45+00:00
cds_kr_5y,2014-07-08,2014-07-08,52.6,,52.12,worldgovernmentbonds,2026-08-01T18:05:45+00:00
cds_kr_5y,2014-07-09,2014-07-09,52.62,,52.6,worldgovernmentbonds,2026-08-01T18:05:45+00:00
cds_kr_5y,2014-07-10,2014-07-10,51.63,,52.62,worldgovernmentbonds,2026-08-01T18:05:45+00:00
cds_kr_5y,2014-07-11,2014-07-11,51.64,,51.63,worldgovernmentbonds,2026-08-01T18:05:45+00:00
cds_kr_5y,2014-07-14,2014-07-14,51.38,,51.64,worldgovernmentbonds,2026-08-01T18:05:45+00:00
cds_kr_5y,2014-07-15,2014-07-15,51.39,,51.38,worldgovernmentbonds,2026-08-01T18:05:45+00:00
cds_kr_5y,2014-07-16,2014-07-16,51.63,,51.39,worldgovernmentbonds,2026-08-01T18:05:45+00:00
cds_kr_5y,2014-07-17,2014-07-17,51.64,,51.63,worldgovernmentbonds,2026-08-01T18:05:45+00:00
cds_kr_5y,2014-07-18,2014-07-18,52.35,,51.64,worldgovernmentbonds,2026-08-01T18:05:45+00:00
cds_kr_5y,2014-07-21,2014-07-21,52.39,,52.35,worldgovernmentbonds,2026-08-01T18:05:45+00:00
cds_kr_5y,2014-07-22,2014-07-22,52.12,,52.39,worldgovernmentbonds,2026-08-01T18:05:45+00:00
cds_kr_5y,2014-07-23,2014-07-23,51.38,,52.12,worldgovernmentbonds,2026-08-01T18:05:45+00:00
cds_kr_5y,2014-07-24,2014-07-24,51.13,,51.38,worldgovernmentbonds,2026-08-01T18:05:45+00:00
cds_kr_5y,2014-07-25,2014-07-25,51.64,,51.13,worldgovernmentbonds,2026-08-01T18:05:45+00:00
cds_kr_5y,2014-07-28,2014-07-28,52.1,,51.64,worldgovernmentbonds,2026-08-01T18:05:45+00:00
cds_kr_5y,2014-07-29,2014-07-29,52.63,,52.1,worldgovernmentbonds,2026-08-01T18:05:45+00:00
cds_kr_5y,2014-07-30,2014-07-30,53.41,,52.63,worldgovernmentbonds,2026-08-01T18:05:45+00:00
cds_kr_5y,2014-07-31,2014-07-31,53.6,,53.41,worldgovernmentbonds,2026-08-01T18:05:45+00:00
cds_kr_5y,2014-08-01,2014-08-01,56.07,,53.6,worldgovernmentbonds,2026-08-01T18:05:45+00:00
cds_kr_5y,2014-08-04,2014-08-04,56.04,,56.07,worldgovernmentbonds,2026-08-01T18:05:45+00:00
cds_kr_5y,2014-08-05,2014-08-05,54.1,,56.04,worldgovernmentbonds,2026-08-01T18:05:45+00:00
cds_kr_5y,2014-08-06,2014-08-06,55.09,,54.1,worldgovernmentbonds,2026-08-01T18:05:45+00:00
cds_kr_5y,2014-08-07,2014-08-07,56.57,,55.09,worldgovernmentbonds,2026-08-01T18:05:45+00:00
cds_kr_5y,2014-08-08,2014-08-08,63.52,,56.57,worldgovernmentbonds,2026-08-01T18:05:45+00:00
cds_kr_5y,2014-08-11,2014-08-11,60.54,,63.52,worldgovernmentbonds,2026-08-01T18:05:45+00:00
cds_kr_5y,2014-08-12,2014-08-12,58.81,,60.54,worldgovernmentbonds,2026-08-01T18:05:45+00:00
cds_kr_5y,2014-08-13,2014-08-13,57.82,,58.81,worldgovernmentbonds,2026-08-01T18:05:45+00:00
cds_kr_5y,2014-08-14,2014-08-14,57.83,,57.82,worldgovernmentbonds,2026-08-01T18:05:45+00:00
cds_kr_5y,2014-08-15,2014-08-15,56.33,,57.83,worldgovernmentbonds,2026-08-01T18:05:45+00:00
cds_kr_5y,2014-08-18,2014-08-18,56.32,,56.33,worldgovernmentbonds,2026-08-01T18:05:45+00:00
cds_kr_5y,2014-08-19,2014-08-19,53.36,,56.32,worldgovernmentbonds,2026-08-01T18:05:45+00:00
cds_kr_5y,2014-08-20,2014-08-20,53.37,,53.36,worldgovernmentbonds,2026-08-01T18:05:45+00:00
cds_kr_5y,2014-08-21,2014-08-21,53.86,,53.37,worldgovernmentbonds,2026-08-01T18:05:45+00:00
cds_kr_5y,2014-08-22,2014-08-22,52.12,,53.86,worldgovernmentbonds,2026-08-01T18:05:45+00:00
cds_kr_5y,2014-08-25,2014-08-25,51.64,,52.12,worldgovernmentbonds,2026-08-01T18:05:45+00:00
cds_kr_5y,2014-08-26,2014-08-26,50.65,,51.64,worldgovernmentbonds,2026-08-01T18:05:45+00:00
cds_kr_5y,2014-08-27,2014-08-27,50.15,,50.65,worldgovernmentbonds,2026-08-01T18:05:45+00:00
cds_kr_5y,2014-08-28,2014-08-28,50.64,,50.15,worldgovernmentbonds,2026-08-01T18:05:45+00:00
cds_kr_5y,2014-08-29,2014-08-29,50.64,,50.64,worldgovernmentbonds,2026-08-01T18:05:45+00:00
cds_kr_5y,2014-09-01,2014-09-01,50.64,,50.64,worldgovernmentbonds,2026-08-01T18:05:45+00:00
cds_kr_5y,2014-09-02,2014-09-02,50.64,,50.64,worldgovernmentbonds,2026-08-01T18:05:45+00:00
cds_kr_5y,2014-09-03,2014-09-03,50.38,,50.64,worldgovernmentbonds,2026-08-01T18:05:45+00:00
cds_kr_5y,2014-09-04,2014-09-04,49.63,,50.38,worldgovernmentbonds,2026-08-01T18:05:45+00:00
cds_kr_5y,2014-09-05,2014-09-05,49.14,,49.63,worldgovernmentbonds,2026-08-01T18:05:45+00:00
cds_kr_5y,2014-09-08,2014-09-08,49.13,,49.14,worldgovernmentbonds,2026-08-01T18:05:45+00:00
cds_kr_5y,2014-09-09,2014-09-09,49.13,,49.13,worldgovernmentbonds,2026-08-01T18:05:45+00:00
cds_kr_5y,2014-09-10,2014-09-10,49.63,,49.13,worldgovernmentbonds,2026-08-01T18:05:45+00:00
cds_kr_5y,2014-09-11,2014-09-11,50.13,,49.63,worldgovernmentbonds,2026-08-01T18:05:45+00:00
cds_kr_5y,2014-09-12,2014-09-12,49.85,,50.13,worldgovernmentbonds,2026-08-01T18:05:45+00:00
cds_kr_5y,2014-09-15,2014-09-15,52.11,,49.85,worldgovernmentbonds,2026-08-01T18:05:45+00:00
cds_kr_5y,2014-09-16,2014-09-16,52.11,,52.11,worldgovernmentbonds,2026-08-01T18:05:45+00:00
cds_kr_5y,2014-09-17,2014-09-17,51.87,,52.11,worldgovernmentbonds,2026-08-01T18:05:45+00:00
cds_kr_5y,2014-09-18,2014-09-18,50.61,,51.87,worldgovernmentbonds,2026-08-01T18:05:45+00:00
cds_kr_5y,2014-09-19,2014-09-19,50.35,,50.61,worldgovernmentbonds,2026-08-01T18:05:45+00:00
cds_kr_5y,2014-09-22,2014-09-22,53.9,,50.35,worldgovernmentbonds,2026-08-01T18:05:45+00:00
cds_kr_5y,2014-09-23,2014-09-23,53.9,,53.9,worldgovernmentbonds,2026-08-01T18:05:45+00:00
cds_kr_5y,2014-09-24,2014-09-24,55.49,,53.9,worldgovernmentbonds,2026-08-01T18:05:45+00:00
cds_kr_5y,2014-09-25,2014-09-25,54.75,,55.49,worldgovernmentbonds,2026-08-01T18:05:45+00:00
cds_kr_5y,2014-09-26,2014-09-26,56.23,,54.75,worldgovernmentbonds,2026-08-01T18:05:45+00:00
cds_kr_5y,2014-09-29,2014-09-29,59.44,,56.23,worldgovernmentbonds,2026-08-01T18:05:45+00:00
cds_kr_5y,2014-09-30,2014-09-30,59.94,,59.44,worldgovernmentbonds,2026-08-01T18:05:45+00:00
cds_kr_5y,2014-10-01,2014-10-01,59.95,,59.94,worldgovernmentbonds,2026-08-01T18:05:45+00:00
cds_kr_5y,2014-10-02,2014-10-02,59.95,,59.95,worldgovernmentbonds,2026-08-01T18:05:45+00:00
cds_kr_5y,2014-10-03,2014-10-03,57.72,,59.95,worldgovernmentbonds,2026-08-01T18:05:45+00:00
cds_kr_5y,2014-10-06,2014-10-06,56.26,,57.72,worldgovernmentbonds,2026-08-01T18:05:45+00:00
cds_kr_5y,2014-10-07,2014-10-07,53.86,,56.26,worldgovernmentbonds,2026-08-01T18:05:45+00:00
cds_kr_5y,2014-10-08,2014-10-08,57.48,,53.86,worldgovernmentbonds,2026-08-01T18:05:45+00:00
cds_kr_5y,2014-10-09,2014-10-09,56.77,,57.48,worldgovernmentbonds,2026-08-01T18:05:45+00:00
cds_kr_5y,2014-10-10,2014-10-10,57.75,,56.77,worldgovernmentbonds,2026-08-01T18:05:45+00:00
cds_kr_5y,2014-10-13,2014-10-13,59.97,,57.75,worldgovernmentbonds,2026-08-01T18:05:45+00:00
cds_kr_5y,2014-10-14,2014-10-14,59.97,,59.97,worldgovernmentbonds,2026-08-01T18:05:45+00:00
cds_kr_5y,2014-10-15,2014-10-15,61.07,,59.97,worldgovernmentbonds,2026-08-01T18:05:45+00:00
cds_kr_5y,2014-10-16,2014-10-16,63.09,,61.07,worldgovernmentbonds,2026-08-01T18:05:45+00:00
cds_kr_5y,2014-10-17,2014-10-17,61.6,,63.09,worldgovernmentbonds,2026-08-01T18:05:45+00:00
cds_kr_5y,2014-10-20,2014-10-20,58.39,,61.6,worldgovernmentbonds,2026-08-01T18:05:45+00:00
cds_kr_5y,2014-10-21,2014-10-21,58.14,,58.39,worldgovernmentbonds,2026-08-01T18:05:45+00:00
cds_kr_5y,2014-10-22,2014-10-22,54.92,,58.14,worldgovernmentbonds,2026-08-01T18:05:45+00:00
cds_kr_5y,2014-10-23,2014-10-23,56.13,,54.92,worldgovernmentbonds,2026-08-01T18:05:45+00:00
cds_kr_5y,2014-10-24,2014-10-24,56.15,,56.13,worldgovernmentbonds,2026-08-01T18:05:45+00:00
cds_kr_5y,2014-10-27,2014-10-27,54.08,,56.15,worldgovernmentbonds,2026-08-01T18:05:45+00:00
cds_kr_5y,2014-10-28,2014-10-28,54.57,,54.08,worldgovernmentbonds,2026-08-01T18:05:45+00:00
cds_kr_5y,2014-10-29,2014-10-29,53.83,,54.57,worldgovernmentbonds,2026-08-01T18:05:45+00:00
cds_kr_5y,2014-10-30,2014-10-30,55.31,,53.83,worldgovernmentbonds,2026-08-01T18:05:45+00:00
cds_kr_5y,2014-10-31,2014-10-31,53.07,,55.31,worldgovernmentbonds,2026-08-01T18:05:45+00:00
cds_kr_5y,2014-11-03,2014-11-03,53.09,,53.07,worldgovernmentbonds,2026-08-01T18:05:45+00:00
cds_kr_5y,2014-11-04,2014-11-04,53.32,,53.09,worldgovernmentbonds,2026-08-01T18:05:45+00:00
cds_kr_5y,2014-11-05,2014-11-05,53.07,,53.32,worldgovernmentbonds,2026-08-01T18:05:45+00:00
cds_kr_5y,2014-11-06,2014-11-06,52.07,,53.07,worldgovernmentbonds,2026-08-01T18:05:45+00:00
cds_kr_5y,2014-11-07,2014-11-07,52.09,,52.07,worldgovernmentbonds,2026-08-01T18:05:45+00:00
cds_kr_5y,2014-11-10,2014-11-10,52.26,,52.09,worldgovernmentbonds,2026-08-01T18:05:45+00:00
cds_kr_5y,2014-11-11,2014-11-11,52.05,,52.26,worldgovernmentbonds,2026-08-01T18:05:45+00:00
cds_kr_5y,2014-11-12,2014-11-12,51.82,,52.05,worldgovernmentbonds,2026-08-01T18:05:45+00:00
cds_kr_5y,2014-11-13,2014-11-13,50.83,,51.82,worldgovernmentbonds,2026-08-01T18:05:45+00:00
cds_kr_5y,2014-11-14,2014-11-14,50.55,,50.83,worldgovernmentbonds,2026-08-01T18:05:45+00:00
cds_kr_5y,2014-11-17,2014-11-17,50.55,,50.55,worldgovernmentbonds,2026-08-01T18:05:45+00:00
cds_kr_5y,2014-11-18,2014-11-18,50.32,,50.55,worldgovernmentbonds,2026-08-01T18:05:45+00:00
cds_kr_5y,2014-11-19,2014-11-19,50.06,,50.32,worldgovernmentbonds,2026-08-01T18:05:45+00:00
cds_kr_5y,2014-11-20,2014-11-20,51.06,,50.06,worldgovernmentbonds,2026-08-01T18:05:45+00:00
cds_kr_5y,2014-11-21,2014-11-21,51.8,,51.06,worldgovernmentbonds,2026-08-01T18:05:45+00:00
cds_kr_5y,2014-11-24,2014-11-24,49.56,,51.8,worldgovernmentbonds,2026-08-01T18:05:45+00:00
cds_kr_5y,2014-11-25,2014-11-25,49.55,,49.56,worldgovernmentbonds,2026-08-01T18:05:45+00:00
cds_kr_5y,2014-11-26,2014-11-26,51.04,,49.55,worldgovernmentbonds,2026-08-01T18:05:45+00:00
cds_kr_5y,2014-11-27,2014-11-27,50.55,,51.04,worldgovernmentbonds,2026-08-01T18:05:45+00:00
cds_kr_5y,2014-11-28,2014-11-28,50.06,,50.55,worldgovernmentbonds,2026-08-01T18:05:45+00:00
cds_kr_5y,2014-12-01,2014-12-01,50.51,,50.06,worldgovernmentbonds,2026-08-01T18:05:45+00:00
cds_kr_5y,2014-12-02,2014-12-02,50.53,,50.51,worldgovernmentbonds,2026-08-01T18:05:45+00:00
cds_kr_5y,2014-12-03,2014-12-03,50.29,,50.53,worldgovernmentbonds,2026-08-01T18:05:45+00:00
cds_kr_5y,2014-12-04,2014-12-04,50.06,,50.29,worldgovernmentbonds,2026-08-01T18:05:45+00:00
cds_kr_5y,2014-12-05,2014-12-05,49.8,,50.06,worldgovernmentbonds,2026-08-01T18:05:45+00:00
cds_kr_5y,2014-12-08,2014-12-08,48.55,,49.8,worldgovernmentbonds,2026-08-01T18:05:45+00:00
cds_kr_5y,2014-12-09,2014-12-09,50.3,,48.55,worldgovernmentbonds,2026-08-01T18:05:45+00:00
cds_kr_5y,2014-12-10,2014-12-10,51.04,,50.3,worldgovernmentbonds,2026-08-01T18:05:45+00:00
cds_kr_5y,2014-12-11,2014-12-11,51.29,,51.04,worldgovernmentbonds,2026-08-01T18:05:45+00:00
cds_kr_5y,2014-12-12,2014-12-12,53.05,,51.29,worldgovernmentbonds,2026-08-01T18:05:45+00:00
cds_kr_5y,2014-12-15,2014-12-15,53.5,,53.05,worldgovernmentbonds,2026-08-01T18:05:45+00:00
cds_kr_5y,2014-12-16,2014-12-16,53.53,,53.5,worldgovernmentbonds,2026-08-01T18:05:45+00:00
cds_kr_5y,2014-12-17,2014-12-17,53.97,,53.53,worldgovernmentbonds,2026-08-01T18:05:45+00:00
cds_kr_5y,2014-12-18,2014-12-18,52.52,,53.97,worldgovernmentbonds,2026-08-01T18:05:45+00:00
cds_kr_5y,2014-12-19,2014-12-19,50.57,,52.52,worldgovernmentbonds,2026-08-01T18:05:45+00:00
cds_kr_5y,2014-12-22,2014-12-22,53.69,,50.57,worldgovernmentbonds,2026-08-01T18:05:45+00:00
cds_kr_5y,2014-12-23,2014-12-23,53.31,,53.69,worldgovernmentbonds,2026-08-01T18:05:45+00:00
cds_kr_5y,2014-12-24,2014-12-24,53.32,,53.31,worldgovernmentbonds,2026-08-01T18:05:45+00:00
cds_kr_5y,2014-12-25,2014-12-25,53.33,,53.32,worldgovernmentbonds,2026-08-01T18:05:45+00:00
cds_kr_5y,2014-12-26,2014-12-26,53.31,,53.33,worldgovernmentbonds,2026-08-01T18:05:45+00:00
cds_kr_5y,2014-12-29,2014-12-29,53.3,,53.31,worldgovernmentbonds,2026-08-01T18:05:45+00:00
cds_kr_5y,2014-12-30,2014-12-30,53.53,,53.3,worldgovernmentbonds,2026-08-01T18:05:45+00:00
cds_kr_5y,2014-12-31,2014-12-31,54.05,,53.53,worldgovernmentbonds,2026-08-01T18:05:45+00:00
cds_kr_5y,2015-01-01,2015-01-01,54.05,,54.05,worldgovernmentbonds,2026-08-01T18:05:45+00:00
cds_kr_5y,2015-01-02,2015-01-02,55.53,,54.05,worldgovernmentbonds,2026-08-01T18:05:45+00:00
cds_kr_5y,2015-01-05,2015-01-05,55.53,,55.53,worldgovernmentbonds,2026-08-01T18:05:45+00:00
cds_kr_5y,2015-01-06,2015-01-06,60.0,,55.53,worldgovernmentbonds,2026-08-01T18:05:45+00:00
cds_kr_5y,2015-01-07,2015-01-07,58.76,,60.0,worldgovernmentbonds,2026-08-01T18:05:45+00:00
cds_kr_5y,2015-01-08,2015-01-08,57.98,,58.76,worldgovernmentbonds,2026-08-01T18:05:45+00:00
cds_kr_5y,2015-01-09,2015-01-09,59.24,,57.98,worldgovernmentbonds,2026-08-01T18:05:45+00:00
cds_kr_5y,2015-01-12,2015-01-12,62.71,,59.24,worldgovernmentbonds,2026-08-01T18:05:45+00:00
cds_kr_5y,2015-01-13,2015-01-13,65.45,,62.71,worldgovernmentbonds,2026-08-01T18:05:45+00:00
cds_kr_5y,2015-01-14,2015-01-14,64.94,,65.45,worldgovernmentbonds,2026-08-01T18:05:45+00:00
cds_kr_5y,2015-01-15,2015-01-15,63.92,,64.94,worldgovernmentbonds,2026-08-01T18:05:45+00:00
cds_kr_5y,2015-01-16,2015-01-16,65.94,,63.92,worldgovernmentbonds,2026-08-01T18:05:45+00:00
cds_kr_5y,2015-01-19,2015-01-19,65.97,,65.94,worldgovernmentbonds,2026-08-01T18:05:45+00:00
cds_kr_5y,2015-01-20,2015-01-20,66.93,,65.97,worldgovernmentbonds,2026-08-01T18:05:45+00:00
cds_kr_5y,2015-01-21,2015-01-21,66.43,,66.93,worldgovernmentbonds,2026-08-01T18:05:45+00:00
cds_kr_5y,2015-01-22,2015-01-22,61.97,,66.43,worldgovernmentbonds,2026-08-01T18:05:45+00:00
cds_kr_5y,2015-01-23,2015-01-23,60.52,,61.97,worldgovernmentbonds,2026-08-01T18:05:45+00:00
cds_kr_5y,2015-01-26,2015-01-26,62.96,,60.52,worldgovernmentbonds,2026-08-01T18:05:45+00:00
cds_kr_5y,2015-01-27,2015-01-27,62.47,,62.96,worldgovernmentbonds,2026-08-01T18:05:45+00:00
cds_kr_5y,2015-01-28,2015-01-28,62.97,,62.47,worldgovernmentbonds,2026-08-01T18:05:45+00:00
cds_kr_5y,2015-01-29,2015-01-29,63.95,,62.97,worldgovernmentbonds,2026-08-01T18:05:45+00:00
cds_kr_5y,2015-01-30,2015-01-30,63.47,,63.95,worldgovernmentbonds,2026-08-01T18:05:45+00:00
cds_kr_5y,2015-02-02,2015-02-02,65.43,,63.47,worldgovernmentbonds,2026-08-01T18:05:45+00:00
cds_kr_5y,2015-02-03,2015-02-03,64.44,,65.43,worldgovernmentbonds,2026-08-01T18:05:45+00:00
cds_kr_5y,2015-02-04,2015-02-04,63.45,,64.44,worldgovernmentbonds,2026-08-01T18:05:45+00:00
cds_kr_5y,2015-02-05,2015-02-05,63.71,,63.45,worldgovernmentbonds,2026-08-01T18:05:45+00:00
cds_kr_5y,2015-02-06,2015-02-06,62.74,,63.71,worldgovernmentbonds,2026-08-01T18:05:45+00:00
cds_kr_5y,2015-02-09,2015-02-09,62.73,,62.74,worldgovernmentbonds,2026-08-01T18:05:45+00:00
cds_kr_5y,2015-02-10,2015-02-10,63.46,,62.73,worldgovernmentbonds,2026-08-01T18:05:45+00:00
cds_kr_5y,2015-02-11,2015-02-11,63.21,,63.46,worldgovernmentbonds,2026-08-01T18:05:45+00:00
cds_kr_5y,2015-02-12,2015-02-12,63.45,,63.21,worldgovernmentbonds,2026-08-01T18:05:45+00:00
cds_kr_5y,2015-02-13,2015-02-13,62.71,,63.45,worldgovernmentbonds,2026-08-01T18:05:45+00:00
cds_kr_5y,2015-02-16,2015-02-16,61.99,,62.71,worldgovernmentbonds,2026-08-01T18:05:45+00:00
cds_kr_5y,2015-02-17,2015-02-17,61.99,,61.99,worldgovernmentbonds,2026-08-01T18:05:45+00:00
cds_kr_5y,2015-02-18,2015-02-18,61.49,,61.99,worldgovernmentbonds,2026-08-01T18:05:45+00:00
cds_kr_5y,2015-02-19,2015-02-19,61.49,,61.49,worldgovernmentbonds,2026-08-01T18:05:45+00:00
cds_kr_5y,2015-02-20,2015-02-20,61.5,,61.49,worldgovernmentbonds,2026-08-01T18:05:45+00:00
cds_kr_5y,2015-02-23,2015-02-23,58.76,,61.5,worldgovernmentbonds,2026-08-01T18:05:45+00:00
cds_kr_5y,2015-02-24,2015-02-24,59.24,,58.76,worldgovernmentbonds,2026-08-01T18:05:45+00:00
cds_kr_5y,2015-02-25,2015-02-25,57.01,,59.24,worldgovernmentbonds,2026-08-01T18:05:45+00:00
cds_kr_5y,2015-02-26,2015-02-26,55.53,,57.01,worldgovernmentbonds,2026-08-01T18:05:45+00:00
cds_kr_5y,2015-02-27,2015-02-27,53.3,,55.53,worldgovernmentbonds,2026-08-01T18:05:45+00:00
cds_kr_5y,2015-03-02,2015-03-02,51.53,,53.3,worldgovernmentbonds,2026-08-01T18:05:45+00:00
cds_kr_5y,2015-03-03,2015-03-03,53.28,,51.53,worldgovernmentbonds,2026-08-01T18:05:45+00:00
cds_kr_5y,2015-03-04,2015-03-04,53.52,,53.28,worldgovernmentbonds,2026-08-01T18:05:45+00:00
cds_kr_5y,2015-03-05,2015-03-05,53.41,,53.52,worldgovernmentbonds,2026-08-01T18:05:45+00:00
cds_kr_5y,2015-03-06,2015-03-06,52.41,,53.41,worldgovernmentbonds,2026-08-01T18:05:45+00:00
cds_kr_5y,2015-03-09,2015-03-09,54.51,,52.41,worldgovernmentbonds,2026-08-01T18:05:45+00:00
cds_kr_5y,2015-03-10,2015-03-10,55.49,,54.51,worldgovernmentbonds,2026-08-01T18:05:45+00:00
cds_kr_5y,2015-03-11,2015-03-11,57.97,,55.49,worldgovernmentbonds,2026-08-01T18:05:45+00:00
cds_kr_5y,2015-03-12,2015-03-12,55.48,,57.97,worldgovernmentbonds,2026-08-01T18:05:45+00:00
cds_kr_5y,2015-03-13,2015-03-13,54.25,,55.48,worldgovernmentbonds,2026-08-01T18:05:45+00:00
cds_kr_5y,2015-03-16,2015-03-16,56.01,,54.25,worldgovernmentbonds,2026-08-01T18:05:45+00:00
cds_kr_5y,2015-03-17,2015-03-17,54.26,,56.01,worldgovernmentbonds,2026-08-01T18:05:45+00:00
cds_kr_5y,2015-03-18,2015-03-18,54.51,,54.26,worldgovernmentbonds,2026-08-01T18:05:45+00:00
cds_kr_5y,2015-03-19,2015-03-19,51.52,,54.51,worldgovernmentbonds,2026-08-01T18:05:45+00:00
cds_kr_5y,2015-03-20,2015-03-20,55.31,,51.52,worldgovernmentbonds,2026-08-01T18:05:45+00:00
cds_kr_5y,2015-03-23,2015-03-23,53.77,,55.31,worldgovernmentbonds,2026-08-01T18:05:45+00:00
cds_kr_5y,2015-03-24,2015-03-24,53.56,,53.77,worldgovernmentbonds,2026-08-01T18:05:45+00:00
cds_kr_5y,2015-03-25,2015-03-25,53.8,,53.56,worldgovernmentbonds,2026-08-01T18:05:45+00:00
cds_kr_5y,2015-03-26,2015-03-26,55.3,,53.8,worldgovernmentbonds,2026-08-01T18:05:45+00:00
cds_kr_5y,2015-03-27,2015-03-27,55.3,,55.3,worldgovernmentbonds,2026-08-01T18:05:45+00:00
cds_kr_5y,2015-03-30,2015-03-30,52.57,,55.3,worldgovernmentbonds,2026-08-01T18:05:45+00:00
cds_kr_5y,2015-03-31,2015-03-31,53.08,,52.57,worldgovernmentbonds,2026-08-01T18:05:45+00:00
cds_kr_5y,2015-04-01,2015-04-01,52.81,,53.08,worldgovernmentbonds,2026-08-01T18:05:45+00:00
cds_kr_5y,2015-04-02,2015-04-02,52.58,,52.81,worldgovernmentbonds,2026-08-01T18:05:45+00:00
cds_kr_5y,2015-04-03,2015-04-03,52.58,,52.58,worldgovernmentbonds,2026-08-01T18:05:45+00:00
cds_kr_5y,2015-04-06,2015-04-06,52.57,,52.58,worldgovernmentbonds,2026-08-01T18:05:45+00:00
cds_kr_5y,2015-04-07,2015-04-07,52.58,,52.57,worldgovernmentbonds,2026-08-01T18:05:45+00:00
cds_kr_5y,2015-04-08,2015-04-08,50.1,,52.58,worldgovernmentbonds,2026-08-01T18:05:45+00:00
cds_kr_5y,2015-04-09,2015-04-09,49.83,,50.1,worldgovernmentbonds,2026-08-01T18:05:45+00:00
cds_kr_5y,2015-04-10,2015-04-10,49.59,,49.83,worldgovernmentbonds,2026-08-01T18:05:45+00:00
cds_kr_5y,2015-04-13,2015-04-13,49.09,,49.59,worldgovernmentbonds,2026-08-01T18:05:45+00:00
cds_kr_5y,2015-04-14,2015-04-14,49.33,,49.09,worldgovernmentbonds,2026-08-01T18:05:45+00:00
cds_kr_5y,2015-04-15,2015-04-15,49.59,,49.33,worldgovernmentbonds,2026-08-01T18:05:45+00:00
cds_kr_5y,2015-04-16,2015-04-16,49.33,,49.59,worldgovernmentbonds,2026-08-01T18:05:45+00:00
cds_kr_5y,2015-04-17,2015-04-17,49.58,,49.33,worldgovernmentbonds,2026-08-01T18:05:45+00:00
cds_kr_5y,2015-04-20,2015-04-20,50.57,,49.58,worldgovernmentbonds,2026-08-01T18:05:45+00:00
cds_kr_5y,2015-04-21,2015-04-21,50.07,,50.57,worldgovernmentbonds,2026-08-01T18:05:45+00:00
cds_kr_5y,2015-04-22,2015-04-22,49.83,,50.07,worldgovernmentbonds,2026-08-01T18:05:45+00:00
cds_kr_5y,2015-04-23,2015-04-23,50.32,,49.83,worldgovernmentbonds,2026-08-01T18:05:45+00:00
cds_kr_5y,2015-04-24,2015-04-24,49.56,,50.32,worldgovernmentbonds,2026-08-01T18:05:45+00:00
cds_kr_5y,2015-04-27,2015-04-27,49.57,,49.56,worldgovernmentbonds,2026-08-01T18:05:45+00:00
cds_kr_5y,2015-04-28,2015-04-28,49.57,,49.57,worldgovernmentbonds,2026-08-01T18:05:45+00:00
cds_kr_5y,2015-04-29,2015-04-29,49.6,,49.57,worldgovernmentbonds,2026-08-01T18:05:45+00:00
cds_kr_5y,2015-04-30,2015-04-30,49.09,,49.6,worldgovernmentbonds,2026-08-01T18:05:45+00:00
cds_kr_5y,2015-05-01,2015-05-01,49.09,,49.09,worldgovernmentbonds,2026-08-01T18:05:45+00:00
cds_kr_5y,2015-05-04,2015-05-04,48.61,,49.09,worldgovernmentbonds,2026-08-01T18:05:45+00:00
cds_kr_5y,2015-05-05,2015-05-05,47.6,,48.61,worldgovernmentbonds,2026-08-01T18:05:45+00:00
cds_kr_5y,2015-05-06,2015-05-06,48.36,,47.6,worldgovernmentbonds,2026-08-01T18:05:45+00:00
cds_kr_5y,2015-05-07,2015-05-07,48.34,,48.36,worldgovernmentbonds,2026-08-01T18:05:45+00:00
cds_kr_5y,2015-05-08,2015-05-08,48.35,,48.34,worldgovernmentbonds,2026-08-01T18:05:45+00:00
cds_kr_5y,2015-05-11,2015-05-11,47.6,,48.35,worldgovernmentbonds,2026-08-01T18:05:45+00:00
cds_kr_5y,2015-05-12,2015-05-12,48.33,,47.6,worldgovernmentbonds,2026-08-01T18:05:45+00:00
cds_kr_5y,2015-05-13,2015-05-13,48.09,,48.33,worldgovernmentbonds,2026-08-01T18:05:45+00:00
cds_kr_5y,2015-05-14,2015-05-14,47.59,,48.09,worldgovernmentbonds,2026-08-01T18:05:45+00:00
cds_kr_5y,2015-05-15,2015-05-15,46.62,,47.59,worldgovernmentbonds,2026-08-01T18:05:45+00:00
cds_kr_5y,2015-05-18,2015-05-18,45.84,,46.62,worldgovernmentbonds,2026-08-01T18:05:45+00:00
cds_kr_5y,2015-05-19,2015-05-19,46.35,,45.84,worldgovernmentbonds,2026-08-01T18:05:45+00:00
cds_kr_5y,2015-05-20,2015-05-20,46.35,,46.35,worldgovernmentbonds,2026-08-01T18:05:45+00:00
cds_kr_5y,2015-05-21,2015-05-21,46.6,,46.35,worldgovernmentbonds,2026-08-01T18:05:45+00:00
cds_kr_5y,2015-05-22,2015-05-22,46.59,,46.6,worldgovernmentbonds,2026-08-01T18:05:45+00:00
cds_kr_5y,2015-05-25,2015-05-25,46.58,,46.59,worldgovernmentbonds,2026-08-01T18:05:45+00:00
cds_kr_5y,2015-05-26,2015-05-26,46.57,,46.58,worldgovernmentbonds,2026-08-01T18:05:45+00:00
cds_kr_5y,2015-05-27,2015-05-27,46.57,,46.57,worldgovernmentbonds,2026-08-01T18:05:45+00:00
cds_kr_5y,2015-05-28,2015-05-28,46.82,,46.57,worldgovernmentbonds,2026-08-01T18:05:45+00:00
cds_kr_5y,2015-05-29,2015-05-29,47.07,,46.82,worldgovernmentbonds,2026-08-01T18:05:45+00:00
cds_kr_5y,2015-06-01,2015-06-01,47.57,,47.07,worldgovernmentbonds,2026-08-01T18:05:45+00:00
cds_kr_5y,2015-06-02,2015-06-02,48.84,,47.57,worldgovernmentbonds,2026-08-01T18:05:45+00:00
cds_kr_5y,2015-06-03,2015-06-03,48.09,,48.84,worldgovernmentbonds,2026-08-01T18:05:45+00:00
cds_kr_5y,2015-06-04,2015-06-04,48.33,,48.09,worldgovernmentbonds,2026-08-01T18:05:45+00:00
cds_kr_5y,2015-06-05,2015-06-05,49.3,,48.33,worldgovernmentbonds,2026-08-01T18:05:45+00:00
cds_kr_5y,2015-06-08,2015-06-08,49.8,,49.3,worldgovernmentbonds,2026-08-01T18:05:45+00:00
cds_kr_5y,2015-06-09,2015-06-09,51.05,,49.8,worldgovernmentbonds,2026-08-01T18:05:45+00:00
cds_kr_5y,2015-06-10,2015-06-10,49.55,,51.05,worldgovernmentbonds,2026-08-01T18:05:45+00:00
cds_kr_5y,2015-06-11,2015-06-11,48.32,,49.55,worldgovernmentbonds,2026-08-01T18:05:45+00:00
cds_kr_5y,2015-06-12,2015-06-12,48.32,,48.32,worldgovernmentbonds,2026-08-01T18:05:45+00:00
cds_kr_5y,2015-06-15,2015-06-15,49.33,,48.32,worldgovernmentbonds,2026-08-01T18:05:45+00:00
cds_kr_5y,2015-06-16,2015-06-16,50.31,,49.33,worldgovernmentbonds,2026-08-01T18:05:45+00:00
cds_kr_5y,2015-06-17,2015-06-17,49.55,,50.31,worldgovernmentbonds,2026-08-01T18:05:45+00:00
cds_kr_5y,2015-06-18,2015-06-18,49.58,,49.55,worldgovernmentbonds,2026-08-01T18:05:45+00:00
cds_kr_5y,2015-06-19,2015-06-19,48.59,,49.58,worldgovernmentbonds,2026-08-01T18:05:45+00:00
cds_kr_5y,2015-06-22,2015-06-22,50.52,,48.59,worldgovernmentbonds,2026-08-01T18:05:45+00:00
cds_kr_5y,2015-06-23,2015-06-23,48.6,,50.52,worldgovernmentbonds,2026-08-01T18:05:45+00:00
cds_kr_5y,2015-06-24,2015-06-24,48.61,,48.6,worldgovernmentbonds,2026-08-01T18:05:45+00:00
cds_kr_5y,2015-06-25,2015-06-25,48.35,,48.61,worldgovernmentbonds,2026-08-01T18:05:45+00:00
cds_kr_5y,2015-06-26,2015-06-26,48.85,,48.35,worldgovernmentbonds,2026-08-01T18:05:45+00:00
cds_kr_5y,2015-06-29,2015-06-29,52.18,,48.85,worldgovernmentbonds,2026-08-01T18:05:45+00:00
cds_kr_5y,2015-06-30,2015-06-30,52.08,,52.18,worldgovernmentbonds,2026-08-01T18:05:45+00:00
cds_kr_5y,2015-07-01,2015-07-01,51.57,,52.08,worldgovernmentbonds,2026-08-01T18:05:45+00:00
cds_kr_5y,2015-07-02,2015-07-02,50.57,,51.57,worldgovernmentbonds,2026-08-01T18:05:45+00:00
cds_kr_5y,2015-07-03,2015-07-03,51.07,,50.57,worldgovernmentbonds,2026-08-01T18:05:45+00:00
cds_kr_5y,2015-07-06,2015-07-06,53.37,,51.07,worldgovernmentbonds,2026-08-01T18:05:45+00:00
cds_kr_5y,2015-07-07,2015-07-07,53.05,,53.37,worldgovernmentbonds,2026-08-01T18:05:45+00:00
cds_kr_5y,2015-07-08,2015-07-08,58.79,,53.05,worldgovernmentbonds,2026-08-01T18:05:45+00:00
cds_kr_5y,2015-07-09,2015-07-09,56.25,,58.79,worldgovernmentbonds,2026-08-01T18:05:45+00:00
cds_kr_5y,2015-07-10,2015-07-10,54.06,,56.25,worldgovernmentbonds,2026-08-01T18:05:45+00:00
cds_kr_5y,2015-07-13,2015-07-13,52.8,,54.06,worldgovernmentbonds,2026-08-01T18:05:45+00:00
cds_kr_5y,2015-07-14,2015-07-14,52.06,,52.8,worldgovernmentbonds,2026-08-01T18:05:45+00:00
cds_kr_5y,2015-07-15,2015-07-15,52.31,,52.06,worldgovernmentbonds,2026-08-01T18:05:45+00:00
cds_kr_5y,2015-07-16,2015-07-16,52.3,,52.31,worldgovernmentbonds,2026-08-01T18:05:45+00:00
cds_kr_5y,2015-07-17,2015-07-17,50.82,,52.3,worldgovernmentbonds,2026-08-01T18:05:45+00:00
cds_kr_5y,2015-07-20,2015-07-20,50.33,,50.82,worldgovernmentbonds,2026-08-01T18:05:45+00:00
cds_kr_5y,2015-07-21,2015-07-21,50.04,,50.33,worldgovernmentbonds,2026-08-01T18:05:45+00:00
cds_kr_5y,2015-07-22,2015-07-22,50.62,,50.04,worldgovernmentbonds,2026-08-01T18:05:45+00:00
cds_kr_5y,2015-07-23,2015-07-23,51.29,,50.62,worldgovernmentbonds,2026-08-01T18:05:45+00:00
cds_kr_5y,2015-07-24,2015-07-24,52.8,,51.29,worldgovernmentbonds,2026-08-01T18:05:45+00:00
cds_kr_5y,2015-07-27,2015-07-27,55.03,,52.8,worldgovernmentbonds,2026-08-01T18:05:45+00:00
cds_kr_5y,2015-07-28,2015-07-28,53.53,,55.03,worldgovernmentbonds,2026-08-01T18:05:45+00:00
cds_kr_5y,2015-07-29,2015-07-29,52.55,,53.53,worldgovernmentbonds,2026-08-01T18:05:45+00:00
cds_kr_5y,2015-07-30,2015-07-30,53.03,,52.55,worldgovernmentbonds,2026-08-01T18:05:45+00:00
cds_kr_5y,2015-07-31,2015-07-31,54.28,,53.03,worldgovernmentbonds,2026-08-01T18:05:45+00:00
cds_kr_5y,2015-08-03,2015-08-03,54.73,,54.28,worldgovernmentbonds,2026-08-01T18:05:45+00:00
cds_kr_5y,2015-08-04,2015-08-04,55.51,,54.73,worldgovernmentbonds,2026-08-01T18:05:45+00:00
cds_kr_5y,2015-08-05,2015-08-05,55.26,,55.51,worldgovernmentbonds,2026-08-01T18:05:45+00:00
cds_kr_5y,2015-08-06,2015-08-06,55.03,,55.26,worldgovernmentbonds,2026-08-01T18:05:45+00:00
cds_kr_5y,2015-08-07,2015-08-07,55.27,,55.03,worldgovernmentbonds,2026-08-01T18:05:45+00:00
cds_kr_5y,2015-08-10,2015-08-10,55.52,,55.27,worldgovernmentbonds,2026-08-01T18:05:45+00:00
cds_kr_5y,2015-08-11,2015-08-11,56.78,,55.52,worldgovernmentbonds,2026-08-01T18:05:45+00:00
cds_kr_5y,2015-08-12,2015-08-12,62.0,,56.78,worldgovernmentbonds,2026-08-01T18:05:45+00:00
cds_kr_5y,2015-08-13,2015-08-13,60.0,,62.0,worldgovernmentbonds,2026-08-01T18:05:45+00:00
cds_kr_5y,2015-08-14,2015-08-14,59.74,,60.0,worldgovernmentbonds,2026-08-01T18:05:45+00:00
cds_kr_5y,2015-08-17,2015-08-17,60.74,,59.74,worldgovernmentbonds,2026-08-01T18:05:45+00:00
cds_kr_5y,2015-08-18,2015-08-18,61.97,,60.74,worldgovernmentbonds,2026-08-01T18:05:45+00:00
cds_kr_5y,2015-08-19,2015-08-19,63.69,,61.97,worldgovernmentbonds,2026-08-01T18:05:45+00:00
cds_kr_5y,2015-08-20,2015-08-20,66.9,,63.69,worldgovernmentbonds,2026-08-01T18:05:45+00:00
cds_kr_5y,2015-08-21,2015-08-21,74.83,,66.9,worldgovernmentbonds,2026-08-01T18:05:45+00:00
cds_kr_5y,2015-08-25,2015-08-25,73.83,,74.83,worldgovernmentbonds,2026-08-01T18:05:45+00:00
cds_kr_5y,2015-08-26,2015-08-26,74.37,,73.83,worldgovernmentbonds,2026-08-01T18:05:45+00:00
cds_kr_5y,2015-08-27,2015-08-27,68.92,,74.37,worldgovernmentbonds,2026-08-01T18:05:45+00:00
cds_kr_5y,2015-08-28,2015-08-28,64.21,,68.92,worldgovernmentbonds,2026-08-01T18:05:45+00:00
cds_kr_5y,2015-08-31,2015-08-31,65.18,,64.21,worldgovernmentbonds,2026-08-01T18:05:45+00:00
cds_kr_5y,2015-09-01,2015-09-01,69.4,,65.18,worldgovernmentbonds,2026-08-01T18:05:45+00:00
cds_kr_5y,2015-09-02,2015-09-02,69.39,,69.4,worldgovernmentbonds,2026-08-01T18:05:45+00:00
cds_kr_5y,2015-09-03,2015-09-03,69.39,,69.39,worldgovernmentbonds,2026-08-01T18:05:45+00:00
cds_kr_5y,2015-09-04,2015-09-04,69.15,,69.39,worldgovernmentbonds,2026-08-01T18:05:45+00:00
cds_kr_5y,2015-09-07,2015-09-07,69.39,,69.15,worldgovernmentbonds,2026-08-01T18:05:45+00:00
cds_kr_5y,2015-09-08,2015-09-08,69.39,,69.39,worldgovernmentbonds,2026-08-01T18:05:45+00:00
cds_kr_5y,2015-09-09,2015-09-09,66.42,,69.39,worldgovernmentbonds,2026-08-01T18:05:45+00:00
cds_kr_5y,2015-09-10,2015-09-10,68.89,,66.42,worldgovernmentbonds,2026-08-01T18:05:45+00:00
cds_kr_5y,2015-09-11,2015-09-11,69.39,,68.89,worldgovernmentbonds,2026-08-01T18:05:45+00:00
cds_kr_5y,2015-09-14,2015-09-14,69.88,,69.39,worldgovernmentbonds,2026-08-01T18:05:45+00:00
cds_kr_5y,2015-09-15,2015-09-15,65.35,,69.88,worldgovernmentbonds,2026-08-01T18:05:45+00:00
cds_kr_5y,2015-09-16,2015-09-16,64.47,,65.35,worldgovernmentbonds,2026-08-01T18:05:45+00:00
cds_kr_5y,2015-09-17,2015-09-17,63.46,,64.47,worldgovernmentbonds,2026-08-01T18:05:45+00:00
cds_kr_5y,2015-09-18,2015-09-18,61.74,,63.46,worldgovernmentbonds,2026-08-01T18:05:45+00:00
cds_kr_5y,2015-09-21,2015-09-21,67.92,,61.74,worldgovernmentbonds,2026-08-01T18:05:45+00:00
cds_kr_5y,2015-09-22,2015-09-22,67.22,,67.92,worldgovernmentbonds,2026-08-01T18:05:45+00:00
cds_kr_5y,2015-09-23,2015-09-23,71.37,,67.22,worldgovernmentbonds,2026-08-01T18:05:45+00:00
cds_kr_5y,2015-09-24,2015-09-24,73.85,,71.37,worldgovernmentbonds,2026-08-01T18:05:45+00:00
cds_kr_5y,2015-09-25,2015-09-25,75.07,,73.85,worldgovernmentbonds,2026-08-01T18:05:45+00:00
cds_kr_5y,2015-09-28,2015-09-28,73.11,,75.07,worldgovernmentbonds,2026-08-01T18:05:45+00:00
cds_kr_5y,2015-09-29,2015-09-29,85.21,,73.11,worldgovernmentbonds,2026-08-01T18:05:45+00:00
cds_kr_5y,2015-09-30,2015-09-30,78.22,,85.21,worldgovernmentbonds,2026-08-01T18:05:45+00:00
cds_kr_5y,2015-10-01,2015-10-01,85.21,,78.22,worldgovernmentbonds,2026-08-01T18:05:45+00:00
cds_kr_5y,2015-10-02,2015-10-02,85.21,,85.21,worldgovernmentbonds,2026-08-01T18:05:45+00:00
cds_kr_5y,2015-10-05,2015-10-05,75.07,,85.21,worldgovernmentbonds,2026-08-01T18:05:45+00:00
cds_kr_5y,2015-10-06,2015-10-06,70.66,,75.07,worldgovernmentbonds,2026-08-01T18:05:45+00:00
cds_kr_5y,2015-10-07,2015-10-07,67.43,,70.66,worldgovernmentbonds,2026-08-01T18:05:45+00:00
cds_kr_5y,2015-10-08,2015-10-08,70.92,,67.43,worldgovernmentbonds,2026-08-01T18:05:45+00:00
cds_kr_5y,2015-10-09,2015-10-09,68.19,,70.92,worldgovernmentbonds,2026-08-01T18:05:45+00:00
cds_kr_5y,2015-10-12,2015-10-12,68.19,,68.19,worldgovernmentbonds,2026-08-01T18:05:45+00:00
cds_kr_5y,2015-10-13,2015-10-13,68.45,,68.19,worldgovernmentbonds,2026-08-01T18:05:45+00:00
cds_kr_5y,2015-10-14,2015-10-14,69.67,,68.45,worldgovernmentbonds,2026-08-01T18:05:45+00:00
cds_kr_5y,2015-10-15,2015-10-15,67.43,,69.67,worldgovernmentbonds,2026-08-01T18:05:45+00:00
cds_kr_5y,2015-10-16,2015-10-16,65.23,,67.43,worldgovernmentbonds,2026-08-01T18:05:45+00:00
cds_kr_5y,2015-10-19,2015-10-19,64.49,,65.23,worldgovernmentbonds,2026-08-01T18:05:45+00:00
cds_kr_5y,2015-10-20,2015-10-20,64.99,,64.49,worldgovernmentbonds,2026-08-01T18:05:45+00:00
cds_kr_5y,2015-10-21,2015-10-21,64.99,,64.99,worldgovernmentbonds,2026-08-01T18:05:45+00:00
cds_kr_5y,2015-10-22,2015-10-22,65.95,,64.99,worldgovernmentbonds,2026-08-01T18:05:45+00:00
cds_kr_5y,2015-10-23,2015-10-23,63.97,,65.95,worldgovernmentbonds,2026-08-01T18:05:45+00:00
cds_kr_5y,2015-10-26,2015-10-26,61.51,,63.97,worldgovernmentbonds,2026-08-01T18:05:45+00:00
cds_kr_5y,2015-10-27,2015-10-27,62.5,,61.51,worldgovernmentbonds,2026-08-01T18:05:45+00:00
cds_kr_5y,2015-10-28,2015-10-28,62.74,,62.5,worldgovernmentbonds,2026-08-01T18:05:45+00:00
cds_kr_5y,2015-10-29,2015-10-29,62.73,,62.74,worldgovernmentbonds,2026-08-01T18:05:45+00:00
cds_kr_5y,2015-10-30,2015-10-30,61.5,,62.73,worldgovernmentbonds,2026-08-01T18:05:45+00:00
cds_kr_5y,2015-11-02,2015-11-02,61.99,,61.5,worldgovernmentbonds,2026-08-01T18:05:45+00:00
cds_kr_5y,2015-11-03,2015-11-03,61.24,,61.99,worldgovernmentbonds,2026-08-01T18:05:45+00:00
cds_kr_5y,2015-11-04,2015-11-04,56.55,,61.24,worldgovernmentbonds,2026-08-01T18:05:45+00:00
cds_kr_5y,2015-11-05,2015-11-05,57.53,,56.55,worldgovernmentbonds,2026-08-01T18:05:45+00:00
cds_kr_5y,2015-11-06,2015-11-06,58.03,,57.53,worldgovernmentbonds,2026-08-01T18:05:45+00:00
cds_kr_5y,2015-11-09,2015-11-09,58.01,,58.03,worldgovernmentbonds,2026-08-01T18:05:45+00:00
cds_kr_5y,2015-11-10,2015-11-10,58.04,,58.01,worldgovernmentbonds,2026-08-01T18:05:45+00:00
cds_kr_5y,2015-11-11,2015-11-11,58.75,,58.04,worldgovernmentbonds,2026-08-01T18:05:45+00:00
cds_kr_5y,2015-11-12,2015-11-12,58.0,,58.75,worldgovernmentbonds,2026-08-01T18:05:45+00:00
cds_kr_5y,2015-11-13,2015-11-13,59.0,,58.0,worldgovernmentbonds,2026-08-01T18:05:45+00:00
cds_kr_5y,2015-11-16,2015-11-16,60.27,,59.0,worldgovernmentbonds,2026-08-01T18:05:45+00:00
cds_kr_5y,2015-11-17,2015-11-17,57.76,,60.27,worldgovernmentbonds,2026-08-01T18:05:45+00:00
cds_kr_5y,2015-11-18,2015-11-18,56.28,,57.76,worldgovernmentbonds,2026-08-01T18:05:45+00:00
cds_kr_5y,2015-11-19,2015-11-19,54.68,,56.28,worldgovernmentbonds,2026-08-01T18:05:45+00:00
cds_kr_5y,2015-11-20,2015-11-20,54.05,,54.68,worldgovernmentbonds,2026-08-01T18:05:45+00:00
cds_kr_5y,2015-11-23,2015-11-23,54.04,,54.05,worldgovernmentbonds,2026-08-01T18:05:45+00:00
cds_kr_5y,2015-11-24,2015-11-24,55.3,,54.04,worldgovernmentbonds,2026-08-01T18:05:45+00:00
cds_kr_5y,2015-11-25,2015-11-25,54.55,,55.3,worldgovernmentbonds,2026-08-01T18:05:45+00:00
cds_kr_5y,2015-11-26,2015-11-26,53.81,,54.55,worldgovernmentbonds,2026-08-01T18:05:45+00:00
cds_kr_5y,2015-11-27,2015-11-27,53.31,,53.81,worldgovernmentbonds,2026-08-01T18:05:45+00:00
cds_kr_5y,2015-11-30,2015-11-30,54.05,,53.31,worldgovernmentbonds,2026-08-01T18:05:45+00:00
cds_kr_5y,2015-12-01,2015-12-01,53.79,,54.05,worldgovernmentbonds,2026-08-01T18:05:45+00:00
cds_kr_5y,2015-12-02,2015-12-02,52.43,,53.79,worldgovernmentbonds,2026-08-01T18:05:45+00:00
cds_kr_5y,2015-12-03,2015-12-03,53.31,,52.43,worldgovernmentbonds,2026-08-01T18:05:45+00:00
cds_kr_5y,2015-12-04,2015-12-04,54.08,,53.31,worldgovernmentbonds,2026-08-01T18:05:45+00:00
cds_kr_5y,2015-12-07,2015-12-07,52.81,,54.08,worldgovernmentbonds,2026-08-01T18:05:45+00:00
cds_kr_5y,2015-12-08,2015-12-08,54.29,,52.81,worldgovernmentbonds,2026-08-01T18:05:45+00:00
cds_kr_5y,2015-12-09,2015-12-09,55.29,,54.29,worldgovernmentbonds,2026-08-01T18:05:45+00:00
cds_kr_5y,2015-12-10,2015-12-10,55.29,,55.29,worldgovernmentbonds,2026-08-01T18:05:45+00:00
cds_kr_5y,2015-12-11,2015-12-11,56.9,,55.29,worldgovernmentbonds,2026-08-01T18:05:45+00:00
cds_kr_5y,2015-12-14,2015-12-14,58.74,,56.9,worldgovernmentbonds,2026-08-01T18:05:45+00:00
cds_kr_5y,2015-12-15,2015-12-15,59.77,,58.74,worldgovernmentbonds,2026-08-01T18:05:45+00:00
cds_kr_5y,2015-12-16,2015-12-16,56.7,,59.77,worldgovernmentbonds,2026-08-01T18:05:45+00:00
cds_kr_5y,2015-12-17,2015-12-17,56.05,,56.7,worldgovernmentbonds,2026-08-01T18:05:45+00:00
cds_kr_5y,2015-12-18,2015-12-18,58.27,,56.05,worldgovernmentbonds,2026-08-01T18:05:45+00:00
cds_kr_5y,2015-12-21,2015-12-21,59.26,,58.27,worldgovernmentbonds,2026-08-01T18:05:45+00:00
cds_kr_5y,2015-12-22,2015-12-22,58.77,,59.26,worldgovernmentbonds,2026-08-01T18:05:45+00:00
cds_kr_5y,2015-12-23,2015-12-23,57.28,,58.77,worldgovernmentbonds,2026-08-01T18:05:45+00:00
cds_kr_5y,2015-12-24,2015-12-24,56.8,,57.28,worldgovernmentbonds,2026-08-01T18:05:45+00:00
cds_kr_5y,2015-12-25,2015-12-25,56.79,,56.8,worldgovernmentbonds,2026-08-01T18:05:45+00:00
cds_kr_5y,2015-12-28,2015-12-28,56.3,,56.79,worldgovernmentbonds,2026-08-01T18:05:45+00:00
cds_kr_5y,2015-12-29,2015-12-29,57.29,,56.3,worldgovernmentbonds,2026-08-01T18:05:45+00:00
cds_kr_5y,2015-12-30,2015-12-30,56.8,,57.29,worldgovernmentbonds,2026-08-01T18:05:45+00:00
cds_kr_5y,2015-12-31,2015-12-31,56.06,,56.8,worldgovernmentbonds,2026-08-01T18:05:45+00:00
cds_kr_5y,2016-01-01,2016-01-01,56.05,,56.06,worldgovernmentbonds,2026-08-01T18:05:45+00:00
cds_kr_5y,2016-01-04,2016-01-04,58.52,,56.05,worldgovernmentbonds,2026-08-01T18:05:45+00:00
cds_kr_5y,2016-01-05,2016-01-05,58.02,,58.52,worldgovernmentbonds,2026-08-01T18:05:45+00:00
cds_kr_5y,2016-01-06,2016-01-06,60.51,,58.02,worldgovernmentbonds,2026-08-01T18:05:45+00:00
cds_kr_5y,2016-01-07,2016-01-07,63.97,,60.51,worldgovernmentbonds,2026-08-01T18:05:45+00:00
cds_kr_5y,2016-01-08,2016-01-08,63.18,,63.97,worldgovernmentbonds,2026-08-01T18:05:45+00:00
cds_kr_5y,2016-01-11,2016-01-11,65.67,,63.18,worldgovernmentbonds,2026-08-01T18:05:45+00:00
cds_kr_5y,2016-01-12,2016-01-12,66.91,,65.67,worldgovernmentbonds,2026-08-01T18:05:45+00:00
cds_kr_5y,2016-01-13,2016-01-13,64.68,,66.91,worldgovernmentbonds,2026-08-01T18:05:45+00:00
cds_kr_5y,2016-01-14,2016-01-14,67.9,,64.68,worldgovernmentbonds,2026-08-01T18:05:45+00:00
cds_kr_5y,2016-01-15,2016-01-15,69.9,,67.9,worldgovernmentbonds,2026-08-01T18:05:45+00:00
cds_kr_5y,2016-01-18,2016-01-18,71.62,,69.9,worldgovernmentbonds,2026-08-01T18:05:45+00:00
cds_kr_5y,2016-01-19,2016-01-19,65.45,,71.62,worldgovernmentbonds,2026-08-01T18:05:45+00:00
cds_kr_5y,2016-01-20,2016-01-20,72.39,,65.45,worldgovernmentbonds,2026-08-01T18:05:45+00:00
cds_kr_5y,2016-01-21,2016-01-21,68.9,,72.39,worldgovernmentbonds,2026-08-01T18:05:45+00:00
cds_kr_5y,2016-01-22,2016-01-22,63.96,,68.9,worldgovernmentbonds,2026-08-01T18:05:45+00:00
cds_kr_5y,2016-01-25,2016-01-25,65.2,,63.96,worldgovernmentbonds,2026-08-01T18:05:45+00:00
cds_kr_5y,2016-01-26,2016-01-26,69.16,,65.2,worldgovernmentbonds,2026-08-01T18:05:45+00:00
cds_kr_5y,2016-01-27,2016-01-27,68.41,,69.16,worldgovernmentbonds,2026-08-01T18:05:45+00:00
cds_kr_5y,2016-01-28,2016-01-28,66.68,,68.41,worldgovernmentbonds,2026-08-01T18:05:45+00:00
cds_kr_5y,2016-01-29,2016-01-29,64.47,,66.68,worldgovernmentbonds,2026-08-01T18:05:45+00:00
cds_kr_5y,2016-02-01,2016-02-01,65.19,,64.47,worldgovernmentbonds,2026-08-01T18:05:45+00:00
cds_kr_5y,2016-02-02,2016-02-02,67.18,,65.19,worldgovernmentbonds,2026-08-01T18:05:45+00:00
cds_kr_5y,2016-02-03,2016-02-03,68.9,,67.18,worldgovernmentbonds,2026-08-01T18:05:45+00:00
cds_kr_5y,2016-02-04,2016-02-04,67.9,,68.9,worldgovernmentbonds,2026-08-01T18:05:45+00:00
cds_kr_5y,2016-02-05,2016-02-05,68.16,,67.9,worldgovernmentbonds,2026-08-01T18:05:45+00:00
cds_kr_5y,2016-02-08,2016-02-08,68.16,,68.16,worldgovernmentbonds,2026-08-01T18:05:45+00:00
cds_kr_5y,2016-02-09,2016-02-09,68.16,,68.16,worldgovernmentbonds,2026-08-01T18:05:45+00:00
cds_kr_5y,2016-02-10,2016-02-10,72.14,,68.16,worldgovernmentbonds,2026-08-01T18:05:45+00:00
cds_kr_5y,2016-02-11,2016-02-11,79.78,,72.14,worldgovernmentbonds,2026-08-01T18:05:45+00:00
cds_kr_5y,2016-02-12,2016-02-12,81.0,,79.78,worldgovernmentbonds,2026-08-01T18:05:45+00:00
cds_kr_5y,2016-02-15,2016-02-15,73.35,,81.0,worldgovernmentbonds,2026-08-01T18:05:45+00:00
cds_kr_5y,2016-02-16,2016-02-16,68.89,,73.35,worldgovernmentbonds,2026-08-01T18:05:45+00:00
cds_kr_5y,2016-02-17,2016-02-17,72.63,,68.89,worldgovernmentbonds,2026-08-01T18:05:45+00:00
cds_kr_5y,2016-02-18,2016-02-18,69.67,,72.63,worldgovernmentbonds,2026-08-01T18:05:45+00:00
cds_kr_5y,2016-02-19,2016-02-19,71.41,,69.67,worldgovernmentbonds,2026-08-01T18:05:45+00:00
cds_kr_5y,2016-02-22,2016-02-22,70.42,,71.41,worldgovernmentbonds,2026-08-01T18:05:45+00:00
cds_kr_5y,2016-02-23,2016-02-23,69.93,,70.42,worldgovernmentbonds,2026-08-01T18:05:45+00:00
cds_kr_5y,2016-02-24,2016-02-24,70.67,,69.93,worldgovernmentbonds,2026-08-01T18:05:45+00:00
cds_kr_5y,2016-02-25,2016-02-25,71.89,,70.67,worldgovernmentbonds,2026-08-01T18:05:45+00:00
cds_kr_5y,2016-02-26,2016-02-26,69.9,,71.89,worldgovernmentbonds,2026-08-01T18:05:45+00:00
cds_kr_5y,2016-02-29,2016-02-29,69.07,,69.9,worldgovernmentbonds,2026-08-01T18:05:45+00:00
cds_kr_5y,2016-03-01,2016-03-01,67.94,,69.07,worldgovernmentbonds,2026-08-01T18:05:45+00:00
cds_kr_5y,2016-03-02,2016-03-02,64.48,,67.94,worldgovernmentbonds,2026-08-01T18:05:45+00:00
cds_kr_5y,2016-03-03,2016-03-03,62.74,,64.48,worldgovernmentbonds,2026-08-01T18:05:45+00:00
cds_kr_5y,2016-03-04,2016-03-04,61.51,,62.74,worldgovernmentbonds,2026-08-01T18:05:45+00:00
cds_kr_5y,2016-03-07,2016-03-07,61.75,,61.51,worldgovernmentbonds,2026-08-01T18:05:45+00:00
cds_kr_5y,2016-03-08,2016-03-08,63.76,,61.75,worldgovernmentbonds,2026-08-01T18:05:45+00:00
cds_kr_5y,2016-03-09,2016-03-09,64.33,,63.76,worldgovernmentbonds,2026-08-01T18:05:45+00:00
cds_kr_5y,2016-03-10,2016-03-10,62.26,,64.33,worldgovernmentbonds,2026-08-01T18:05:45+00:00
cds_kr_5y,2016-03-11,2016-03-11,60.27,,62.26,worldgovernmentbonds,2026-08-01T18:05:45+00:00
cds_kr_5y,2016-03-14,2016-03-14,58.38,,60.27,worldgovernmentbonds,2026-08-01T18:05:45+00:00
cds_kr_5y,2016-03-15,2016-03-15,61.25,,58.38,worldgovernmentbonds,2026-08-01T18:05:45+00:00
cds_kr_5y,2016-03-16,2016-03-16,60.51,,61.25,worldgovernmentbonds,2026-08-01T18:05:45+00:00
cds_kr_5y,2016-03-17,2016-03-17,57.56,,60.51,worldgovernmentbonds,2026-08-01T18:05:45+00:00
cds_kr_5y,2016-03-18,2016-03-18,57.28,,57.56,worldgovernmentbonds,2026-08-01T18:05:45+00:00
cds_kr_5y,2016-03-21,2016-03-21,65.26,,57.28,worldgovernmentbonds,2026-08-01T18:05:45+00:00
cds_kr_5y,2016-03-22,2016-03-22,65.28,,65.26,worldgovernmentbonds,2026-08-01T18:05:45+00:00
cds_kr_5y,2016-03-23,2016-03-23,64.77,,65.28,worldgovernmentbonds,2026-08-01T18:05:45+00:00
cds_kr_5y,2016-03-24,2016-03-24,68.48,,64.77,worldgovernmentbonds,2026-08-01T18:05:45+00:00
cds_kr_5y,2016-03-25,2016-03-25,68.48,,68.48,worldgovernmentbonds,2026-08-01T18:05:45+00:00
cds_kr_5y,2016-03-28,2016-03-28,68.48,,68.48,worldgovernmentbonds,2026-08-01T18:05:45+00:00
cds_kr_5y,2016-03-29,2016-03-29,67.25,,68.48,worldgovernmentbonds,2026-08-01T18:05:45+00:00
cds_kr_5y,2016-03-30,2016-03-30,64.99,,67.25,worldgovernmentbonds,2026-08-01T18:05:45+00:00
cds_kr_5y,2016-03-31,2016-03-31,64.29,,64.99,worldgovernmentbonds,2026-08-01T18:05:45+00:00
cds_kr_5y,2016-04-01,2016-04-01,65.0,,64.29,worldgovernmentbonds,2026-08-01T18:05:45+00:00
cds_kr_5y,2016-04-04,2016-04-04,64.52,,65.0,worldgovernmentbonds,2026-08-01T18:05:45+00:00
cds_kr_5y,2016-04-05,2016-04-05,67.27,,64.52,worldgovernmentbonds,2026-08-01T18:05:45+00:00
cds_kr_5y,2016-04-06,2016-04-06,66.25,,67.27,worldgovernmentbonds,2026-08-01T18:05:45+00:00
cds_kr_5y,2016-04-07,2016-04-07,66.01,,66.25,worldgovernmentbonds,2026-08-01T18:05:45+00:00
cds_kr_5y,2016-04-08,2016-04-08,67.48,,66.01,worldgovernmentbonds,2026-08-01T18:05:45+00:00
cds_kr_5y,2016-04-11,2016-04-11,66.27,,67.48,worldgovernmentbonds,2026-08-01T18:05:45+00:00
cds_kr_5y,2016-04-12,2016-04-12,64.78,,66.27,worldgovernmentbonds,2026-08-01T18:05:45+00:00
cds_kr_5y,2016-04-13,2016-04-13,62.55,,64.78,worldgovernmentbonds,2026-08-01T18:05:45+00:00
cds_kr_5y,2016-04-14,2016-04-14,61.56,,62.55,worldgovernmentbonds,2026-08-01T18:05:45+00:00
cds_kr_5y,2016-04-15,2016-04-15,63.54,,61.56,worldgovernmentbonds,2026-08-01T18:05:45+00:00
cds_kr_5y,2016-04-18,2016-04-18,64.92,,63.54,worldgovernmentbonds,2026-08-01T18:05:45+00:00
cds_kr_5y,2016-04-19,2016-04-19,63.04,,64.92,worldgovernmentbonds,2026-08-01T18:05:45+00:00
cds_kr_5y,2016-04-20,2016-04-20,64.31,,63.04,worldgovernmentbonds,2026-08-01T18:05:45+00:00
cds_kr_5y,2016-04-21,2016-04-21,62.58,,64.31,worldgovernmentbonds,2026-08-01T18:05:45+00:00
cds_kr_5y,2016-04-22,2016-04-22,63.05,,62.58,worldgovernmentbonds,2026-08-01T18:05:45+00:00
cds_kr_5y,2016-04-25,2016-04-25,65.52,,63.05,worldgovernmentbonds,2026-08-01T18:05:45+00:00
cds_kr_5y,2016-04-26,2016-04-26,65.03,,65.52,worldgovernmentbonds,2026-08-01T18:05:45+00:00
cds_kr_5y,2016-04-27,2016-04-27,64.3,,65.03,worldgovernmentbonds,2026-08-01T18:05:45+00:00
cds_kr_5y,2016-04-28,2016-04-28,63.78,,64.3,worldgovernmentbonds,2026-08-01T18:05:45+00:00
cds_kr_5y,2016-04-29,2016-04-29,64.25,,63.78,worldgovernmentbonds,2026-08-01T18:05:45+00:00
cds_kr_5y,2016-05-02,2016-05-02,64.25,,64.25,worldgovernmentbonds,2026-08-01T18:05:45+00:00
cds_kr_5y,2016-05-03,2016-05-03,64.5,,64.25,worldgovernmentbonds,2026-08-01T18:05:45+00:00
cds_kr_5y,2016-05-04,2016-05-04,65.24,,64.5,worldgovernmentbonds,2026-08-01T18:05:45+00:00
cds_kr_5y,2016-05-05,2016-05-05,64.62,,65.24,worldgovernmentbonds,2026-08-01T18:05:45+00:00
cds_kr_5y,2016-05-06,2016-05-06,64.99,,64.62,worldgovernmentbonds,2026-08-01T18:05:45+00:00
cds_kr_5y,2016-05-09,2016-05-09,64.28,,64.99,worldgovernmentbonds,2026-08-01T18:05:45+00:00
cds_kr_5y,2016-05-10,2016-05-10,62.52,,64.28,worldgovernmentbonds,2026-08-01T18:05:45+00:00
cds_kr_5y,2016-05-11,2016-05-11,62.66,,62.52,worldgovernmentbonds,2026-08-01T18:05:45+00:00
cds_kr_5y,2016-05-12,2016-05-12,63.77,,62.66,worldgovernmentbonds,2026-08-01T18:05:45+00:00
cds_kr_5y,2016-05-13,2016-05-13,64.28,,63.77,worldgovernmentbonds,2026-08-01T18:05:45+00:00
cds_kr_5y,2016-05-16,2016-05-16,64.28,,64.28,worldgovernmentbonds,2026-08-01T18:05:45+00:00
cds_kr_5y,2016-05-17,2016-05-17,63.03,,64.28,worldgovernmentbonds,2026-08-01T18:05:45+00:00
cds_kr_5y,2016-05-18,2016-05-18,63.77,,63.03,worldgovernmentbonds,2026-08-01T18:05:45+00:00
cds_kr_5y,2016-05-19,2016-05-19,65.03,,63.77,worldgovernmentbonds,2026-08-01T18:05:45+00:00
cds_kr_5y,2016-05-20,2016-05-20,64.01,,65.03,worldgovernmentbonds,2026-08-01T18:05:45+00:00
cds_kr_5y,2016-05-23,2016-05-23,63.52,,64.01,worldgovernmentbonds,2026-08-01T18:05:45+00:00
cds_kr_5y,2016-05-24,2016-05-24,63.51,,63.52,worldgovernmentbonds,2026-08-01T18:05:45+00:00
cds_kr_5y,2016-05-25,2016-05-25,60.79,,63.51,worldgovernmentbonds,2026-08-01T18:05:45+00:00
cds_kr_5y,2016-05-26,2016-05-26,59.42,,60.79,worldgovernmentbonds,2026-08-01T18:05:45+00:00
cds_kr_5y,2016-05-27,2016-05-27,58.78,,59.42,worldgovernmentbonds,2026-08-01T18:05:45+00:00
cds_kr_5y,2016-05-30,2016-05-30,58.3,,58.78,worldgovernmentbonds,2026-08-01T18:05:45+00:00
cds_kr_5y,2016-05-31,2016-05-31,59.02,,58.3,worldgovernmentbonds,2026-08-01T18:05:45+00:00
cds_kr_5y,2016-06-01,2016-06-01,60.26,,59.02,worldgovernmentbonds,2026-08-01T18:05:45+00:00
cds_kr_5y,2016-06-02,2016-06-02,60.17,,60.26,worldgovernmentbonds,2026-08-01T18:05:45+00:00
cds_kr_5y,2016-06-03,2016-06-03,59.04,,60.17,worldgovernmentbonds,2026-08-01T18:05:45+00:00
cds_kr_5y,2016-06-06,2016-06-06,58.92,,59.04,worldgovernmentbonds,2026-08-01T18:05:45+00:00
cds_kr_5y,2016-06-07,2016-06-07,58.06,,58.92,worldgovernmentbonds,2026-08-01T18:05:45+00:00
cds_kr_5y,2016-06-08,2016-06-08,57.81,,58.06,worldgovernmentbonds,2026-08-01T18:05:45+00:00
cds_kr_5y,2016-06-09,2016-06-09,57.81,,57.81,worldgovernmentbonds,2026-08-01T18:05:45+00:00
cds_kr_5y,2016-06-10,2016-06-10,59.54,,57.81,worldgovernmentbonds,2026-08-01T18:05:45+00:00
cds_kr_5y,2016-06-13,2016-06-13,62.38,,59.54,worldgovernmentbonds,2026-08-01T18:05:45+00:00
cds_kr_5y,2016-06-14,2016-06-14,64.0,,62.38,worldgovernmentbonds,2026-08-01T18:05:45+00:00
cds_kr_5y,2016-06-15,2016-06-15,63.52,,64.0,worldgovernmentbonds,2026-08-01T18:05:45+00:00
cds_kr_5y,2016-06-16,2016-06-16,64.75,,63.52,worldgovernmentbonds,2026-08-01T18:05:45+00:00
cds_kr_5y,2016-06-17,2016-06-17,63.27,,64.75,worldgovernmentbonds,2026-08-01T18:05:45+00:00
cds_kr_5y,2016-06-20,2016-06-20,60.78,,63.27,worldgovernmentbonds,2026-08-01T18:05:45+00:00
cds_kr_5y,2016-06-21,2016-06-21,59.8,,60.78,worldgovernmentbonds,2026-08-01T18:05:45+00:00
cds_kr_5y,2016-06-22,2016-06-22,59.18,,59.8,worldgovernmentbonds,2026-08-01T18:05:45+00:00
cds_kr_5y,2016-06-23,2016-06-23,58.27,,59.18,worldgovernmentbonds,2026-08-01T18:05:45+00:00
cds_kr_5y,2016-06-24,2016-06-24,62.43,,58.27,worldgovernmentbonds,2026-08-01T18:05:45+00:00
cds_kr_5y,2016-06-27,2016-06-27,62.36,,62.43,worldgovernmentbonds,2026-08-01T18:05:45+00:00
cds_kr_5y,2016-06-28,2016-06-28,61.54,,62.36,worldgovernmentbonds,2026-08-01T18:05:45+00:00
cds_kr_5y,2016-06-29,2016-06-29,57.45,,61.54,worldgovernmentbonds,2026-08-01T18:05:45+00:00
cds_kr_5y,2016-06-30,2016-06-30,57.1,,57.45,worldgovernmentbonds,2026-08-01T18:05:45+00:00
cds_kr_5y,2016-07-01,2016-07-01,58.82,,57.1,worldgovernmentbonds,2026-08-01T18:05:45+00:00
cds_kr_5y,2016-07-04,2016-07-04,54.83,,58.82,worldgovernmentbonds,2026-08-01T18:05:45+00:00
cds_kr_5y,2016-07-05,2016-07-05,55.96,,54.83,worldgovernmentbonds,2026-08-01T18:05:45+00:00
cds_kr_5y,2016-07-06,2016-07-06,57.3,,55.96,worldgovernmentbonds,2026-08-01T18:05:45+00:00
cds_kr_5y,2016-07-07,2016-07-07,56.59,,57.3,worldgovernmentbonds,2026-08-01T18:05:45+00:00
cds_kr_5y,2016-07-08,2016-07-08,56.33,,56.59,worldgovernmentbonds,2026-08-01T18:05:45+00:00
cds_kr_5y,2016-07-11,2016-07-11,51.13,,56.33,worldgovernmentbonds,2026-08-01T18:05:45+00:00
cds_kr_5y,2016-07-12,2016-07-12,48.91,,51.13,worldgovernmentbonds,2026-08-01T18:05:45+00:00
cds_kr_5y,2016-07-13,2016-07-13,48.55,,48.91,worldgovernmentbonds,2026-08-01T18:05:45+00:00
cds_kr_5y,2016-07-14,2016-07-14,47.66,,48.55,worldgovernmentbonds,2026-08-01T18:05:45+00:00
cds_kr_5y,2016-07-15,2016-07-15,47.14,,47.66,worldgovernmentbonds,2026-08-01T18:05:45+00:00
cds_kr_5y,2016-07-18,2016-07-18,48.12,,47.14,worldgovernmentbonds,2026-08-01T18:05:45+00:00
cds_kr_5y,2016-07-19,2016-07-19,48.64,,48.12,worldgovernmentbonds,2026-08-01T18:05:45+00:00
cds_kr_5y,2016-07-20,2016-07-20,49.25,,48.64,worldgovernmentbonds,2026-08-01T18:05:45+00:00
cds_kr_5y,2016-07-21,2016-07-21,48.4,,49.25,worldgovernmentbonds,2026-08-01T18:05:45+00:00
cds_kr_5y,2016-07-22,2016-07-22,48.64,,48.4,worldgovernmentbonds,2026-08-01T18:05:45+00:00
cds_kr_5y,2016-07-25,2016-07-25,48.39,,48.64,worldgovernmentbonds,2026-08-01T18:05:45+00:00
cds_kr_5y,2016-07-26,2016-07-26,49.65,,48.39,worldgovernmentbonds,2026-08-01T18:05:45+00:00
cds_kr_5y,2016-07-27,2016-07-27,50.38,,49.65,worldgovernmentbonds,2026-08-01T18:05:45+00:00
cds_kr_5y,2016-07-28,2016-07-28,50.36,,50.38,worldgovernmentbonds,2026-08-01T18:05:45+00:00
cds_kr_5y,2016-07-29,2016-07-29,50.87,,50.36,worldgovernmentbonds,2026-08-01T18:05:45+00:00
cds_kr_5y,2016-08-01,2016-08-01,49.34,,50.87,worldgovernmentbonds,2026-08-01T18:05:45+00:00
cds_kr_5y,2016-08-02,2016-08-02,49.53,,49.34,worldgovernmentbonds,2026-08-01T18:05:45+00:00
cds_kr_5y,2016-08-03,2016-08-03,51.63,,49.53,worldgovernmentbonds,2026-08-01T18:05:45+00:00
cds_kr_5y,2016-08-04,2016-08-04,51.14,,51.63,worldgovernmentbonds,2026-08-01T18:05:45+00:00
cds_kr_5y,2016-08-05,2016-08-05,48.65,,51.14,worldgovernmentbonds,2026-08-01T18:05:45+00:00
cds_kr_5y,2016-08-08,2016-08-08,46.49,,48.65,worldgovernmentbonds,2026-08-01T18:05:45+00:00
cds_kr_5y,2016-08-09,2016-08-09,45.95,,46.49,worldgovernmentbonds,2026-08-01T18:05:45+00:00
cds_kr_5y,2016-08-10,2016-08-10,45.19,,45.95,worldgovernmentbonds,2026-08-01T18:05:45+00:00
cds_kr_5y,2016-08-11,2016-08-11,45.68,,45.19,worldgovernmentbonds,2026-08-01T18:05:45+00:00
cds_kr_5y,2016-08-12,2016-08-12,45.22,,45.68,worldgovernmentbonds,2026-08-01T18:05:45+00:00
cds_kr_5y,2016-08-15,2016-08-15,45.16,,45.22,worldgovernmentbonds,2026-08-01T18:05:45+00:00
cds_kr_5y,2016-08-16,2016-08-16,44.55,,45.16,worldgovernmentbonds,2026-08-01T18:05:45+00:00
cds_kr_5y,2016-08-17,2016-08-17,45.05,,44.55,worldgovernmentbonds,2026-08-01T18:05:45+00:00
cds_kr_5y,2016-08-18,2016-08-18,44.17,,45.05,worldgovernmentbonds,2026-08-01T18:05:45+00:00
cds_kr_5y,2016-08-19,2016-08-19,43.53,,44.17,worldgovernmentbonds,2026-08-01T18:05:45+00:00
cds_kr_5y,2016-08-22,2016-08-22,44.31,,43.53,worldgovernmentbonds,2026-08-01T18:05:45+00:00
cds_kr_5y,2016-08-23,2016-08-23,44.64,,44.31,worldgovernmentbonds,2026-08-01T18:05:45+00:00
cds_kr_5y,2016-08-24,2016-08-24,43.9,,44.64,worldgovernmentbonds,2026-08-01T18:05:45+00:00
cds_kr_5y,2016-08-25,2016-08-25,44.13,,43.9,worldgovernmentbonds,2026-08-01T18:05:45+00:00
cds_kr_5y,2016-08-26,2016-08-26,44.67,,44.13,worldgovernmentbonds,2026-08-01T18:05:45+00:00
cds_kr_5y,2016-08-29,2016-08-29,44.93,,44.67,worldgovernmentbonds,2026-08-01T18:05:45+00:00
cds_kr_5y,2016-08-30,2016-08-30,43.99,,44.93,worldgovernmentbonds,2026-08-01T18:05:45+00:00
cds_kr_5y,2016-08-31,2016-08-31,43.15,,43.99,worldgovernmentbonds,2026-08-01T18:05:45+00:00
cds_kr_5y,2016-09-01,2016-09-01,43.16,,43.15,worldgovernmentbonds,2026-08-01T18:05:45+00:00
cds_kr_5y,2016-09-02,2016-09-02,43.51,,43.16,worldgovernmentbonds,2026-08-01T18:05:45+00:00
cds_kr_5y,2016-09-05,2016-09-05,42.65,,43.51,worldgovernmentbonds,2026-08-01T18:05:45+00:00
cds_kr_5y,2016-09-06,2016-09-06,42.03,,42.65,worldgovernmentbonds,2026-08-01T18:05:45+00:00
cds_kr_5y,2016-09-07,2016-09-07,41.37,,42.03,worldgovernmentbonds,2026-08-01T18:05:45+00:00
cds_kr_5y,2016-09-08,2016-09-08,40.41,,41.37,worldgovernmentbonds,2026-08-01T18:05:45+00:00
cds_kr_5y,2016-09-09,2016-09-09,40.16,,40.41,worldgovernmentbonds,2026-08-01T18:05:45+00:00
cds_kr_5y,2016-09-12,2016-09-12,44.63,,40.16,worldgovernmentbonds,2026-08-01T18:05:45+00:00
cds_kr_5y,2016-09-13,2016-09-13,42.28,,44.63,worldgovernmentbonds,2026-08-01T18:05:45+00:00
cds_kr_5y,2016-09-14,2016-09-14,42.55,,42.28,worldgovernmentbonds,2026-08-01T18:05:45+00:00
cds_kr_5y,2016-09-15,2016-09-15,41.26,,42.55,worldgovernmentbonds,2026-08-01T18:05:45+00:00
cds_kr_5y,2016-09-16,2016-09-16,41.27,,41.26,worldgovernmentbonds,2026-08-01T18:05:45+00:00
cds_kr_5y,2016-09-19,2016-09-19,40.78,,41.27,worldgovernmentbonds,2026-08-01T18:05:45+00:00
cds_kr_5y,2016-09-20,2016-09-20,42.96,,40.78,worldgovernmentbonds,2026-08-01T18:05:45+00:00
cds_kr_5y,2016-09-21,2016-09-21,42.72,,42.96,worldgovernmentbonds,2026-08-01T18:05:45+00:00
cds_kr_5y,2016-09-22,2016-09-22,40.49,,42.72,worldgovernmentbonds,2026-08-01T18:05:45+00:00
cds_kr_5y,2016-09-23,2016-09-23,40.23,,40.49,worldgovernmentbonds,2026-08-01T18:05:45+00:00
cds_kr_5y,2016-09-26,2016-09-26,40.49,,40.23,worldgovernmentbonds,2026-08-01T18:05:45+00:00
cds_kr_5y,2016-09-27,2016-09-27,41.71,,40.49,worldgovernmentbonds,2026-08-01T18:05:45+00:00
cds_kr_5y,2016-09-28,2016-09-28,41.97,,41.71,worldgovernmentbonds,2026-08-01T18:05:45+00:00
cds_kr_5y,2016-09-29,2016-09-29,41.21,,41.97,worldgovernmentbonds,2026-08-01T18:05:45+00:00
cds_kr_5y,2016-09-30,2016-09-30,42.47,,41.21,worldgovernmentbonds,2026-08-01T18:05:45+00:00
cds_kr_5y,2016-10-03,2016-10-03,41.72,,42.47,worldgovernmentbonds,2026-08-01T18:05:45+00:00
cds_kr_5y,2016-10-04,2016-10-04,42.22,,41.72,worldgovernmentbonds,2026-08-01T18:05:45+00:00
cds_kr_5y,2016-10-05,2016-10-05,41.73,,42.22,worldgovernmentbonds,2026-08-01T18:05:45+00:00
cds_kr_5y,2016-10-06,2016-10-06,41.24,,41.73,worldgovernmentbonds,2026-08-01T18:05:45+00:00
cds_kr_5y,2016-10-07,2016-10-07,41.24,,41.24,worldgovernmentbonds,2026-08-01T18:05:45+00:00
cds_kr_5y,2016-10-10,2016-10-10,41.24,,41.24,worldgovernmentbonds,2026-08-01T18:05:45+00:00
cds_kr_5y,2016-10-11,2016-10-11,40.94,,41.24,worldgovernmentbonds,2026-08-01T18:05:45+00:00
cds_kr_5y,2016-10-12,2016-10-12,41.18,,40.94,worldgovernmentbonds,2026-08-01T18:05:45+00:00
cds_kr_5y,2016-10-13,2016-10-13,41.47,,41.18,worldgovernmentbonds,2026-08-01T18:05:45+00:00
cds_kr_5y,2016-10-14,2016-10-14,41.46,,41.47,worldgovernmentbonds,2026-08-01T18:05:45+00:00
cds_kr_5y,2016-10-17,2016-10-17,41.95,,41.46,worldgovernmentbonds,2026-08-01T18:05:45+00:00
cds_kr_5y,2016-10-18,2016-10-18,41.72,,41.95,worldgovernmentbonds,2026-08-01T18:05:45+00:00
cds_kr_5y,2016-10-19,2016-10-19,41.45,,41.72,worldgovernmentbonds,2026-08-01T18:05:45+00:00
cds_kr_5y,2016-10-20,2016-10-20,41.45,,41.45,worldgovernmentbonds,2026-08-01T18:05:45+00:00
cds_kr_5y,2016-10-21,2016-10-21,41.69,,41.45,worldgovernmentbonds,2026-08-01T18:05:45+00:00
cds_kr_5y,2016-10-24,2016-10-24,41.21,,41.69,worldgovernmentbonds,2026-08-01T18:05:45+00:00
cds_kr_5y,2016-10-25,2016-10-25,40.96,,41.21,worldgovernmentbonds,2026-08-01T18:05:45+00:00
cds_kr_5y,2016-10-26,2016-10-26,41.7,,40.96,worldgovernmentbonds,2026-08-01T18:05:45+00:00
cds_kr_5y,2016-10-27,2016-10-27,41.7,,41.7,worldgovernmentbonds,2026-08-01T18:05:45+00:00
cds_kr_5y,2016-10-28,2016-10-28,41.8,,41.7,worldgovernmentbonds,2026-08-01T18:05:45+00:00
cds_kr_5y,2016-10-31,2016-10-31,42.2,,41.8,worldgovernmentbonds,2026-08-01T18:05:45+00:00
cds_kr_5y,2016-11-01,2016-11-01,41.94,,42.2,worldgovernmentbonds,2026-08-01T18:05:45+00:00
cds_kr_5y,2016-11-02,2016-11-02,43.09,,41.94,worldgovernmentbonds,2026-08-01T18:05:45+00:00
cds_kr_5y,2016-11-03,2016-11-03,44.95,,43.09,worldgovernmentbonds,2026-08-01T18:05:45+00:00
cds_kr_5y,2016-11-04,2016-11-04,44.8,,44.95,worldgovernmentbonds,2026-08-01T18:05:45+00:00
cds_kr_5y,2016-11-07,2016-11-07,44.87,,44.8,worldgovernmentbonds,2026-08-01T18:05:45+00:00
cds_kr_5y,2016-11-08,2016-11-08,44.65,,44.87,worldgovernmentbonds,2026-08-01T18:05:45+00:00
cds_kr_5y,2016-11-09,2016-11-09,48.72,,44.65,worldgovernmentbonds,2026-08-01T18:05:45+00:00
cds_kr_5y,2016-11-10,2016-11-10,46.5,,48.72,worldgovernmentbonds,2026-08-01T18:05:45+00:00
cds_kr_5y,2016-11-11,2016-11-11,51.59,,46.5,worldgovernmentbonds,2026-08-01T18:05:45+00:00
cds_kr_5y,2016-11-14,2016-11-14,54.53,,51.59,worldgovernmentbonds,2026-08-01T18:05:45+00:00
cds_kr_5y,2016-11-15,2016-11-15,51.58,,54.53,worldgovernmentbonds,2026-08-01T18:05:45+00:00
cds_kr_5y,2016-11-16,2016-11-16,51.62,,51.58,worldgovernmentbonds,2026-08-01T18:05:45+00:00
cds_kr_5y,2016-11-17,2016-11-17,51.9,,51.62,worldgovernmentbonds,2026-08-01T18:05:45+00:00
cds_kr_5y,2016-11-18,2016-11-18,53.8,,51.9,worldgovernmentbonds,2026-08-01T18:05:45+00:00
cds_kr_5y,2016-11-21,2016-11-21,53.62,,53.8,worldgovernmentbonds,2026-08-01T18:05:45+00:00
cds_kr_5y,2016-11-22,2016-11-22,50.62,,53.62,worldgovernmentbonds,2026-08-01T18:05:45+00:00
cds_kr_5y,2016-11-23,2016-11-23,50.63,,50.62,worldgovernmentbonds,2026-08-01T18:05:45+00:00
cds_kr_5y,2016-11-24,2016-11-24,51.07,,50.63,worldgovernmentbonds,2026-08-01T18:05:45+00:00
cds_kr_5y,2016-11-25,2016-11-25,51.32,,51.07,worldgovernmentbonds,2026-08-01T18:05:45+00:00
cds_kr_5y,2016-11-28,2016-11-28,50.86,,51.32,worldgovernmentbonds,2026-08-01T18:05:45+00:00
cds_kr_5y,2016-11-29,2016-11-29,51.14,,50.86,worldgovernmentbonds,2026-08-01T18:05:45+00:00
cds_kr_5y,2016-11-30,2016-11-30,50.13,,51.14,worldgovernmentbonds,2026-08-01T18:05:45+00:00
cds_kr_5y,2016-12-01,2016-12-01,49.59,,50.13,worldgovernmentbonds,2026-08-01T18:05:45+00:00
cds_kr_5y,2016-12-02,2016-12-02,48.86,,49.59,worldgovernmentbonds,2026-08-01T18:05:45+00:00
cds_kr_5y,2016-12-05,2016-12-05,47.61,,48.86,worldgovernmentbonds,2026-08-01T18:05:45+00:00
cds_kr_5y,2016-12-06,2016-12-06,46.16,,47.61,worldgovernmentbonds,2026-08-01T18:05:45+00:00
cds_kr_5y,2016-12-07,2016-12-07,43.65,,46.16,worldgovernmentbonds,2026-08-01T18:05:45+00:00
cds_kr_5y,2016-12-08,2016-12-08,42.56,,43.65,worldgovernmentbonds,2026-08-01T18:05:45+00:00
cds_kr_5y,2016-12-09,2016-12-09,42.87,,42.56,worldgovernmentbonds,2026-08-01T18:05:45+00:00
cds_kr_5y,2016-12-12,2016-12-12,41.15,,42.87,worldgovernmentbonds,2026-08-01T18:05:45+00:00
cds_kr_5y,2016-12-13,2016-12-13,41.89,,41.15,worldgovernmentbonds,2026-08-01T18:05:45+00:00
cds_kr_5y,2016-12-14,2016-12-14,41.91,,41.89,worldgovernmentbonds,2026-08-01T18:05:45+00:00
cds_kr_5y,2016-12-15,2016-12-15,43.46,,41.91,worldgovernmentbonds,2026-08-01T18:05:45+00:00
cds_kr_5y,2016-12-16,2016-12-16,44.23,,43.46,worldgovernmentbonds,2026-08-01T18:05:45+00:00
cds_kr_5y,2016-12-19,2016-12-19,44.65,,44.23,worldgovernmentbonds,2026-08-01T18:05:45+00:00
cds_kr_5y,2016-12-20,2016-12-20,45.05,,44.65,worldgovernmentbonds,2026-08-01T18:05:45+00:00
cds_kr_5y,2016-12-21,2016-12-21,44.63,,45.05,worldgovernmentbonds,2026-08-01T18:05:45+00:00
cds_kr_5y,2016-12-22,2016-12-22,44.39,,44.63,worldgovernmentbonds,2026-08-01T18:05:45+00:00
cds_kr_5y,2016-12-23,2016-12-23,44.53,,44.39,worldgovernmentbonds,2026-08-01T18:05:45+00:00
cds_kr_5y,2016-12-26,2016-12-26,44.53,,44.53,worldgovernmentbonds,2026-08-01T18:05:45+00:00
cds_kr_5y,2016-12-27,2016-12-27,44.53,,44.53,worldgovernmentbonds,2026-08-01T18:05:45+00:00
cds_kr_5y,2016-12-28,2016-12-28,44.39,,44.53,worldgovernmentbonds,2026-08-01T18:05:45+00:00
cds_kr_5y,2016-12-29,2016-12-29,44.93,,44.39,worldgovernmentbonds,2026-08-01T18:05:45+00:00
cds_kr_5y,2016-12-30,2016-12-30,44.38,,44.93,worldgovernmentbonds,2026-08-01T18:05:45+00:00
cds_kr_5y,2017-01-02,2017-01-02,44.38,,44.38,worldgovernmentbonds,2026-08-01T18:05:45+00:00
cds_kr_5y,2017-01-03,2017-01-03,44.36,,44.38,worldgovernmentbonds,2026-08-01T18:05:45+00:00
cds_kr_5y,2017-01-04,2017-01-04,44.11,,44.36,worldgovernmentbonds,2026-08-01T18:05:45+00:00
cds_kr_5y,2017-01-05,2017-01-05,44.05,,44.11,worldgovernmentbonds,2026-08-01T18:05:45+00:00
cds_kr_5y,2017-01-06,2017-01-06,45.14,,44.05,worldgovernmentbonds,2026-08-01T18:05:45+00:00
cds_kr_5y,2017-01-09,2017-01-09,47.35,,45.14,worldgovernmentbonds,2026-08-01T18:05:45+00:00
cds_kr_5y,2017-01-10,2017-01-10,49.13,,47.35,worldgovernmentbonds,2026-08-01T18:05:45+00:00
cds_kr_5y,2017-01-11,2017-01-11,48.86,,49.13,worldgovernmentbonds,2026-08-01T18:05:45+00:00
cds_kr_5y,2017-01-12,2017-01-12,49.63,,48.86,worldgovernmentbonds,2026-08-01T18:05:45+00:00
cds_kr_5y,2017-01-13,2017-01-13,48.85,,49.63,worldgovernmentbonds,2026-08-01T18:05:45+00:00
cds_kr_5y,2017-01-16,2017-01-16,48.11,,48.85,worldgovernmentbonds,2026-08-01T18:05:45+00:00
cds_kr_5y,2017-01-17,2017-01-17,49.26,,48.11,worldgovernmentbonds,2026-08-01T18:05:45+00:00
cds_kr_5y,2017-01-18,2017-01-18,49.14,,49.26,worldgovernmentbonds,2026-08-01T18:05:45+00:00
cds_kr_5y,2017-01-19,2017-01-19,48.31,,49.14,worldgovernmentbonds,2026-08-01T18:05:45+00:00
cds_kr_5y,2017-01-20,2017-01-20,47.15,,48.31,worldgovernmentbonds,2026-08-01T18:05:45+00:00
cds_kr_5y,2017-01-23,2017-01-23,47.15,,47.15,worldgovernmentbonds,2026-08-01T18:05:45+00:00
cds_kr_5y,2017-01-24,2017-01-24,47.29,,47.15,worldgovernmentbonds,2026-08-01T18:05:45+00:00
cds_kr_5y,2017-01-25,2017-01-25,46.1,,47.29,worldgovernmentbonds,2026-08-01T18:05:45+00:00
cds_kr_5y,2017-01-26,2017-01-26,46.48,,46.1,worldgovernmentbonds,2026-08-01T18:05:45+00:00
cds_kr_5y,2017-01-27,2017-01-27,47.11,,46.48,worldgovernmentbonds,2026-08-01T18:05:45+00:00
cds_kr_5y,2017-01-30,2017-01-30,47.11,,47.11,worldgovernmentbonds,2026-08-01T18:05:45+00:00
cds_kr_5y,2017-01-31,2017-01-31,47.11,,47.11,worldgovernmentbonds,2026-08-01T18:05:45+00:00
cds_kr_5y,2017-02-01,2017-02-01,47.6,,47.11,worldgovernmentbonds,2026-08-01T18:05:45+00:00
cds_kr_5y,2017-02-02,2017-02-02,47.84,,47.6,worldgovernmentbonds,2026-08-01T18:05:45+00:00
cds_kr_5y,2017-02-03,2017-02-03,46.86,,47.84,worldgovernmentbonds,2026-08-01T18:05:45+00:00
cds_kr_5y,2017-02-06,2017-02-06,45.77,,46.86,worldgovernmentbonds,2026-08-01T18:05:45+00:00
cds_kr_5y,2017-02-07,2017-02-07,46.63,,45.77,worldgovernmentbonds,2026-08-01T18:05:45+00:00
cds_kr_5y,2017-02-08,2017-02-08,48.11,,46.63,worldgovernmentbonds,2026-08-01T18:05:45+00:00
cds_kr_5y,2017-02-09,2017-02-09,47.87,,48.11,worldgovernmentbonds,2026-08-01T18:05:45+00:00
cds_kr_5y,2017-02-10,2017-02-10,46.57,,47.87,worldgovernmentbonds,2026-08-01T18:05:45+00:00
cds_kr_5y,2017-02-13,2017-02-13,46.11,,46.57,worldgovernmentbonds,2026-08-01T18:05:45+00:00
cds_kr_5y,2017-02-14,2017-02-14,44.85,,46.11,worldgovernmentbonds,2026-08-01T18:05:45+00:00
cds_kr_5y,2017-02-15,2017-02-15,46.08,,44.85,worldgovernmentbonds,2026-08-01T18:05:45+00:00
cds_kr_5y,2017-02-16,2017-02-16,46.48,,46.08,worldgovernmentbonds,2026-08-01T18:05:45+00:00
cds_kr_5y,2017-02-17,2017-02-17,47.38,,46.48,worldgovernmentbonds,2026-08-01T18:05:45+00:00
cds_kr_5y,2017-02-20,2017-02-20,47.36,,47.38,worldgovernmentbonds,2026-08-01T18:05:45+00:00
cds_kr_5y,2017-02-21,2017-02-21,46.34,,47.36,worldgovernmentbonds,2026-08-01T18:05:45+00:00
cds_kr_5y,2017-02-22,2017-02-22,44.08,,46.34,worldgovernmentbonds,2026-08-01T18:05:45+00:00
cds_kr_5y,2017-02-23,2017-02-23,44.85,,44.08,worldgovernmentbonds,2026-08-01T18:05:45+00:00
cds_kr_5y,2017-02-24,2017-02-24,45.13,,44.85,worldgovernmentbonds,2026-08-01T18:05:45+00:00
cds_kr_5y,2017-02-27,2017-02-27,44.81,,45.13,worldgovernmentbonds,2026-08-01T18:05:45+00:00
cds_kr_5y,2017-02-28,2017-02-28,45.19,,44.81,worldgovernmentbonds,2026-08-01T18:05:45+00:00
cds_kr_5y,2017-03-01,2017-03-01,45.79,,45.19,worldgovernmentbonds,2026-08-01T18:05:45+00:00
cds_kr_5y,2017-03-02,2017-03-02,44.79,,45.79,worldgovernmentbonds,2026-08-01T18:05:45+00:00
cds_kr_5y,2017-03-03,2017-03-03,45.81,,44.79,worldgovernmentbonds,2026-08-01T18:05:45+00:00
cds_kr_5y,2017-03-06,2017-03-06,47.45,,45.81,worldgovernmentbonds,2026-08-01T18:05:45+00:00
cds_kr_5y,2017-03-07,2017-03-07,47.44,,47.45,worldgovernmentbonds,2026-08-01T18:05:45+00:00
cds_kr_5y,2017-03-08,2017-03-08,47.44,,47.44,worldgovernmentbonds,2026-08-01T18:05:45+00:00
cds_kr_5y,2017-03-09,2017-03-09,49.51,,47.44,worldgovernmentbonds,2026-08-01T18:05:45+00:00
cds_kr_5y,2017-03-10,2017-03-10,49.01,,49.51,worldgovernmentbonds,2026-08-01T18:05:45+00:00
cds_kr_5y,2017-03-13,2017-03-13,47.05,,49.01,worldgovernmentbonds,2026-08-01T18:05:45+00:00
cds_kr_5y,2017-03-14,2017-03-14,46.56,,47.05,worldgovernmentbonds,2026-08-01T18:05:45+00:00
cds_kr_5y,2017-03-15,2017-03-15,46.81,,46.56,worldgovernmentbonds,2026-08-01T18:05:45+00:00
cds_kr_5y,2017-03-16,2017-03-16,43.99,,46.81,worldgovernmentbonds,2026-08-01T18:05:45+00:00
cds_kr_5y,2017-03-17,2017-03-17,43.31,,43.99,worldgovernmentbonds,2026-08-01T18:05:45+00:00
cds_kr_5y,2017-03-20,2017-03-20,47.34,,43.31,worldgovernmentbonds,2026-08-01T18:05:45+00:00
cds_kr_5y,2017-03-21,2017-03-21,47.83,,47.34,worldgovernmentbonds,2026-08-01T18:05:45+00:00
cds_kr_5y,2017-03-22,2017-03-22,51.81,,47.83,worldgovernmentbonds,2026-08-01T18:05:45+00:00
cds_kr_5y,2017-03-23,2017-03-23,51.05,,51.81,worldgovernmentbonds,2026-08-01T18:05:45+00:00
cds_kr_5y,2017-03-24,2017-03-24,50.76,,51.05,worldgovernmentbonds,2026-08-01T18:05:45+00:00
cds_kr_5y,2017-03-27,2017-03-27,50.85,,50.76,worldgovernmentbonds,2026-08-01T18:05:45+00:00
cds_kr_5y,2017-03-28,2017-03-28,51.32,,50.85,worldgovernmentbonds,2026-08-01T18:05:45+00:00
cds_kr_5y,2017-03-29,2017-03-29,51.05,,51.32,worldgovernmentbonds,2026-08-01T18:05:45+00:00
cds_kr_5y,2017-03-30,2017-03-30,51.54,,51.05,worldgovernmentbonds,2026-08-01T18:05:45+00:00
cds_kr_5y,2017-03-31,2017-03-31,51.52,,51.54,worldgovernmentbonds,2026-08-01T18:05:45+00:00
cds_kr_5y,2017-04-03,2017-04-03,51.28,,51.52,worldgovernmentbonds,2026-08-01T18:05:45+00:00
cds_kr_5y,2017-04-04,2017-04-04,51.32,,51.28,worldgovernmentbonds,2026-08-01T18:05:45+00:00
cds_kr_5y,2017-04-05,2017-04-05,51.29,,51.32,worldgovernmentbonds,2026-08-01T18:05:45+00:00
cds_kr_5y,2017-04-06,2017-04-06,51.68,,51.29,worldgovernmentbonds,2026-08-01T18:05:45+00:00
cds_kr_5y,2017-04-07,2017-04-07,52.3,,51.68,worldgovernmentbonds,2026-08-01T18:05:45+00:00
cds_kr_5y,2017-04-10,2017-04-10,53.53,,52.3,worldgovernmentbonds,2026-08-01T18:05:45+00:00
cds_kr_5y,2017-04-11,2017-04-11,58.02,,53.53,worldgovernmentbonds,2026-08-01T18:05:45+00:00
cds_kr_5y,2017-04-12,2017-04-12,58.77,,58.02,worldgovernmentbonds,2026-08-01T18:05:45+00:00
cds_kr_5y,2017-04-13,2017-04-13,60.5,,58.77,worldgovernmentbonds,2026-08-01T18:05:45+00:00
cds_kr_5y,2017-04-14,2017-04-14,60.48,,60.5,worldgovernmentbonds,2026-08-01T18:05:45+00:00
cds_kr_5y,2017-04-17,2017-04-17,60.48,,60.48,worldgovernmentbonds,2026-08-01T18:05:45+00:00
cds_kr_5y,2017-04-18,2017-04-18,59.99,,60.48,worldgovernmentbonds,2026-08-01T18:05:45+00:00
cds_kr_5y,2017-04-19,2017-04-19,61.47,,59.99,worldgovernmentbonds,2026-08-01T18:05:45+00:00
cds_kr_5y,2017-04-20,2017-04-20,59.1,,61.47,worldgovernmentbonds,2026-08-01T18:05:45+00:00
cds_kr_5y,2017-04-21,2017-04-21,56.62,,59.1,worldgovernmentbonds,2026-08-01T18:05:45+00:00
cds_kr_5y,2017-04-24,2017-04-24,54.83,,56.62,worldgovernmentbonds,2026-08-01T18:05:45+00:00
cds_kr_5y,2017-04-25,2017-04-25,54.96,,54.83,worldgovernmentbonds,2026-08-01T18:05:45+00:00
cds_kr_5y,2017-04-26,2017-04-26,52.73,,54.96,worldgovernmentbonds,2026-08-01T18:05:45+00:00
cds_kr_5y,2017-04-27,2017-04-27,55.23,,52.73,worldgovernmentbonds,2026-08-01T18:05:45+00:00
cds_kr_5y,2017-04-28,2017-04-28,56.73,,55.23,worldgovernmentbonds,2026-08-01T18:05:45+00:00
cds_kr_5y,2017-05-01,2017-05-01,56.71,,56.73,worldgovernmentbonds,2026-08-01T18:05:45+00:00
cds_kr_5y,2017-05-02,2017-05-02,56.07,,56.71,worldgovernmentbonds,2026-08-01T18:05:45+00:00
cds_kr_5y,2017-05-03,2017-05-03,56.1,,56.07,worldgovernmentbonds,2026-08-01T18:05:45+00:00
cds_kr_5y,2017-05-04,2017-05-04,56.95,,56.1,worldgovernmentbonds,2026-08-01T18:05:45+00:00
cds_kr_5y,2017-05-05,2017-05-05,58.7,,56.95,worldgovernmentbonds,2026-08-01T18:05:45+00:00
cds_kr_5y,2017-05-08,2017-05-08,57.68,,58.7,worldgovernmentbonds,2026-08-01T18:05:45+00:00
cds_kr_5y,2017-05-09,2017-05-09,56.43,,57.68,worldgovernmentbonds,2026-08-01T18:05:45+00:00
cds_kr_5y,2017-05-10,2017-05-10,55.95,,56.43,worldgovernmentbonds,2026-08-01T18:05:45+00:00
cds_kr_5y,2017-05-11,2017-05-11,55.21,,55.95,worldgovernmentbonds,2026-08-01T18:05:45+00:00
cds_kr_5y,2017-05-12,2017-05-12,55.45,,55.21,worldgovernmentbonds,2026-08-01T18:05:45+00:00
cds_kr_5y,2017-05-15,2017-05-15,57.39,,55.45,worldgovernmentbonds,2026-08-01T18:05:45+00:00
cds_kr_5y,2017-05-16,2017-05-16,56.82,,57.39,worldgovernmentbonds,2026-08-01T18:05:45+00:00
cds_kr_5y,2017-05-17,2017-05-17,56.94,,56.82,worldgovernmentbonds,2026-08-01T18:05:45+00:00
cds_kr_5y,2017-05-18,2017-05-18,59.92,,56.94,worldgovernmentbonds,2026-08-01T18:05:45+00:00
cds_kr_5y,2017-05-19,2017-05-19,58.39,,59.92,worldgovernmentbonds,2026-08-01T18:05:45+00:00
cds_kr_5y,2017-05-22,2017-05-22,56.17,,58.39,worldgovernmentbonds,2026-08-01T18:05:45+00:00
cds_kr_5y,2017-05-23,2017-05-23,57.16,,56.17,worldgovernmentbonds,2026-08-01T18:05:45+00:00
cds_kr_5y,2017-05-24,2017-05-24,56.53,,57.16,worldgovernmentbonds,2026-08-01T18:05:45+00:00
cds_kr_5y,2017-05-25,2017-05-25,55.81,,56.53,worldgovernmentbonds,2026-08-01T18:05:45+00:00
cds_kr_5y,2017-05-26,2017-05-26,55.67,,55.81,worldgovernmentbonds,2026-08-01T18:05:45+00:00
cds_kr_5y,2017-05-29,2017-05-29,56.42,,55.67,worldgovernmentbonds,2026-08-01T18:05:45+00:00
cds_kr_5y,2017-05-30,2017-05-30,56.42,,56.42,worldgovernmentbonds,2026-08-01T18:05:45+00:00
cds_kr_5y,2017-05-31,2017-05-31,56.67,,56.42,worldgovernmentbonds,2026-08-01T18:05:45+00:00
cds_kr_5y,2017-06-01,2017-06-01,56.28,,56.67,worldgovernmentbonds,2026-08-01T18:05:45+00:00
cds_kr_5y,2017-06-02,2017-06-02,55.4,,56.28,worldgovernmentbonds,2026-08-01T18:05:45+00:00
cds_kr_5y,2017-06-05,2017-06-05,54.52,,55.4,worldgovernmentbonds,2026-08-01T18:05:45+00:00
cds_kr_5y,2017-06-06,2017-06-06,54.67,,54.52,worldgovernmentbonds,2026-08-01T18:05:45+00:00
cds_kr_5y,2017-06-07,2017-06-07,54.8,,54.67,worldgovernmentbonds,2026-08-01T18:05:45+00:00
cds_kr_5y,2017-06-08,2017-06-08,53.42,,54.8,worldgovernmentbonds,2026-08-01T18:05:45+00:00
cds_kr_5y,2017-06-09,2017-06-09,53.43,,53.42,worldgovernmentbonds,2026-08-01T18:05:45+00:00
cds_kr_5y,2017-06-12,2017-06-12,52.94,,53.43,worldgovernmentbonds,2026-08-01T18:05:45+00:00
cds_kr_5y,2017-06-13,2017-06-13,52.69,,52.94,worldgovernmentbonds,2026-08-01T18:05:45+00:00
cds_kr_5y,2017-06-14,2017-06-14,50.45,,52.69,worldgovernmentbonds,2026-08-01T18:05:45+00:00
cds_kr_5y,2017-06-15,2017-06-15,50.23,,50.45,worldgovernmentbonds,2026-08-01T18:05:45+00:00
cds_kr_5y,2017-06-16,2017-06-16,51.19,,50.23,worldgovernmentbonds,2026-08-01T18:05:45+00:00
cds_kr_5y,2017-06-19,2017-06-19,50.93,,51.19,worldgovernmentbonds,2026-08-01T18:05:45+00:00
cds_kr_5y,2017-06-20,2017-06-20,50.46,,50.93,worldgovernmentbonds,2026-08-01T18:05:45+00:00
cds_kr_5y,2017-06-21,2017-06-21,52.2,,50.46,worldgovernmentbonds,2026-08-01T18:05:45+00:00
cds_kr_5y,2017-06-22,2017-06-22,53.19,,52.2,worldgovernmentbonds,2026-08-01T18:05:45+00:00
cds_kr_5y,2017-06-23,2017-06-23,52.45,,53.19,worldgovernmentbonds,2026-08-01T18:05:45+00:00
cds_kr_5y,2017-06-26,2017-06-26,51.95,,52.45,worldgovernmentbonds,2026-08-01T18:05:45+00:00
cds_kr_5y,2017-06-27,2017-06-27,51.44,,51.95,worldgovernmentbonds,2026-08-01T18:05:45+00:00
cds_kr_5y,2017-06-28,2017-06-28,53.17,,51.44,worldgovernmentbonds,2026-08-01T18:05:45+00:00
cds_kr_5y,2017-06-29,2017-06-29,52.68,,53.17,worldgovernmentbonds,2026-08-01T18:05:45+00:00
cds_kr_5y,2017-06-30,2017-06-30,53.43,,52.68,worldgovernmentbonds,2026-08-01T18:05:45+00:00
cds_kr_5y,2017-07-03,2017-07-03,54.17,,53.43,worldgovernmentbonds,2026-08-01T18:05:45+00:00
cds_kr_5y,2017-07-04,2017-07-04,57.43,,54.17,worldgovernmentbonds,2026-08-01T18:05:45+00:00
cds_kr_5y,2017-07-05,2017-07-05,58.05,,57.43,worldgovernmentbonds,2026-08-01T18:05:45+00:00
cds_kr_5y,2017-07-06,2017-07-06,57.55,,58.05,worldgovernmentbonds,2026-08-01T18:05:45+00:00
cds_kr_5y,2017-07-07,2017-07-07,62.62,,57.55,worldgovernmentbonds,2026-08-01T18:05:45+00:00
cds_kr_5y,2017-07-10,2017-07-10,60.53,,62.62,worldgovernmentbonds,2026-08-01T18:05:45+00:00
cds_kr_5y,2017-07-11,2017-07-11,58.79,,60.53,worldgovernmentbonds,2026-08-01T18:05:45+00:00
cds_kr_5y,2017-07-12,2017-07-12,58.8,,58.79,worldgovernmentbonds,2026-08-01T18:05:45+00:00
cds_kr_5y,2017-07-13,2017-07-13,58.3,,58.8,worldgovernmentbonds,2026-08-01T18:05:45+00:00
cds_kr_5y,2017-07-14,2017-07-14,58.67,,58.3,worldgovernmentbonds,2026-08-01T18:05:45+00:00
cds_kr_5y,2017-07-17,2017-07-17,58.04,,58.67,worldgovernmentbonds,2026-08-01T18:05:45+00:00
cds_kr_5y,2017-07-18,2017-07-18,58.18,,58.04,worldgovernmentbonds,2026-08-01T18:05:45+00:00
cds_kr_5y,2017-07-19,2017-07-19,58.16,,58.18,worldgovernmentbonds,2026-08-01T18:05:45+00:00
cds_kr_5y,2017-07-20,2017-07-20,57.65,,58.16,worldgovernmentbonds,2026-08-01T18:05:45+00:00
cds_kr_5y,2017-07-21,2017-07-21,57.29,,57.65,worldgovernmentbonds,2026-08-01T18:05:45+00:00
cds_kr_5y,2017-07-24,2017-07-24,56.79,,57.29,worldgovernmentbonds,2026-08-01T18:05:45+00:00
cds_kr_5y,2017-07-25,2017-07-25,56.79,,56.79,worldgovernmentbonds,2026-08-01T18:05:45+00:00
cds_kr_5y,2017-07-26,2017-07-26,55.93,,56.79,worldgovernmentbonds,2026-08-01T18:05:45+00:00
cds_kr_5y,2017-07-27,2017-07-27,55.62,,55.93,worldgovernmentbonds,2026-08-01T18:05:45+00:00
cds_kr_5y,2017-07-28,2017-07-28,55.99,,55.62,worldgovernmentbonds,2026-08-01T18:05:45+00:00
cds_kr_5y,2017-07-31,2017-07-31,57.66,,55.99,worldgovernmentbonds,2026-08-01T18:05:45+00:00
cds_kr_5y,2017-08-01,2017-08-01,57.9,,57.66,worldgovernmentbonds,2026-08-01T18:05:45+00:00
cds_kr_5y,2017-08-02,2017-08-02,57.65,,57.9,worldgovernmentbonds,2026-08-01T18:05:45+00:00
cds_kr_5y,2017-08-03,2017-08-03,58.28,,57.65,worldgovernmentbonds,2026-08-01T18:05:45+00:00
cds_kr_5y,2017-08-04,2017-08-04,58.66,,58.28,worldgovernmentbonds,2026-08-01T18:05:45+00:00
cds_kr_5y,2017-08-07,2017-08-07,58.3,,58.66,worldgovernmentbonds,2026-08-01T18:05:45+00:00
cds_kr_5y,2017-08-08,2017-08-08,57.42,,58.3,worldgovernmentbonds,2026-08-01T18:05:45+00:00
cds_kr_5y,2017-08-09,2017-08-09,60.39,,57.42,worldgovernmentbonds,2026-08-01T18:05:45+00:00
cds_kr_5y,2017-08-10,2017-08-10,62.62,,60.39,worldgovernmentbonds,2026-08-01T18:05:45+00:00
cds_kr_5y,2017-08-11,2017-08-11,69.8,,62.62,worldgovernmentbonds,2026-08-01T18:05:45+00:00
cds_kr_5y,2017-08-14,2017-08-14,68.9,,69.8,worldgovernmentbonds,2026-08-01T18:05:45+00:00
cds_kr_5y,2017-08-15,2017-08-15,66.8,,68.9,worldgovernmentbonds,2026-08-01T18:05:45+00:00
cds_kr_5y,2017-08-16,2017-08-16,65.33,,66.8,worldgovernmentbonds,2026-08-01T18:05:45+00:00
cds_kr_5y,2017-08-17,2017-08-17,64.34,,65.33,worldgovernmentbonds,2026-08-01T18:05:45+00:00
cds_kr_5y,2017-08-18,2017-08-18,64.35,,64.34,worldgovernmentbonds,2026-08-01T18:05:45+00:00
cds_kr_5y,2017-08-21,2017-08-21,63.96,,64.35,worldgovernmentbonds,2026-08-01T18:05:45+00:00
cds_kr_5y,2017-08-22,2017-08-22,64.46,,63.96,worldgovernmentbonds,2026-08-01T18:05:45+00:00
cds_kr_5y,2017-08-23,2017-08-23,63.34,,64.46,worldgovernmentbonds,2026-08-01T18:05:45+00:00
cds_kr_5y,2017-08-24,2017-08-24,63.35,,63.34,worldgovernmentbonds,2026-08-01T18:05:45+00:00
cds_kr_5y,2017-08-25,2017-08-25,61.11,,63.35,worldgovernmentbonds,2026-08-01T18:05:45+00:00
cds_kr_5y,2017-08-28,2017-08-28,62.09,,61.11,worldgovernmentbonds,2026-08-01T18:05:45+00:00
cds_kr_5y,2017-08-29,2017-08-29,62.99,,62.09,worldgovernmentbonds,2026-08-01T18:05:45+00:00
cds_kr_5y,2017-08-30,2017-08-30,61.48,,62.99,worldgovernmentbonds,2026-08-01T18:05:45+00:00
cds_kr_5y,2017-08-31,2017-08-31,60.35,,61.48,worldgovernmentbonds,2026-08-01T18:05:45+00:00
cds_kr_5y,2017-09-01,2017-09-01,60.48,,60.35,worldgovernmentbonds,2026-08-01T18:05:45+00:00
cds_kr_5y,2017-09-04,2017-09-04,65.46,,60.48,worldgovernmentbonds,2026-08-01T18:05:45+00:00
cds_kr_5y,2017-09-05,2017-09-05,66.29,,65.46,worldgovernmentbonds,2026-08-01T18:05:45+00:00
cds_kr_5y,2017-09-06,2017-09-06,72.25,,66.29,worldgovernmentbonds,2026-08-01T18:05:45+00:00
cds_kr_5y,2017-09-07,2017-09-07,70.74,,72.25,worldgovernmentbonds,2026-08-01T18:05:45+00:00
cds_kr_5y,2017-09-08,2017-09-08,71.36,,70.74,worldgovernmentbonds,2026-08-01T18:05:45+00:00
cds_kr_5y,2017-09-11,2017-09-11,69.0,,71.36,worldgovernmentbonds,2026-08-01T18:05:45+00:00
cds_kr_5y,2017-09-12,2017-09-12,67.24,,69.0,worldgovernmentbonds,2026-08-01T18:05:45+00:00
cds_kr_5y,2017-09-13,2017-09-13,67.38,,67.24,worldgovernmentbonds,2026-08-01T18:05:45+00:00
cds_kr_5y,2017-09-14,2017-09-14,67.13,,67.38,worldgovernmentbonds,2026-08-01T18:05:45+00:00
cds_kr_5y,2017-09-15,2017-09-15,69.37,,67.13,worldgovernmentbonds,2026-08-01T18:05:45+00:00
cds_kr_5y,2017-09-18,2017-09-18,67.51,,69.37,worldgovernmentbonds,2026-08-01T18:05:45+00:00
cds_kr_5y,2017-09-19,2017-09-19,65.52,,67.51,worldgovernmentbonds,2026-08-01T18:05:45+00:00
cds_kr_5y,2017-09-20,2017-09-20,69.16,,65.52,worldgovernmentbonds,2026-08-01T18:05:45+00:00
cds_kr_5y,2017-09-21,2017-09-21,70.29,,69.16,worldgovernmentbonds,2026-08-01T18:05:45+00:00
cds_kr_5y,2017-09-22,2017-09-22,72.14,,70.29,worldgovernmentbonds,2026-08-01T18:05:45+00:00
cds_kr_5y,2017-09-25,2017-09-25,72.75,,72.14,worldgovernmentbonds,2026-08-01T18:05:45+00:00
cds_kr_5y,2017-09-26,2017-09-26,74.6,,72.75,worldgovernmentbonds,2026-08-01T18:05:45+00:00
cds_kr_5y,2017-09-27,2017-09-27,74.73,,74.6,worldgovernmentbonds,2026-08-01T18:05:45+00:00
cds_kr_5y,2017-09-28,2017-09-28,75.72,,74.73,worldgovernmentbonds,2026-08-01T18:05:45+00:00
cds_kr_5y,2017-09-29,2017-09-29,74.9,,75.72,worldgovernmentbonds,2026-08-01T18:05:45+00:00
cds_kr_5y,2017-10-02,2017-10-02,74.89,,74.9,worldgovernmentbonds,2026-08-01T18:05:45+00:00
cds_kr_5y,2017-10-03,2017-10-03,73.11,,74.89,worldgovernmentbonds,2026-08-01T18:05:45+00:00
cds_kr_5y,2017-10-04,2017-10-04,71.5,,73.11,worldgovernmentbonds,2026-08-01T18:05:45+00:00
cds_kr_5y,2017-10-05,2017-10-05,71.49,,71.5,worldgovernmentbonds,2026-08-01T18:05:45+00:00
cds_kr_5y,2017-10-06,2017-10-06,69.76,,71.49,worldgovernmentbonds,2026-08-01T18:05:45+00:00
cds_kr_5y,2017-10-09,2017-10-09,70.26,,69.76,worldgovernmentbonds,2026-08-01T18:05:45+00:00
cds_kr_5y,2017-10-10,2017-10-10,71.25,,70.26,worldgovernmentbonds,2026-08-01T18:05:45+00:00
cds_kr_5y,2017-10-11,2017-10-11,70.75,,71.25,worldgovernmentbonds,2026-08-01T18:05:45+00:00
cds_kr_5y,2017-10-12,2017-10-12,70.5,,70.75,worldgovernmentbonds,2026-08-01T18:05:45+00:00
cds_kr_5y,2017-10-13,2017-10-13,70.26,,70.5,worldgovernmentbonds,2026-08-01T18:05:45+00:00
cds_kr_5y,2017-10-16,2017-10-16,70.25,,70.26,worldgovernmentbonds,2026-08-01T18:05:45+00:00
cds_kr_5y,2017-10-17,2017-10-17,70.25,,70.25,worldgovernmentbonds,2026-08-01T18:05:45+00:00
cds_kr_5y,2017-10-18,2017-10-18,70.62,,70.25,worldgovernmentbonds,2026-08-01T18:05:45+00:00
cds_kr_5y,2017-10-19,2017-10-19,70.39,,70.62,worldgovernmentbonds,2026-08-01T18:05:45+00:00
cds_kr_5y,2017-10-20,2017-10-20,70.36,,70.39,worldgovernmentbonds,2026-08-01T18:05:45+00:00
cds_kr_5y,2017-10-23,2017-10-23,70.5,,70.36,worldgovernmentbonds,2026-08-01T18:05:45+00:00
cds_kr_5y,2017-10-24,2017-10-24,71.36,,70.5,worldgovernmentbonds,2026-08-01T18:05:45+00:00
cds_kr_5y,2017-10-25,2017-10-25,71.24,,71.36,worldgovernmentbonds,2026-08-01T18:05:45+00:00
cds_kr_5y,2017-10-26,2017-10-26,71.61,,71.24,worldgovernmentbonds,2026-08-01T18:05:45+00:00
cds_kr_5y,2017-10-27,2017-10-27,71.74,,71.61,worldgovernmentbonds,2026-08-01T18:05:45+00:00
cds_kr_5y,2017-10-30,2017-10-30,72.34,,71.74,worldgovernmentbonds,2026-08-01T18:05:45+00:00
cds_kr_5y,2017-10-31,2017-10-31,73.34,,72.34,worldgovernmentbonds,2026-08-01T18:05:45+00:00
cds_kr_5y,2017-11-01,2017-11-01,71.74,,73.34,worldgovernmentbonds,2026-08-01T18:05:45+00:00
cds_kr_5y,2017-11-02,2017-11-02,70.79,,71.74,worldgovernmentbonds,2026-08-01T18:05:45+00:00
cds_kr_5y,2017-11-03,2017-11-03,69.74,,70.79,worldgovernmentbonds,2026-08-01T18:05:45+00:00
cds_kr_5y,2017-11-06,2017-11-06,70.24,,69.74,worldgovernmentbonds,2026-08-01T18:05:45+00:00
cds_kr_5y,2017-11-07,2017-11-07,70.98,,70.24,worldgovernmentbonds,2026-08-01T18:05:45+00:00
cds_kr_5y,2017-11-08,2017-11-08,73.22,,70.98,worldgovernmentbonds,2026-08-01T18:05:45+00:00
cds_kr_5y,2017-11-09,2017-11-09,71.98,,73.22,worldgovernmentbonds,2026-08-01T18:05:45+00:00
cds_kr_5y,2017-11-10,2017-11-10,72.22,,71.98,worldgovernmentbonds,2026-08-01T18:05:45+00:00
cds_kr_5y,2017-11-13,2017-11-13,71.74,,72.22,worldgovernmentbonds,2026-08-01T18:05:45+00:00
cds_kr_5y,2017-11-14,2017-11-14,69.98,,71.74,worldgovernmentbonds,2026-08-01T18:05:45+00:00
cds_kr_5y,2017-11-15,2017-11-15,70.38,,69.98,worldgovernmentbonds,2026-08-01T18:05:45+00:00
cds_kr_5y,2017-11-16,2017-11-16,70.0,,70.38,worldgovernmentbonds,2026-08-01T18:05:45+00:00
cds_kr_5y,2017-11-17,2017-11-17,66.54,,70.0,worldgovernmentbonds,2026-08-01T18:05:45+00:00
cds_kr_5y,2017-11-20,2017-11-20,67.04,,66.54,worldgovernmentbonds,2026-08-01T18:05:45+00:00
cds_kr_5y,2017-11-21,2017-11-21,65.95,,67.04,worldgovernmentbonds,2026-08-01T18:05:45+00:00
cds_kr_5y,2017-11-22,2017-11-22,64.72,,65.95,worldgovernmentbonds,2026-08-01T18:05:45+00:00
cds_kr_5y,2017-11-23,2017-11-23,62.46,,64.72,worldgovernmentbonds,2026-08-01T18:05:45+00:00
cds_kr_5y,2017-11-24,2017-11-24,61.83,,62.46,worldgovernmentbonds,2026-08-01T18:05:45+00:00
cds_kr_5y,2017-11-27,2017-11-27,60.78,,61.83,worldgovernmentbonds,2026-08-01T18:05:45+00:00
cds_kr_5y,2017-11-28,2017-11-28,58.68,,60.78,worldgovernmentbonds,2026-08-01T18:05:45+00:00
cds_kr_5y,2017-11-29,2017-11-29,57.57,,58.68,worldgovernmentbonds,2026-08-01T18:05:45+00:00
cds_kr_5y,2017-11-30,2017-11-30,58.55,,57.57,worldgovernmentbonds,2026-08-01T18:05:45+00:00
cds_kr_5y,2017-12-01,2017-12-01,58.57,,58.55,worldgovernmentbonds,2026-08-01T18:05:45+00:00
cds_kr_5y,2017-12-04,2017-12-04,58.54,,58.57,worldgovernmentbonds,2026-08-01T18:05:45+00:00
cds_kr_5y,2017-12-05,2017-12-05,57.79,,58.54,worldgovernmentbonds,2026-08-01T18:05:45+00:00
cds_kr_5y,2017-12-06,2017-12-06,57.95,,57.79,worldgovernmentbonds,2026-08-01T18:05:45+00:00
cds_kr_5y,2017-12-07,2017-12-07,58.32,,57.95,worldgovernmentbonds,2026-08-01T18:05:45+00:00
cds_kr_5y,2017-12-08,2017-12-08,58.43,,58.32,worldgovernmentbonds,2026-08-01T18:05:45+00:00
cds_kr_5y,2017-12-11,2017-12-11,57.58,,58.43,worldgovernmentbonds,2026-08-01T18:05:45+00:00
cds_kr_5y,2017-12-12,2017-12-12,57.08,,57.58,worldgovernmentbonds,2026-08-01T18:05:45+00:00
cds_kr_5y,2017-12-13,2017-12-13,56.21,,57.08,worldgovernmentbonds,2026-08-01T18:05:45+00:00
cds_kr_5y,2017-12-14,2017-12-14,55.94,,56.21,worldgovernmentbonds,2026-08-01T18:05:45+00:00
cds_kr_5y,2017-12-15,2017-12-15,55.45,,55.94,worldgovernmentbonds,2026-08-01T18:05:45+00:00
cds_kr_5y,2017-12-18,2017-12-18,55.2,,55.45,worldgovernmentbonds,2026-08-01T18:05:45+00:00
cds_kr_5y,2017-12-19,2017-12-19,54.84,,55.2,worldgovernmentbonds,2026-08-01T18:05:45+00:00
cds_kr_5y,2017-12-20,2017-12-20,54.58,,54.84,worldgovernmentbonds,2026-08-01T18:05:45+00:00
cds_kr_5y,2017-12-21,2017-12-21,54.33,,54.58,worldgovernmentbonds,2026-08-01T18:05:45+00:00
cds_kr_5y,2017-12-22,2017-12-22,53.87,,54.33,worldgovernmentbonds,2026-08-01T18:05:45+00:00
cds_kr_5y,2017-12-25,2017-12-25,53.87,,53.87,worldgovernmentbonds,2026-08-01T18:05:45+00:00
cds_kr_5y,2017-12-26,2017-12-26,53.87,,53.87,worldgovernmentbonds,2026-08-01T18:05:45+00:00
cds_kr_5y,2017-12-27,2017-12-27,53.73,,53.87,worldgovernmentbonds,2026-08-01T18:05:45+00:00
cds_kr_5y,2017-12-28,2017-12-28,53.22,,53.73,worldgovernmentbonds,2026-08-01T18:05:45+00:00
cds_kr_5y,2017-12-29,2017-12-29,53.36,,53.22,worldgovernmentbonds,2026-08-01T18:05:45+00:00
cds_kr_5y,2018-01-01,2018-01-01,53.36,,53.36,worldgovernmentbonds,2026-08-01T18:05:45+00:00
cds_kr_5y,2018-01-02,2018-01-02,52.61,,53.36,worldgovernmentbonds,2026-08-01T18:05:45+00:00
cds_kr_5y,2018-01-03,2018-01-03,52.13,,52.61,worldgovernmentbonds,2026-08-01T18:05:45+00:00
cds_kr_5y,2018-01-04,2018-01-04,50.87,,52.13,worldgovernmentbonds,2026-08-01T18:05:45+00:00
cds_kr_5y,2018-01-05,2018-01-05,48.78,,50.87,worldgovernmentbonds,2026-08-01T18:05:45+00:00
cds_kr_5y,2018-01-08,2018-01-08,45.92,,48.78,worldgovernmentbonds,2026-08-01T18:05:45+00:00
cds_kr_5y,2018-01-09,2018-01-09,44.55,,45.92,worldgovernmentbonds,2026-08-01T18:05:45+00:00
cds_kr_5y,2018-01-10,2018-01-10,42.19,,44.55,worldgovernmentbonds,2026-08-01T18:05:45+00:00
cds_kr_5y,2018-01-11,2018-01-11,43.21,,42.19,worldgovernmentbonds,2026-08-01T18:05:45+00:00
cds_kr_5y,2018-01-15,2018-01-15,43.67,,43.21,worldgovernmentbonds,2026-08-01T18:05:45+00:00
cds_kr_5y,2018-01-16,2018-01-16,42.91,,43.67,worldgovernmentbonds,2026-08-01T18:05:45+00:00
cds_kr_5y,2018-01-17,2018-01-17,43.15,,42.91,worldgovernmentbonds,2026-08-01T18:05:45+00:00
cds_kr_5y,2018-01-18,2018-01-18,43.92,,43.15,worldgovernmentbonds,2026-08-01T18:05:45+00:00
cds_kr_5y,2018-01-19,2018-01-19,45.48,,43.92,worldgovernmentbonds,2026-08-01T18:05:45+00:00
cds_kr_5y,2018-01-22,2018-01-22,45.07,,45.48,worldgovernmentbonds,2026-08-01T18:05:45+00:00
cds_kr_5y,2018-01-23,2018-01-23,44.68,,45.07,worldgovernmentbonds,2026-08-01T18:05:45+00:00
cds_kr_5y,2018-01-24,2018-01-24,45.58,,44.68,worldgovernmentbonds,2026-08-01T18:05:45+00:00
cds_kr_5y,2018-01-25,2018-01-25,46.82,,45.58,worldgovernmentbonds,2026-08-01T18:05:45+00:00
cds_kr_5y,2018-01-26,2018-01-26,46.57,,46.82,worldgovernmentbonds,2026-08-01T18:05:45+00:00
cds_kr_5y,2018-01-29,2018-01-29,45.76,,46.57,worldgovernmentbonds,2026-08-01T18:05:45+00:00
cds_kr_5y,2018-01-30,2018-01-30,48.8,,45.76,worldgovernmentbonds,2026-08-01T18:05:45+00:00
cds_kr_5y,2018-01-31,2018-01-31,50.06,,48.8,worldgovernmentbonds,2026-08-01T18:05:45+00:00
cds_kr_5y,2018-02-01,2018-02-01,48.56,,50.06,worldgovernmentbonds,2026-08-01T18:05:45+00:00
cds_kr_5y,2018-02-02,2018-02-02,49.22,,48.56,worldgovernmentbonds,2026-08-01T18:05:45+00:00
cds_kr_5y,2018-02-05,2018-02-05,52.08,,49.22,worldgovernmentbonds,2026-08-01T18:05:45+00:00
cds_kr_5y,2018-02-06,2018-02-06,52.83,,52.08,worldgovernmentbonds,2026-08-01T18:05:45+00:00
cds_kr_5y,2018-02-07,2018-02-07,52.09,,52.83,worldgovernmentbonds,2026-08-01T18:05:45+00:00
cds_kr_5y,2018-02-08,2018-02-08,52.22,,52.09,worldgovernmentbonds,2026-08-01T18:05:45+00:00
cds_kr_5y,2018-02-09,2018-02-09,58.28,,52.22,worldgovernmentbonds,2026-08-01T18:05:45+00:00
cds_kr_5y,2018-02-12,2018-02-12,57.42,,58.28,worldgovernmentbonds,2026-08-01T18:05:45+00:00
cds_kr_5y,2018-02-13,2018-02-13,54.86,,57.42,worldgovernmentbonds,2026-08-01T18:05:45+00:00
cds_kr_5y,2018-02-14,2018-02-14,54.36,,54.86,worldgovernmentbonds,2026-08-01T18:05:45+00:00
cds_kr_5y,2018-02-15,2018-02-15,51.62,,54.36,worldgovernmentbonds,2026-08-01T18:05:45+00:00
cds_kr_5y,2018-02-16,2018-02-16,51.64,,51.62,worldgovernmentbonds,2026-08-01T18:05:45+00:00
cds_kr_5y,2018-02-19,2018-02-19,51.64,,51.64,worldgovernmentbonds,2026-08-01T18:05:45+00:00
cds_kr_5y,2018-02-20,2018-02-20,51.84,,51.64,worldgovernmentbonds,2026-08-01T18:05:45+00:00
cds_kr_5y,2018-02-21,2018-02-21,52.61,,51.84,worldgovernmentbonds,2026-08-01T18:05:45+00:00
cds_kr_5y,2018-02-22,2018-02-22,52.68,,52.61,worldgovernmentbonds,2026-08-01T18:05:45+00:00
cds_kr_5y,2018-02-23,2018-02-23,52.22,,52.68,worldgovernmentbonds,2026-08-01T18:05:45+00:00
cds_kr_5y,2018-02-26,2018-02-26,50.99,,52.22,worldgovernmentbonds,2026-08-01T18:05:45+00:00
cds_kr_5y,2018-02-27,2018-02-27,50.4,,50.99,worldgovernmentbonds,2026-08-01T18:05:45+00:00
cds_kr_5y,2018-02-28,2018-02-28,50.93,,50.4,worldgovernmentbonds,2026-08-01T18:05:45+00:00
cds_kr_5y,2018-03-01,2018-03-01,50.81,,50.93,worldgovernmentbonds,2026-08-01T18:05:45+00:00
cds_kr_5y,2018-03-02,2018-03-02,51.89,,50.81,worldgovernmentbonds,2026-08-01T18:05:45+00:00
cds_kr_5y,2018-03-05,2018-03-05,52.39,,51.89,worldgovernmentbonds,2026-08-01T18:05:45+00:00
cds_kr_5y,2018-03-06,2018-03-06,51.5,,52.39,worldgovernmentbonds,2026-08-01T18:05:45+00:00
cds_kr_5y,2018-03-07,2018-03-07,48.19,,51.5,worldgovernmentbonds,2026-08-01T18:05:45+00:00
cds_kr_5y,2018-03-08,2018-03-08,47.2,,48.19,worldgovernmentbonds,2026-08-01T18:05:45+00:00
cds_kr_5y,2018-03-09,2018-03-09,44.73,,47.2,worldgovernmentbonds,2026-08-01T18:05:45+00:00
cds_kr_5y,2018-03-12,2018-03-12,42.89,,44.73,worldgovernmentbonds,2026-08-01T18:05:45+00:00
cds_kr_5y,2018-03-13,2018-03-13,42.77,,42.89,worldgovernmentbonds,2026-08-01T18:05:45+00:00
cds_kr_5y,2018-03-14,2018-03-14,44.63,,42.77,worldgovernmentbonds,2026-08-01T18:05:45+00:00
cds_kr_5y,2018-03-15,2018-03-15,45.49,,44.63,worldgovernmentbonds,2026-08-01T18:05:45+00:00
cds_kr_5y,2018-03-16,2018-03-16,45.85,,45.49,worldgovernmentbonds,2026-08-01T18:05:45+00:00
cds_kr_5y,2018-03-19,2018-03-19,45.77,,45.85,worldgovernmentbonds,2026-08-01T18:05:45+00:00
cds_kr_5y,2018-03-20,2018-03-20,51.22,,45.77,worldgovernmentbonds,2026-08-01T18:05:45+00:00
cds_kr_5y,2018-03-21,2018-03-21,52.27,,51.22,worldgovernmentbonds,2026-08-01T18:05:45+00:00
cds_kr_5y,2018-03-22,2018-03-22,52.02,,52.27,worldgovernmentbonds,2026-08-01T18:05:45+00:00
cds_kr_5y,2018-03-23,2018-03-23,54.97,,52.02,worldgovernmentbonds,2026-08-01T18:05:45+00:00
cds_kr_5y,2018-03-26,2018-03-26,55.67,,54.97,worldgovernmentbonds,2026-08-01T18:05:45+00:00
cds_kr_5y,2018-03-27,2018-03-27,53.49,,55.67,worldgovernmentbonds,2026-08-01T18:05:45+00:00
cds_kr_5y,2018-03-28,2018-03-28,53.71,,53.49,worldgovernmentbonds,2026-08-01T18:05:45+00:00
cds_kr_5y,2018-03-29,2018-03-29,53.08,,53.71,worldgovernmentbonds,2026-08-01T18:05:45+00:00
cds_kr_5y,2018-03-30,2018-03-30,53.08,,53.08,worldgovernmentbonds,2026-08-01T18:05:45+00:00
cds_kr_5y,2018-04-02,2018-04-02,53.07,,53.08,worldgovernmentbonds,2026-08-01T18:05:45+00:00
cds_kr_5y,2018-04-03,2018-04-03,52.58,,53.07,worldgovernmentbonds,2026-08-01T18:05:45+00:00
cds_kr_5y,2018-04-04,2018-04-04,51.75,,52.58,worldgovernmentbonds,2026-08-01T18:05:45+00:00
cds_kr_5y,2018-04-05,2018-04-05,51.73,,51.75,worldgovernmentbonds,2026-08-01T18:05:45+00:00
cds_kr_5y,2018-04-06,2018-04-06,51.39,,51.73,worldgovernmentbonds,2026-08-01T18:05:45+00:00
cds_kr_5y,2018-04-09,2018-04-09,51.38,,51.39,worldgovernmentbonds,2026-08-01T18:05:45+00:00
cds_kr_5y,2018-04-10,2018-04-10,50.39,,51.38,worldgovernmentbonds,2026-08-01T18:05:45+00:00
cds_kr_5y,2018-04-11,2018-04-11,50.03,,50.39,worldgovernmentbonds,2026-08-01T18:05:45+00:00
cds_kr_5y,2018-04-12,2018-04-12,50.53,,50.03,worldgovernmentbonds,2026-08-01T18:05:45+00:00
cds_kr_5y,2018-04-13,2018-04-13,49.93,,50.53,worldgovernmentbonds,2026-08-01T18:05:45+00:00
cds_kr_5y,2018-04-16,2018-04-16,49.54,,49.93,worldgovernmentbonds,2026-08-01T18:05:45+00:00
cds_kr_5y,2018-04-17,2018-04-17,48.93,,49.54,worldgovernmentbonds,2026-08-01T18:05:45+00:00
cds_kr_5y,2018-04-18,2018-04-18,48.55,,48.93,worldgovernmentbonds,2026-08-01T18:05:45+00:00
cds_kr_5y,2018-04-19,2018-04-19,47.79,,48.55,worldgovernmentbonds,2026-08-01T18:05:45+00:00
cds_kr_5y,2018-04-20,2018-04-20,48.07,,47.79,worldgovernmentbonds,2026-08-01T18:05:45+00:00
cds_kr_5y,2018-04-23,2018-04-23,48.81,,48.07,worldgovernmentbonds,2026-08-01T18:05:45+00:00
cds_kr_5y,2018-04-24,2018-04-24,48.42,,48.81,worldgovernmentbonds,2026-08-01T18:05:45+00:00
cds_kr_5y,2018-04-25,2018-04-25,48.79,,48.42,worldgovernmentbonds,2026-08-01T18:05:45+00:00
cds_kr_5y,2018-04-26,2018-04-26,47.67,,48.79,worldgovernmentbonds,2026-08-01T18:05:45+00:00
cds_kr_5y,2018-04-27,2018-04-27,46.58,,47.67,worldgovernmentbonds,2026-08-01T18:05:45+00:00
cds_kr_5y,2018-04-30,2018-04-30,44.95,,46.58,worldgovernmentbonds,2026-08-01T18:05:45+00:00
cds_kr_5y,2018-05-01,2018-05-01,44.95,,44.95,worldgovernmentbonds,2026-08-01T18:05:45+00:00
cds_kr_5y,2018-05-02,2018-05-02,44.46,,44.95,worldgovernmentbonds,2026-08-01T18:05:45+00:00
cds_kr_5y,2018-05-03,2018-05-03,43.5,,44.46,worldgovernmentbonds,2026-08-01T18:05:45+00:00
cds_kr_5y,2018-05-04,2018-05-04,43.38,,43.5,worldgovernmentbonds,2026-08-01T18:05:45+00:00
cds_kr_5y,2018-05-07,2018-05-07,42.51,,43.38,worldgovernmentbonds,2026-08-01T18:05:45+00:00
cds_kr_5y,2018-05-08,2018-05-08,42.61,,42.51,worldgovernmentbonds,2026-08-01T18:05:45+00:00
cds_kr_5y,2018-05-09,2018-05-09,43.1,,42.61,worldgovernmentbonds,2026-08-01T18:05:45+00:00
cds_kr_5y,2018-05-10,2018-05-10,41.87,,43.1,worldgovernmentbonds,2026-08-01T18:05:45+00:00
cds_kr_5y,2018-05-11,2018-05-11,40.89,,41.87,worldgovernmentbonds,2026-08-01T18:05:45+00:00
cds_kr_5y,2018-05-14,2018-05-14,41.1,,40.89,worldgovernmentbonds,2026-08-01T18:05:45+00:00
cds_kr_5y,2018-05-15,2018-05-15,41.82,,41.1,worldgovernmentbonds,2026-08-01T18:05:45+00:00
cds_kr_5y,2018-05-16,2018-05-16,45.26,,41.82,worldgovernmentbonds,2026-08-01T18:05:45+00:00
cds_kr_5y,2018-05-17,2018-05-17,44.77,,45.26,worldgovernmentbonds,2026-08-01T18:05:45+00:00
cds_kr_5y,2018-05-18,2018-05-18,44.78,,44.77,worldgovernmentbonds,2026-08-01T18:05:45+00:00
cds_kr_5y,2018-05-21,2018-05-21,44.77,,44.78,worldgovernmentbonds,2026-08-01T18:05:45+00:00
cds_kr_5y,2018-05-22,2018-05-22,44.76,,44.77,worldgovernmentbonds,2026-08-01T18:05:45+00:00
cds_kr_5y,2018-05-23,2018-05-23,44.79,,44.76,worldgovernmentbonds,2026-08-01T18:05:45+00:00
cds_kr_5y,2018-05-24,2018-05-24,44.78,,44.79,worldgovernmentbonds,2026-08-01T18:05:45+00:00
cds_kr_5y,2018-05-25,2018-05-25,45.06,,44.78,worldgovernmentbonds,2026-08-01T18:05:45+00:00
cds_kr_5y,2018-05-28,2018-05-28,44.78,,45.06,worldgovernmentbonds,2026-08-01T18:05:45+00:00
cds_kr_5y,2018-05-29,2018-05-29,44.86,,44.78,worldgovernmentbonds,2026-08-01T18:05:45+00:00
cds_kr_5y,2018-05-30,2018-05-30,45.5,,44.86,worldgovernmentbonds,2026-08-01T18:05:45+00:00
cds_kr_5y,2018-05-31,2018-05-31,44.82,,45.5,worldgovernmentbonds,2026-08-01T18:05:45+00:00
cds_kr_5y,2018-06-01,2018-06-01,44.06,,44.82,worldgovernmentbonds,2026-08-01T18:05:45+00:00
cds_kr_5y,2018-06-04,2018-06-04,43.84,,44.06,worldgovernmentbonds,2026-08-01T18:05:45+00:00
cds_kr_5y,2018-06-05,2018-06-05,43.36,,43.84,worldgovernmentbonds,2026-08-01T18:05:45+00:00
cds_kr_5y,2018-06-06,2018-06-06,43.31,,43.36,worldgovernmentbonds,2026-08-01T18:05:45+00:00
cds_kr_5y,2018-06-07,2018-06-07,43.34,,43.31,worldgovernmentbonds,2026-08-01T18:05:45+00:00
cds_kr_5y,2018-06-08,2018-06-08,43.82,,43.34,worldgovernmentbonds,2026-08-01T18:05:45+00:00
cds_kr_5y,2018-06-11,2018-06-11,44.06,,43.82,worldgovernmentbonds,2026-08-01T18:05:45+00:00
cds_kr_5y,2018-06-12,2018-06-12,43.83,,44.06,worldgovernmentbonds,2026-08-01T18:05:45+00:00
cds_kr_5y,2018-06-13,2018-06-13,44.07,,43.83,worldgovernmentbonds,2026-08-01T18:05:45+00:00
cds_kr_5y,2018-06-14,2018-06-14,44.33,,44.07,worldgovernmentbonds,2026-08-01T18:05:45+00:00
cds_kr_5y,2018-06-15,2018-06-15,44.06,,44.33,worldgovernmentbonds,2026-08-01T18:05:45+00:00
cds_kr_5y,2018-06-18,2018-06-18,44.06,,44.06,worldgovernmentbonds,2026-08-01T18:05:45+00:00
cds_kr_5y,2018-06-19,2018-06-19,46.32,,44.06,worldgovernmentbonds,2026-08-01T18:05:45+00:00
cds_kr_5y,2018-06-20,2018-06-20,45.77,,46.32,worldgovernmentbonds,2026-08-01T18:05:45+00:00
cds_kr_5y,2018-06-21,2018-06-21,45.53,,45.77,worldgovernmentbonds,2026-08-01T18:05:45+00:00
cds_kr_5y,2018-06-22,2018-06-22,46.21,,45.53,worldgovernmentbonds,2026-08-01T18:05:45+00:00
cds_kr_5y,2018-06-25,2018-06-25,47.73,,46.21,worldgovernmentbonds,2026-08-01T18:05:45+00:00
cds_kr_5y,2018-06-26,2018-06-26,48.46,,47.73,worldgovernmentbonds,2026-08-01T18:05:45+00:00
cds_kr_5y,2018-06-27,2018-06-27,52.67,,48.46,worldgovernmentbonds,2026-08-01T18:05:45+00:00
cds_kr_5y,2018-06-28,2018-06-28,53.38,,52.67,worldgovernmentbonds,2026-08-01T18:05:45+00:00
cds_kr_5y,2018-06-29,2018-06-29,50.7,,53.38,worldgovernmentbonds,2026-08-01T18:05:45+00:00
cds_kr_5y,2018-07-02,2018-07-02,51.21,,50.7,worldgovernmentbonds,2026-08-01T18:05:45+00:00
cds_kr_5y,2018-07-03,2018-07-03,51.22,,51.21,worldgovernmentbonds,2026-08-01T18:05:45+00:00
cds_kr_5y,2018-07-04,2018-07-04,49.96,,51.22,worldgovernmentbonds,2026-08-01T18:05:45+00:00
cds_kr_5y,2018-07-05,2018-07-05,50.19,,49.96,worldgovernmentbonds,2026-08-01T18:05:45+00:00
cds_kr_5y,2018-07-06,2018-07-06,50.22,,50.19,worldgovernmentbonds,2026-08-01T18:05:45+00:00
cds_kr_5y,2018-07-09,2018-07-09,49.94,,50.22,worldgovernmentbonds,2026-08-01T18:05:45+00:00
cds_kr_5y,2018-07-10,2018-07-10,48.72,,49.94,worldgovernmentbonds,2026-08-01T18:05:45+00:00
cds_kr_5y,2018-07-11,2018-07-11,48.99,,48.72,worldgovernmentbonds,2026-08-01T18:05:45+00:00
cds_kr_5y,2018-07-12,2018-07-12,47.96,,48.99,worldgovernmentbonds,2026-08-01T18:05:45+00:00
cds_kr_5y,2018-07-13,2018-07-13,45.98,,47.96,worldgovernmentbonds,2026-08-01T18:05:45+00:00
cds_kr_5y,2018-07-16,2018-07-16,45.22,,45.98,worldgovernmentbonds,2026-08-01T18:05:45+00:00
cds_kr_5y,2018-07-17,2018-07-17,44.25,,45.22,worldgovernmentbonds,2026-08-01T18:05:45+00:00
cds_kr_5y,2018-07-18,2018-07-18,43.75,,44.25,worldgovernmentbonds,2026-08-01T18:05:45+00:00
cds_kr_5y,2018-07-19,2018-07-19,43.47,,43.75,worldgovernmentbonds,2026-08-01T18:05:45+00:00
cds_kr_5y,2018-07-20,2018-07-20,43.72,,43.47,worldgovernmentbonds,2026-08-01T18:05:45+00:00
cds_kr_5y,2018-07-23,2018-07-23,43.49,,43.72,worldgovernmentbonds,2026-08-01T18:05:45+00:00
cds_kr_5y,2018-07-24,2018-07-24,42.74,,43.49,worldgovernmentbonds,2026-08-01T18:05:45+00:00
cds_kr_5y,2018-07-25,2018-07-25,41.74,,42.74,worldgovernmentbonds,2026-08-01T18:05:45+00:00
cds_kr_5y,2018-07-26,2018-07-26,40.73,,41.74,worldgovernmentbonds,2026-08-01T18:05:45+00:00
cds_kr_5y,2018-07-27,2018-07-27,40.5,,40.73,worldgovernmentbonds,2026-08-01T18:05:45+00:00
cds_kr_5y,2018-07-30,2018-07-30,41.71,,40.5,worldgovernmentbonds,2026-08-01T18:05:45+00:00
cds_kr_5y,2018-07-31,2018-07-31,42.22,,41.71,worldgovernmentbonds,2026-08-01T18:05:45+00:00
cds_kr_5y,2018-08-01,2018-08-01,41.72,,42.22,worldgovernmentbonds,2026-08-01T18:05:45+00:00
cds_kr_5y,2018-08-02,2018-08-02,42.72,,41.72,worldgovernmentbonds,2026-08-01T18:05:45+00:00
cds_kr_5y,2018-08-03,2018-08-03,43.22,,42.72,worldgovernmentbonds,2026-08-01T18:05:45+00:00
cds_kr_5y,2018-08-06,2018-08-06,42.45,,43.22,worldgovernmentbonds,2026-08-01T18:05:45+00:00
cds_kr_5y,2018-08-07,2018-08-07,42.22,,42.45,worldgovernmentbonds,2026-08-01T18:05:45+00:00
cds_kr_5y,2018-08-08,2018-08-08,41.98,,42.22,worldgovernmentbonds,2026-08-01T18:05:45+00:00
cds_kr_5y,2018-08-09,2018-08-09,41.46,,41.98,worldgovernmentbonds,2026-08-01T18:05:45+00:00
cds_kr_5y,2018-08-10,2018-08-10,42.21,,41.46,worldgovernmentbonds,2026-08-01T18:05:45+00:00
cds_kr_5y,2018-08-13,2018-08-13,43.45,,42.21,worldgovernmentbonds,2026-08-01T18:05:45+00:00
cds_kr_5y,2018-08-14,2018-08-14,42.92,,43.45,worldgovernmentbonds,2026-08-01T18:05:45+00:00
cds_kr_5y,2018-08-15,2018-08-15,42.69,,42.92,worldgovernmentbonds,2026-08-01T18:05:45+00:00
cds_kr_5y,2018-08-16,2018-08-16,42.65,,42.69,worldgovernmentbonds,2026-08-01T18:05:45+00:00
cds_kr_5y,2018-08-17,2018-08-17,42.2,,42.65,worldgovernmentbonds,2026-08-01T18:05:45+00:00
cds_kr_5y,2018-08-20,2018-08-20,42.18,,42.2,worldgovernmentbonds,2026-08-01T18:05:45+00:00
cds_kr_5y,2018-08-21,2018-08-21,41.66,,42.18,worldgovernmentbonds,2026-08-01T18:05:45+00:00
cds_kr_5y,2018-08-22,2018-08-22,41.21,,41.66,worldgovernmentbonds,2026-08-01T18:05:45+00:00
cds_kr_5y,2018-08-23,2018-08-23,40.69,,41.21,worldgovernmentbonds,2026-08-01T18:05:45+00:00
cds_kr_5y,2018-08-24,2018-08-24,40.94,,40.69,worldgovernmentbonds,2026-08-01T18:05:45+00:00
cds_kr_5y,2018-08-27,2018-08-27,40.7,,40.94,worldgovernmentbonds,2026-08-01T18:05:45+00:00
cds_kr_5y,2018-08-28,2018-08-28,40.47,,40.7,worldgovernmentbonds,2026-08-01T18:05:45+00:00
cds_kr_5y,2018-08-29,2018-08-29,40.97,,40.47,worldgovernmentbonds,2026-08-01T18:05:45+00:00
cds_kr_5y,2018-08-30,2018-08-30,41.2,,40.97,worldgovernmentbonds,2026-08-01T18:05:45+00:00
cds_kr_5y,2018-08-31,2018-08-31,41.95,,41.2,worldgovernmentbonds,2026-08-01T18:05:45+00:00
cds_kr_5y,2018-09-03,2018-09-03,42.45,,41.95,worldgovernmentbonds,2026-08-01T18:05:45+00:00
cds_kr_5y,2018-09-04,2018-09-04,42.44,,42.45,worldgovernmentbonds,2026-08-01T18:05:45+00:00
cds_kr_5y,2018-09-05,2018-09-05,42.95,,42.44,worldgovernmentbonds,2026-08-01T18:05:45+00:00
cds_kr_5y,2018-09-06,2018-09-06,42.17,,42.95,worldgovernmentbonds,2026-08-01T18:05:45+00:00
cds_kr_5y,2018-09-07,2018-09-07,40.42,,42.17,worldgovernmentbonds,2026-08-01T18:05:45+00:00
cds_kr_5y,2018-09-10,2018-09-10,39.98,,40.42,worldgovernmentbonds,2026-08-01T18:05:45+00:00
cds_kr_5y,2018-09-11,2018-09-11,38.7,,39.98,worldgovernmentbonds,2026-08-01T18:05:45+00:00
cds_kr_5y,2018-09-12,2018-09-12,38.5,,38.7,worldgovernmentbonds,2026-08-01T18:05:45+00:00
cds_kr_5y,2018-09-13,2018-09-13,38.44,,38.5,worldgovernmentbonds,2026-08-01T18:05:45+00:00
cds_kr_5y,2018-09-14,2018-09-14,38.43,,38.44,worldgovernmentbonds,2026-08-01T18:05:45+00:00
cds_kr_5y,2018-09-17,2018-09-17,38.7,,38.43,worldgovernmentbonds,2026-08-01T18:05:45+00:00
cds_kr_5y,2018-09-18,2018-09-18,39.42,,38.7,worldgovernmentbonds,2026-08-01T18:05:45+00:00
cds_kr_5y,2018-09-19,2018-09-19,38.93,,39.42,worldgovernmentbonds,2026-08-01T18:05:45+00:00
cds_kr_5y,2018-09-20,2018-09-20,42.74,,38.93,worldgovernmentbonds,2026-08-01T18:05:45+00:00
cds_kr_5y,2018-09-21,2018-09-21,40.76,,42.74,worldgovernmentbonds,2026-08-01T18:05:45+00:00
cds_kr_5y,2018-09-24,2018-09-24,40.01,,40.76,worldgovernmentbonds,2026-08-01T18:05:45+00:00
cds_kr_5y,2018-09-25,2018-09-25,40.0,,40.01,worldgovernmentbonds,2026-08-01T18:05:45+00:00
cds_kr_5y,2018-09-26,2018-09-26,39.55,,40.0,worldgovernmentbonds,2026-08-01T18:05:45+00:00
cds_kr_5y,2018-09-27,2018-09-27,38.04,,39.55,worldgovernmentbonds,2026-08-01T18:05:45+00:00
cds_kr_5y,2018-09-28,2018-09-28,38.07,,38.04,worldgovernmentbonds,2026-08-01T18:05:45+00:00
cds_kr_5y,2018-10-01,2018-10-01,38.05,,38.07,worldgovernmentbonds,2026-08-01T18:05:45+00:00
cds_kr_5y,2018-10-02,2018-10-02,38.33,,38.05,worldgovernmentbonds,2026-08-01T18:05:45+00:00
cds_kr_5y,2018-10-03,2018-10-03,38.02,,38.33,worldgovernmentbonds,2026-08-01T18:05:45+00:00
cds_kr_5y,2018-10-04,2018-10-04,38.71,,38.02,worldgovernmentbonds,2026-08-01T18:05:45+00:00
cds_kr_5y,2018-10-05,2018-10-05,39.25,,38.71,worldgovernmentbonds,2026-08-01T18:05:45+00:00
cds_kr_5y,2018-10-08,2018-10-08,39.78,,39.25,worldgovernmentbonds,2026-08-01T18:05:45+00:00
cds_kr_5y,2018-10-09,2018-10-09,40.25,,39.78,worldgovernmentbonds,2026-08-01T18:05:45+00:00
cds_kr_5y,2018-10-10,2018-10-10,40.0,,40.25,worldgovernmentbonds,2026-08-01T18:05:45+00:00
cds_kr_5y,2018-10-11,2018-10-11,41.55,,40.0,worldgovernmentbonds,2026-08-01T18:05:45+00:00
cds_kr_5y,2018-10-12,2018-10-12,40.53,,41.55,worldgovernmentbonds,2026-08-01T18:05:45+00:00
cds_kr_5y,2018-10-15,2018-10-15,40.77,,40.53,worldgovernmentbonds,2026-08-01T18:05:45+00:00
cds_kr_5y,2018-10-16,2018-10-16,40.78,,40.77,worldgovernmentbonds,2026-08-01T18:05:45+00:00
cds_kr_5y,2018-10-17,2018-10-17,40.41,,40.78,worldgovernmentbonds,2026-08-01T18:05:45+00:00
cds_kr_5y,2018-10-18,2018-10-18,40.3,,40.41,worldgovernmentbonds,2026-08-01T18:05:45+00:00
cds_kr_5y,2018-10-19,2018-10-19,40.71,,40.3,worldgovernmentbonds,2026-08-01T18:05:45+00:00
cds_kr_5y,2018-10-22,2018-10-22,40.34,,40.71,worldgovernmentbonds,2026-08-01T18:05:45+00:00
cds_kr_5y,2018-10-23,2018-10-23,40.86,,40.34,worldgovernmentbonds,2026-08-01T18:05:45+00:00
cds_kr_5y,2018-10-24,2018-10-24,40.58,,40.86,worldgovernmentbonds,2026-08-01T18:05:45+00:00
cds_kr_5y,2018-10-25,2018-10-25,41.55,,40.58,worldgovernmentbonds,2026-08-01T18:05:45+00:00
cds_kr_5y,2018-10-26,2018-10-26,40.88,,41.55,worldgovernmentbonds,2026-08-01T18:05:45+00:00
cds_kr_5y,2018-10-29,2018-10-29,41.06,,40.88,worldgovernmentbonds,2026-08-01T18:05:45+00:00
cds_kr_5y,2018-10-30,2018-10-30,41.41,,41.06,worldgovernmentbonds,2026-08-01T18:05:45+00:00
cds_kr_5y,2018-10-31,2018-10-31,41.27,,41.41,worldgovernmentbonds,2026-08-01T18:05:45+00:00
cds_kr_5y,2018-11-01,2018-11-01,41.53,,41.27,worldgovernmentbonds,2026-08-01T18:05:45+00:00
cds_kr_5y,2018-11-02,2018-11-02,41.0,,41.53,worldgovernmentbonds,2026-08-01T18:05:45+00:00
cds_kr_5y,2018-11-05,2018-11-05,41.42,,41.0,worldgovernmentbonds,2026-08-01T18:05:45+00:00
cds_kr_5y,2018-11-06,2018-11-06,41.04,,41.42,worldgovernmentbonds,2026-08-01T18:05:45+00:00
cds_kr_5y,2018-11-07,2018-11-07,40.79,,41.04,worldgovernmentbonds,2026-08-01T18:05:45+00:00
cds_kr_5y,2018-11-08,2018-11-08,40.54,,40.79,worldgovernmentbonds,2026-08-01T18:05:45+00:00
cds_kr_5y,2018-11-09,2018-11-09,41.05,,40.54,worldgovernmentbonds,2026-08-01T18:05:45+00:00
cds_kr_5y,2018-11-12,2018-11-12,41.05,,41.05,worldgovernmentbonds,2026-08-01T18:05:45+00:00
cds_kr_5y,2018-11-13,2018-11-13,41.54,,41.05,worldgovernmentbonds,2026-08-01T18:05:45+00:00
cds_kr_5y,2018-11-14,2018-11-14,42.13,,41.54,worldgovernmentbonds,2026-08-01T18:05:45+00:00
cds_kr_5y,2018-11-15,2018-11-15,42.51,,42.13,worldgovernmentbonds,2026-08-01T18:05:45+00:00
cds_kr_5y,2018-11-16,2018-11-16,42.99,,42.51,worldgovernmentbonds,2026-08-01T18:05:45+00:00
cds_kr_5y,2018-11-19,2018-11-19,43.23,,42.99,worldgovernmentbonds,2026-08-01T18:05:45+00:00
cds_kr_5y,2018-11-20,2018-11-20,44.2,,43.23,worldgovernmentbonds,2026-08-01T18:05:45+00:00
cds_kr_5y,2018-11-21,2018-11-21,44.37,,44.2,worldgovernmentbonds,2026-08-01T18:05:45+00:00
cds_kr_5y,2018-11-22,2018-11-22,43.84,,44.37,worldgovernmentbonds,2026-08-01T18:05:45+00:00
cds_kr_5y,2018-11-23,2018-11-23,43.79,,43.84,worldgovernmentbonds,2026-08-01T18:05:45+00:00
cds_kr_5y,2018-11-26,2018-11-26,43.86,,43.79,worldgovernmentbonds,2026-08-01T18:05:45+00:00
cds_kr_5y,2018-11-27,2018-11-27,43.45,,43.86,worldgovernmentbonds,2026-08-01T18:05:45+00:00
cds_kr_5y,2018-11-28,2018-11-28,43.33,,43.45,worldgovernmentbonds,2026-08-01T18:05:45+00:00
cds_kr_5y,2018-11-29,2018-11-29,41.71,,43.33,worldgovernmentbonds,2026-08-01T18:05:45+00:00
cds_kr_5y,2018-11-30,2018-11-30,41.14,,41.71,worldgovernmentbonds,2026-08-01T18:05:45+00:00
cds_kr_5y,2018-12-03,2018-12-03,41.13,,41.14,worldgovernmentbonds,2026-08-01T18:05:45+00:00
cds_kr_5y,2018-12-04,2018-12-04,43.45,,41.13,worldgovernmentbonds,2026-08-01T18:05:45+00:00
cds_kr_5y,2018-12-05,2018-12-05,39.68,,43.45,worldgovernmentbonds,2026-08-01T18:05:45+00:00
cds_kr_5y,2018-12-06,2018-12-06,39.85,,39.68,worldgovernmentbonds,2026-08-01T18:05:45+00:00
cds_kr_5y,2018-12-07,2018-12-07,39.9,,39.85,worldgovernmentbonds,2026-08-01T18:05:45+00:00
cds_kr_5y,2018-12-10,2018-12-10,40.0,,39.9,worldgovernmentbonds,2026-08-01T18:05:45+00:00
cds_kr_5y,2018-12-11,2018-12-11,40.35,,40.0,worldgovernmentbonds,2026-08-01T18:05:45+00:00
cds_kr_5y,2018-12-12,2018-12-12,40.14,,40.35,worldgovernmentbonds,2026-08-01T18:05:45+00:00
cds_kr_5y,2018-12-13,2018-12-13,38.6,,40.14,worldgovernmentbonds,2026-08-01T18:05:45+00:00
cds_kr_5y,2018-12-14,2018-12-14,38.3,,38.6,worldgovernmentbonds,2026-08-01T18:05:45+00:00
cds_kr_5y,2018-12-17,2018-12-17,38.11,,38.3,worldgovernmentbonds,2026-08-01T18:05:45+00:00
cds_kr_5y,2018-12-18,2018-12-18,37.62,,38.11,worldgovernmentbonds,2026-08-01T18:05:45+00:00
cds_kr_5y,2018-12-19,2018-12-19,38.08,,37.62,worldgovernmentbonds,2026-08-01T18:05:45+00:00
cds_kr_5y,2018-12-20,2018-12-20,38.33,,38.08,worldgovernmentbonds,2026-08-01T18:05:45+00:00
cds_kr_5y,2018-12-21,2018-12-21,39.48,,38.33,worldgovernmentbonds,2026-08-01T18:05:45+00:00
cds_kr_5y,2018-12-24,2018-12-24,40.11,,39.48,worldgovernmentbonds,2026-08-01T18:05:45+00:00
cds_kr_5y,2018-12-25,2018-12-25,40.08,,40.11,worldgovernmentbonds,2026-08-01T18:05:45+00:00
cds_kr_5y,2018-12-26,2018-12-26,40.08,,40.08,worldgovernmentbonds,2026-08-01T18:05:45+00:00
cds_kr_5y,2018-12-27,2018-12-27,39.99,,40.08,worldgovernmentbonds,2026-08-01T18:05:45+00:00
cds_kr_5y,2018-12-28,2018-12-28,39.85,,39.99,worldgovernmentbonds,2026-08-01T18:05:45+00:00
cds_kr_5y,2018-12-31,2018-12-31,39.74,,39.85,worldgovernmentbonds,2026-08-01T18:05:45+00:00
cds_kr_5y,2019-01-01,2019-01-01,39.75,,39.74,worldgovernmentbonds,2026-08-01T18:05:45+00:00
cds_kr_5y,2019-01-02,2019-01-02,40.78,,39.75,worldgovernmentbonds,2026-08-01T18:05:45+00:00
cds_kr_5y,2019-01-03,2019-01-03,41.2,,40.78,worldgovernmentbonds,2026-08-01T18:05:45+00:00
cds_kr_5y,2019-01-04,2019-01-04,41.74,,41.2,worldgovernmentbonds,2026-08-01T18:05:45+00:00
cds_kr_5y,2019-01-07,2019-01-07,40.93,,41.74,worldgovernmentbonds,2026-08-01T18:05:45+00:00
cds_kr_5y,2019-01-08,2019-01-08,40.34,,40.93,worldgovernmentbonds,2026-08-01T18:05:45+00:00
cds_kr_5y,2019-01-09,2019-01-09,39.31,,40.34,worldgovernmentbonds,2026-08-01T18:05:45+00:00
cds_kr_5y,2019-01-10,2019-01-10,38.68,,39.31,worldgovernmentbonds,2026-08-01T18:05:45+00:00
cds_kr_5y,2019-01-11,2019-01-11,37.65,,38.68,worldgovernmentbonds,2026-08-01T18:05:45+00:00
cds_kr_5y,2019-01-14,2019-01-14,36.76,,37.65,worldgovernmentbonds,2026-08-01T18:05:45+00:00
cds_kr_5y,2019-01-15,2019-01-15,36.85,,36.76,worldgovernmentbonds,2026-08-01T18:05:45+00:00
cds_kr_5y,2019-01-16,2019-01-16,36.29,,36.85,worldgovernmentbonds,2026-08-01T18:05:45+00:00
cds_kr_5y,2019-01-17,2019-01-17,35.85,,36.29,worldgovernmentbonds,2026-08-01T18:05:45+00:00
cds_kr_5y,2019-01-18,2019-01-18,35.49,,35.85,worldgovernmentbonds,2026-08-01T18:05:45+00:00
cds_kr_5y,2019-01-21,2019-01-21,35.41,,35.49,worldgovernmentbonds,2026-08-01T18:05:45+00:00
cds_kr_5y,2019-01-22,2019-01-22,35.77,,35.41,worldgovernmentbonds,2026-08-01T18:05:45+00:00
cds_kr_5y,2019-01-23,2019-01-23,35.9,,35.77,worldgovernmentbonds,2026-08-01T18:05:45+00:00
cds_kr_5y,2019-01-24,2019-01-24,35.68,,35.9,worldgovernmentbonds,2026-08-01T18:05:45+00:00
cds_kr_5y,2019-01-25,2019-01-25,35.35,,35.68,worldgovernmentbonds,2026-08-01T18:05:45+00:00
cds_kr_5y,2019-01-28,2019-01-28,34.82,,35.35,worldgovernmentbonds,2026-08-01T18:05:45+00:00
cds_kr_5y,2019-01-29,2019-01-29,35.15,,34.82,worldgovernmentbonds,2026-08-01T18:05:45+00:00
cds_kr_5y,2019-01-30,2019-01-30,34.88,,35.15,worldgovernmentbonds,2026-08-01T18:05:45+00:00
cds_kr_5y,2019-01-31,2019-01-31,33.64,,34.88,worldgovernmentbonds,2026-08-01T18:05:45+00:00
cds_kr_5y,2019-02-01,2019-02-01,33.74,,33.64,worldgovernmentbonds,2026-08-01T18:05:45+00:00
cds_kr_5y,2019-02-04,2019-02-04,34.42,,33.74,worldgovernmentbonds,2026-08-01T18:05:45+00:00
cds_kr_5y,2019-02-05,2019-02-05,34.02,,34.42,worldgovernmentbonds,2026-08-01T18:05:45+00:00
cds_kr_5y,2019-02-06,2019-02-06,33.89,,34.02,worldgovernmentbonds,2026-08-01T18:05:45+00:00
cds_kr_5y,2019-02-07,2019-02-07,33.9,,33.89,worldgovernmentbonds,2026-08-01T18:05:45+00:00
cds_kr_5y,2019-02-08,2019-02-08,34.22,,33.9,worldgovernmentbonds,2026-08-01T18:05:45+00:00
cds_kr_5y,2019-02-11,2019-02-11,34.32,,34.22,worldgovernmentbonds,2026-08-01T18:05:45+00:00
cds_kr_5y,2019-02-12,2019-02-12,33.83,,34.32,worldgovernmentbonds,2026-08-01T18:05:45+00:00
cds_kr_5y,2019-02-13,2019-02-13,33.39,,33.83,worldgovernmentbonds,2026-08-01T18:05:45+00:00
cds_kr_5y,2019-02-14,2019-02-14,33.23,,33.39,worldgovernmentbonds,2026-08-01T18:05:45+00:00
cds_kr_5y,2019-02-15,2019-02-15,32.75,,33.23,worldgovernmentbonds,2026-08-01T18:05:45+00:00
cds_kr_5y,2019-02-18,2019-02-18,32.28,,32.75,worldgovernmentbonds,2026-08-01T18:05:45+00:00
cds_kr_5y,2019-02-19,2019-02-19,32.27,,32.28,worldgovernmentbonds,2026-08-01T18:05:45+00:00
cds_kr_5y,2019-02-20,2019-02-20,31.52,,32.27,worldgovernmentbonds,2026-08-01T18:05:45+00:00
cds_kr_5y,2019-02-21,2019-02-21,32.48,,31.52,worldgovernmentbonds,2026-08-01T18:05:45+00:00
cds_kr_5y,2019-02-22,2019-02-22,31.3,,32.48,worldgovernmentbonds,2026-08-01T18:05:45+00:00
cds_kr_5y,2019-02-25,2019-02-25,30.37,,31.3,worldgovernmentbonds,2026-08-01T18:05:45+00:00
cds_kr_5y,2019-02-26,2019-02-26,30.44,,30.37,worldgovernmentbonds,2026-08-01T18:05:45+00:00
cds_kr_5y,2019-02-27,2019-02-27,30.31,,30.44,worldgovernmentbonds,2026-08-01T18:05:45+00:00
cds_kr_5y,2019-02-28,2019-02-28,30.43,,30.31,worldgovernmentbonds,2026-08-01T18:05:45+00:00
cds_kr_5y,2019-03-01,2019-03-01,30.23,,30.43,worldgovernmentbonds,2026-08-01T18:05:45+00:00
cds_kr_5y,2019-03-04,2019-03-04,29.3,,30.23,worldgovernmentbonds,2026-08-01T18:05:45+00:00
cds_kr_5y,2019-03-05,2019-03-05,28.91,,29.3,worldgovernmentbonds,2026-08-01T18:05:45+00:00
cds_kr_5y,2019-03-06,2019-03-06,28.71,,28.91,worldgovernmentbonds,2026-08-01T18:05:45+00:00
cds_kr_5y,2019-03-07,2019-03-07,29.59,,28.71,worldgovernmentbonds,2026-08-01T18:05:45+00:00
cds_kr_5y,2019-03-08,2019-03-08,31.32,,29.59,worldgovernmentbonds,2026-08-01T18:05:45+00:00
cds_kr_5y,2019-03-11,2019-03-11,30.23,,31.32,worldgovernmentbonds,2026-08-01T18:05:45+00:00
cds_kr_5y,2019-03-12,2019-03-12,29.83,,30.23,worldgovernmentbonds,2026-08-01T18:05:45+00:00
cds_kr_5y,2019-03-13,2019-03-13,30.07,,29.83,worldgovernmentbonds,2026-08-01T18:05:45+00:00
cds_kr_5y,2019-03-14,2019-03-14,29.62,,30.07,worldgovernmentbonds,2026-08-01T18:05:45+00:00
cds_kr_5y,2019-03-15,2019-03-15,30.14,,29.62,worldgovernmentbonds,2026-08-01T18:05:45+00:00
cds_kr_5y,2019-03-18,2019-03-18,29.22,,30.14,worldgovernmentbonds,2026-08-01T18:05:45+00:00
cds_kr_5y,2019-03-19,2019-03-19,29.23,,29.22,worldgovernmentbonds,2026-08-01T18:05:45+00:00
cds_kr_5y,2019-03-20,2019-03-20,32.19,,29.23,worldgovernmentbonds,2026-08-01T18:05:45+00:00
cds_kr_5y,2019-03-21,2019-03-21,32.12,,32.19,worldgovernmentbonds,2026-08-01T18:05:45+00:00
cds_kr_5y,2019-03-22,2019-03-22,31.22,,32.12,worldgovernmentbonds,2026-08-01T18:05:45+00:00
cds_kr_5y,2019-03-25,2019-03-25,32.7,,31.22,worldgovernmentbonds,2026-08-01T18:05:45+00:00
cds_kr_5y,2019-03-26,2019-03-26,32.33,,32.7,worldgovernmentbonds,2026-08-01T18:05:45+00:00
cds_kr_5y,2019-03-27,2019-03-27,33.67,,32.33,worldgovernmentbonds,2026-08-01T18:05:45+00:00
cds_kr_5y,2019-03-28,2019-03-28,34.87,,33.67,worldgovernmentbonds,2026-08-01T18:05:45+00:00
cds_kr_5y,2019-03-29,2019-03-29,34.67,,34.87,worldgovernmentbonds,2026-08-01T18:05:45+00:00
cds_kr_5y,2019-04-01,2019-04-01,33.88,,34.67,worldgovernmentbonds,2026-08-01T18:05:45+00:00
cds_kr_5y,2019-04-02,2019-04-02,33.65,,33.88,worldgovernmentbonds,2026-08-01T18:05:45+00:00
cds_kr_5y,2019-04-03,2019-04-03,33.84,,33.65,worldgovernmentbonds,2026-08-01T18:05:45+00:00
cds_kr_5y,2019-04-04,2019-04-04,34.25,,33.84,worldgovernmentbonds,2026-08-01T18:05:45+00:00
cds_kr_5y,2019-04-05,2019-04-05,34.25,,34.25,worldgovernmentbonds,2026-08-01T18:05:45+00:00
cds_kr_5y,2019-04-08,2019-04-08,33.86,,34.25,worldgovernmentbonds,2026-08-01T18:05:45+00:00
cds_kr_5y,2019-04-09,2019-04-09,33.75,,33.86,worldgovernmentbonds,2026-08-01T18:05:45+00:00
cds_kr_5y,2019-04-10,2019-04-10,33.91,,33.75,worldgovernmentbonds,2026-08-01T18:05:45+00:00
cds_kr_5y,2019-04-11,2019-04-11,33.78,,33.91,worldgovernmentbonds,2026-08-01T18:05:45+00:00
cds_kr_5y,2019-04-12,2019-04-12,33.5,,33.78,worldgovernmentbonds,2026-08-01T18:05:45+00:00
cds_kr_5y,2019-04-15,2019-04-15,33.09,,33.5,worldgovernmentbonds,2026-08-01T18:05:45+00:00
cds_kr_5y,2019-04-16,2019-04-16,32.29,,33.09,worldgovernmentbonds,2026-08-01T18:05:45+00:00
cds_kr_5y,2019-04-17,2019-04-17,31.83,,32.29,worldgovernmentbonds,2026-08-01T18:05:45+00:00
cds_kr_5y,2019-04-18,2019-04-18,32.08,,31.83,worldgovernmentbonds,2026-08-01T18:05:45+00:00
cds_kr_5y,2019-04-19,2019-04-19,32.11,,32.08,worldgovernmentbonds,2026-08-01T18:05:45+00:00
cds_kr_5y,2019-04-22,2019-04-22,32.07,,32.11,worldgovernmentbonds,2026-08-01T18:05:45+00:00
cds_kr_5y,2019-04-23,2019-04-23,32.14,,32.07,worldgovernmentbonds,2026-08-01T18:05:45+00:00
cds_kr_5y,2019-04-24,2019-04-24,32.16,,32.14,worldgovernmentbonds,2026-08-01T18:05:45+00:00
cds_kr_5y,2019-04-25,2019-04-25,33.61,,32.16,worldgovernmentbonds,2026-08-01T18:05:45+00:00
cds_kr_5y,2019-04-26,2019-04-26,33.0,,33.61,worldgovernmentbonds,2026-08-01T18:05:45+00:00
cds_kr_5y,2019-04-29,2019-04-29,32.8,,33.0,worldgovernmentbonds,2026-08-01T18:05:45+00:00
cds_kr_5y,2019-04-30,2019-04-30,32.33,,32.8,worldgovernmentbonds,2026-08-01T18:05:45+00:00
cds_kr_5y,2019-05-01,2019-05-01,32.31,,32.33,worldgovernmentbonds,2026-08-01T18:05:45+00:00
cds_kr_5y,2019-05-02,2019-05-02,32.4,,32.31,worldgovernmentbonds,2026-08-01T18:05:45+00:00
cds_kr_5y,2019-05-03,2019-05-03,32.66,,32.4,worldgovernmentbonds,2026-08-01T18:05:45+00:00
cds_kr_5y,2019-05-06,2019-05-06,33.77,,32.66,worldgovernmentbonds,2026-08-01T18:05:45+00:00
cds_kr_5y,2019-05-07,2019-05-07,33.6,,33.77,worldgovernmentbonds,2026-08-01T18:05:45+00:00
cds_kr_5y,2019-05-08,2019-05-08,34.31,,33.6,worldgovernmentbonds,2026-08-01T18:05:45+00:00
cds_kr_5y,2019-05-09,2019-05-09,35.86,,34.31,worldgovernmentbonds,2026-08-01T18:05:45+00:00
cds_kr_5y,2019-05-10,2019-05-10,35.76,,35.86,worldgovernmentbonds,2026-08-01T18:05:45+00:00
cds_kr_5y,2019-05-13,2019-05-13,36.1,,35.76,worldgovernmentbonds,2026-08-01T18:05:45+00:00
cds_kr_5y,2019-05-14,2019-05-14,36.9,,36.1,worldgovernmentbonds,2026-08-01T18:05:45+00:00
cds_kr_5y,2019-05-15,2019-05-15,35.89,,36.9,worldgovernmentbonds,2026-08-01T18:05:45+00:00
cds_kr_5y,2019-05-16,2019-05-16,35.3,,35.89,worldgovernmentbonds,2026-08-01T18:05:45+00:00
cds_kr_5y,2019-05-17,2019-05-17,35.43,,35.3,worldgovernmentbonds,2026-08-01T18:05:45+00:00
cds_kr_5y,2019-05-20,2019-05-20,35.46,,35.43,worldgovernmentbonds,2026-08-01T18:05:45+00:00
cds_kr_5y,2019-05-21,2019-05-21,35.24,,35.46,worldgovernmentbonds,2026-08-01T18:05:45+00:00
cds_kr_5y,2019-05-22,2019-05-22,35.24,,35.24,worldgovernmentbonds,2026-08-01T18:05:45+00:00
cds_kr_5y,2019-05-23,2019-05-23,35.91,,35.24,worldgovernmentbonds,2026-08-01T18:05:45+00:00
cds_kr_5y,2019-05-24,2019-05-24,36.13,,35.91,worldgovernmentbonds,2026-08-01T18:05:45+00:00
cds_kr_5y,2019-05-27,2019-05-27,36.07,,36.13,worldgovernmentbonds,2026-08-01T18:05:45+00:00
cds_kr_5y,2019-05-28,2019-05-28,35.97,,36.07,worldgovernmentbonds,2026-08-01T18:05:45+00:00
cds_kr_5y,2019-05-29,2019-05-29,37.15,,35.97,worldgovernmentbonds,2026-08-01T18:05:45+00:00
cds_kr_5y,2019-05-30,2019-05-30,36.34,,37.15,worldgovernmentbonds,2026-08-01T18:05:45+00:00
cds_kr_5y,2019-05-31,2019-05-31,37.47,,36.34,worldgovernmentbonds,2026-08-01T18:05:45+00:00
cds_kr_5y,2019-06-03,2019-06-03,38.36,,37.47,worldgovernmentbonds,2026-08-01T18:05:45+00:00
cds_kr_5y,2019-06-04,2019-06-04,37.64,,38.36,worldgovernmentbonds,2026-08-01T18:05:45+00:00
cds_kr_5y,2019-06-05,2019-06-05,36.65,,37.64,worldgovernmentbonds,2026-08-01T18:05:45+00:00
cds_kr_5y,2019-06-06,2019-06-06,35.51,,36.65,worldgovernmentbonds,2026-08-01T18:05:45+00:00
cds_kr_5y,2019-06-07,2019-06-07,34.97,,35.51,worldgovernmentbonds,2026-08-01T18:05:45+00:00
cds_kr_5y,2019-06-10,2019-06-10,33.88,,34.97,worldgovernmentbonds,2026-08-01T18:05:45+00:00
cds_kr_5y,2019-06-11,2019-06-11,33.4,,33.88,worldgovernmentbonds,2026-08-01T18:05:45+00:00
cds_kr_5y,2019-06-12,2019-06-12,33.54,,33.4,worldgovernmentbonds,2026-08-01T18:05:45+00:00
cds_kr_5y,2019-06-13,2019-06-13,33.68,,33.54,worldgovernmentbonds,2026-08-01T18:05:45+00:00
cds_kr_5y,2019-06-14,2019-06-14,33.71,,33.68,worldgovernmentbonds,2026-08-01T18:05:45+00:00
cds_kr_5y,2019-06-17,2019-06-17,33.56,,33.71,worldgovernmentbonds,2026-08-01T18:05:45+00:00
cds_kr_5y,2019-06-18,2019-06-18,33.69,,33.56,worldgovernmentbonds,2026-08-01T18:05:45+00:00
cds_kr_5y,2019-06-19,2019-06-19,32.87,,33.69,worldgovernmentbonds,2026-08-01T18:05:45+00:00
cds_kr_5y,2019-06-20,2019-06-20,31.86,,32.87,worldgovernmentbonds,2026-08-01T18:05:45+00:00
cds_kr_5y,2019-06-21,2019-06-21,32.52,,31.86,worldgovernmentbonds,2026-08-01T18:05:45+00:00
cds_kr_5y,2019-06-24,2019-06-24,32.33,,32.52,worldgovernmentbonds,2026-08-01T18:05:45+00:00
cds_kr_5y,2019-06-25,2019-06-25,32.82,,32.33,worldgovernmentbonds,2026-08-01T18:05:45+00:00
cds_kr_5y,2019-06-26,2019-06-26,32.75,,32.82,worldgovernmentbonds,2026-08-01T18:05:45+00:00
cds_kr_5y,2019-06-27,2019-06-27,32.85,,32.75,worldgovernmentbonds,2026-08-01T18:05:45+00:00
cds_kr_5y,2019-06-28,2019-06-28,32.81,,32.85,worldgovernmentbonds,2026-08-01T18:05:45+00:00
cds_kr_5y,2019-07-01,2019-07-01,32.29,,32.81,worldgovernmentbonds,2026-08-01T18:05:45+00:00
cds_kr_5y,2019-07-02,2019-07-02,31.63,,32.29,worldgovernmentbonds,2026-08-01T18:05:45+00:00
cds_kr_5y,2019-07-03,2019-07-03,31.67,,31.63,worldgovernmentbonds,2026-08-01T18:05:45+00:00
cds_kr_5y,2019-07-04,2019-07-04,31.94,,31.67,worldgovernmentbonds,2026-08-01T18:05:45+00:00
cds_kr_5y,2019-07-05,2019-07-05,32.12,,31.94,worldgovernmentbonds,2026-08-01T18:05:45+00:00
cds_kr_5y,2019-07-08,2019-07-08,32.99,,32.12,worldgovernmentbonds,2026-08-01T18:05:45+00:00
cds_kr_5y,2019-07-09,2019-07-09,33.59,,32.99,worldgovernmentbonds,2026-08-01T18:05:45+00:00
cds_kr_5y,2019-07-10,2019-07-10,33.0,,33.59,worldgovernmentbonds,2026-08-01T18:05:45+00:00
cds_kr_5y,2019-07-11,2019-07-11,32.71,,33.0,worldgovernmentbonds,2026-08-01T18:05:45+00:00
cds_kr_5y,2019-07-12,2019-07-12,32.74,,32.71,worldgovernmentbonds,2026-08-01T18:05:45+00:00
cds_kr_5y,2019-07-15,2019-07-15,32.69,,32.74,worldgovernmentbonds,2026-08-01T18:05:45+00:00
cds_kr_5y,2019-07-16,2019-07-16,32.78,,32.69,worldgovernmentbonds,2026-08-01T18:05:45+00:00
cds_kr_5y,2019-07-17,2019-07-17,32.77,,32.78,worldgovernmentbonds,2026-08-01T18:05:45+00:00
cds_kr_5y,2019-07-18,2019-07-18,33.04,,32.77,worldgovernmentbonds,2026-08-01T18:05:45+00:00
cds_kr_5y,2019-07-19,2019-07-19,32.63,,33.04,worldgovernmentbonds,2026-08-01T18:05:45+00:00
cds_kr_5y,2019-07-22,2019-07-22,32.63,,32.63,worldgovernmentbonds,2026-08-01T18:05:45+00:00
cds_kr_5y,2019-07-23,2019-07-23,31.09,,32.63,worldgovernmentbonds,2026-08-01T18:05:45+00:00
cds_kr_5y,2019-07-24,2019-07-24,30.65,,31.09,worldgovernmentbonds,2026-08-01T18:05:45+00:00
cds_kr_5y,2019-07-25,2019-07-25,29.98,,30.65,worldgovernmentbonds,2026-08-01T18:05:45+00:00
cds_kr_5y,2019-07-26,2019-07-26,29.83,,29.98,worldgovernmentbonds,2026-08-01T18:05:45+00:00
cds_kr_5y,2019-07-29,2019-07-29,29.09,,29.83,worldgovernmentbonds,2026-08-01T18:05:45+00:00
cds_kr_5y,2019-07-30,2019-07-30,29.27,,29.09,worldgovernmentbonds,2026-08-01T18:05:45+00:00
cds_kr_5y,2019-07-31,2019-07-31,29.21,,29.27,worldgovernmentbonds,2026-08-01T18:05:45+00:00
cds_kr_5y,2019-08-01,2019-08-01,29.57,,29.21,worldgovernmentbonds,2026-08-01T18:05:45+00:00
cds_kr_5y,2019-08-02,2019-08-02,30.62,,29.57,worldgovernmentbonds,2026-08-01T18:05:45+00:00
cds_kr_5y,2019-08-05,2019-08-05,34.15,,30.62,worldgovernmentbonds,2026-08-01T18:05:45+00:00
cds_kr_5y,2019-08-06,2019-08-06,33.18,,34.15,worldgovernmentbonds,2026-08-01T18:05:45+00:00
cds_kr_5y,2019-08-07,2019-08-07,33.84,,33.18,worldgovernmentbonds,2026-08-01T18:05:45+00:00
cds_kr_5y,2019-08-08,2019-08-08,33.3,,33.84,worldgovernmentbonds,2026-08-01T18:05:45+00:00
cds_kr_5y,2019-08-09,2019-08-09,33.03,,33.3,worldgovernmentbonds,2026-08-01T18:05:45+00:00
cds_kr_5y,2019-08-12,2019-08-12,33.76,,33.03,worldgovernmentbonds,2026-08-01T18:05:45+00:00
cds_kr_5y,2019-08-13,2019-08-13,34.24,,33.76,worldgovernmentbonds,2026-08-01T18:05:45+00:00
cds_kr_5y,2019-08-14,2019-08-14,32.88,,34.24,worldgovernmentbonds,2026-08-01T18:05:45+00:00
cds_kr_5y,2019-08-15,2019-08-15,33.73,,32.88,worldgovernmentbonds,2026-08-01T18:05:45+00:00
cds_kr_5y,2019-08-16,2019-08-16,33.05,,33.73,worldgovernmentbonds,2026-08-01T18:05:45+00:00
cds_kr_5y,2019-08-19,2019-08-19,31.65,,33.05,worldgovernmentbonds,2026-08-01T18:05:45+00:00
cds_kr_5y,2019-08-20,2019-08-20,31.74,,31.65,worldgovernmentbonds,2026-08-01T18:05:45+00:00
cds_kr_5y,2019-08-21,2019-08-21,32.19,,31.74,worldgovernmentbonds,2026-08-01T18:05:45+00:00
cds_kr_5y,2019-08-22,2019-08-22,32.26,,32.19,worldgovernmentbonds,2026-08-01T18:05:45+00:00
cds_kr_5y,2019-08-23,2019-08-23,32.35,,32.26,worldgovernmentbonds,2026-08-01T18:05:45+00:00
cds_kr_5y,2019-08-26,2019-08-26,34.09,,32.35,worldgovernmentbonds,2026-08-01T18:05:45+00:00
cds_kr_5y,2019-08-27,2019-08-27,33.97,,34.09,worldgovernmentbonds,2026-08-01T18:05:45+00:00
cds_kr_5y,2019-08-28,2019-08-28,34.33,,33.97,worldgovernmentbonds,2026-08-01T18:05:45+00:00
cds_kr_5y,2019-08-29,2019-08-29,34.14,,34.33,worldgovernmentbonds,2026-08-01T18:05:45+00:00
cds_kr_5y,2019-08-30,2019-08-30,33.63,,34.14,worldgovernmentbonds,2026-08-01T18:05:45+00:00
cds_kr_5y,2019-09-02,2019-09-02,33.69,,33.63,worldgovernmentbonds,2026-08-01T18:05:45+00:00
cds_kr_5y,2019-09-03,2019-09-03,33.38,,33.69,worldgovernmentbonds,2026-08-01T18:05:45+00:00
cds_kr_5y,2019-09-04,2019-09-04,31.67,,33.38,worldgovernmentbonds,2026-08-01T18:05:45+00:00
cds_kr_5y,2019-09-05,2019-09-05,30.26,,31.67,worldgovernmentbonds,2026-08-01T18:05:45+00:00
cds_kr_5y,2019-09-06,2019-09-06,30.13,,30.26,worldgovernmentbonds,2026-08-01T18:05:45+00:00
cds_kr_5y,2019-09-09,2019-09-09,29.71,,30.13,worldgovernmentbonds,2026-08-01T18:05:45+00:00
cds_kr_5y,2019-09-10,2019-09-10,29.54,,29.71,worldgovernmentbonds,2026-08-01T18:05:45+00:00
cds_kr_5y,2019-09-11,2019-09-11,29.54,,29.54,worldgovernmentbonds,2026-08-01T18:05:45+00:00
cds_kr_5y,2019-09-12,2019-09-12,29.54,,29.54,worldgovernmentbonds,2026-08-01T18:05:45+00:00
cds_kr_5y,2019-09-13,2019-09-13,29.43,,29.54,worldgovernmentbonds,2026-08-01T18:05:45+00:00
cds_kr_5y,2019-09-16,2019-09-16,29.43,,29.43,worldgovernmentbonds,2026-08-01T18:05:45+00:00
cds_kr_5y,2019-09-17,2019-09-17,29.51,,29.43,worldgovernmentbonds,2026-08-01T18:05:45+00:00
cds_kr_5y,2019-09-18,2019-09-18,29.52,,29.51,worldgovernmentbonds,2026-08-01T18:05:45+00:00
cds_kr_5y,2019-09-19,2019-09-19,29.83,,29.52,worldgovernmentbonds,2026-08-01T18:05:45+00:00
cds_kr_5y,2019-09-20,2019-09-20,33.85,,29.83,worldgovernmentbonds,2026-08-01T18:05:45+00:00
cds_kr_5y,2019-09-23,2019-09-23,34.9,,33.85,worldgovernmentbonds,2026-08-01T18:05:45+00:00
cds_kr_5y,2019-09-24,2019-09-24,34.8,,34.9,worldgovernmentbonds,2026-08-01T18:05:45+00:00
cds_kr_5y,2019-09-25,2019-09-25,35.25,,34.8,worldgovernmentbonds,2026-08-01T18:05:45+00:00
cds_kr_5y,2019-09-26,2019-09-26,34.75,,35.25,worldgovernmentbonds,2026-08-01T18:05:45+00:00
cds_kr_5y,2019-09-27,2019-09-27,34.58,,34.75,worldgovernmentbonds,2026-08-01T18:05:45+00:00
cds_kr_5y,2019-09-30,2019-09-30,34.6,,34.58,worldgovernmentbonds,2026-08-01T18:05:45+00:00
cds_kr_5y,2019-10-01,2019-10-01,34.53,,34.6,worldgovernmentbonds,2026-08-01T18:05:45+00:00
cds_kr_5y,2019-10-02,2019-10-02,34.93,,34.53,worldgovernmentbonds,2026-08-01T18:05:45+00:00
cds_kr_5y,2019-10-03,2019-10-03,34.79,,34.93,worldgovernmentbonds,2026-08-01T18:05:45+00:00
cds_kr_5y,2019-10-04,2019-10-04,34.62,,34.79,worldgovernmentbonds,2026-08-01T18:05:45+00:00
cds_kr_5y,2019-10-07,2019-10-07,34.67,,34.62,worldgovernmentbonds,2026-08-01T18:05:45+00:00
cds_kr_5y,2019-10-08,2019-10-08,34.6,,34.67,worldgovernmentbonds,2026-08-01T18:05:45+00:00
cds_kr_5y,2019-10-09,2019-10-09,34.54,,34.6,worldgovernmentbonds,2026-08-01T18:05:45+00:00
cds_kr_5y,2019-10-10,2019-10-10,34.52,,34.54,worldgovernmentbonds,2026-08-01T18:05:45+00:00
cds_kr_5y,2019-10-11,2019-10-11,33.69,,34.52,worldgovernmentbonds,2026-08-01T18:05:45+00:00
cds_kr_5y,2019-10-14,2019-10-14,33.13,,33.69,worldgovernmentbonds,2026-08-01T18:05:45+00:00
cds_kr_5y,2019-10-15,2019-10-15,33.15,,33.13,worldgovernmentbonds,2026-08-01T18:05:45+00:00
cds_kr_5y,2019-10-16,2019-10-16,32.98,,33.15,worldgovernmentbonds,2026-08-01T18:05:45+00:00
cds_kr_5y,2019-10-17,2019-10-17,32.69,,32.98,worldgovernmentbonds,2026-08-01T18:05:45+00:00
cds_kr_5y,2019-10-18,2019-10-18,32.54,,32.69,worldgovernmentbonds,2026-08-01T18:05:45+00:00
cds_kr_5y,2019-10-21,2019-10-21,32.39,,32.54,worldgovernmentbonds,2026-08-01T18:05:45+00:00
cds_kr_5y,2019-10-22,2019-10-22,31.37,,32.39,worldgovernmentbonds,2026-08-01T18:05:45+00:00
cds_kr_5y,2019-10-23,2019-10-23,31.35,,31.37,worldgovernmentbonds,2026-08-01T18:05:45+00:00
cds_kr_5y,2019-10-24,2019-10-24,31.26,,31.35,worldgovernmentbonds,2026-08-01T18:05:45+00:00
cds_kr_5y,2019-10-25,2019-10-25,30.71,,31.26,worldgovernmentbonds,2026-08-01T18:05:45+00:00
cds_kr_5y,2019-10-28,2019-10-28,30.25,,30.71,worldgovernmentbonds,2026-08-01T18:05:45+00:00
cds_kr_5y,2019-10-29,2019-10-29,29.76,,30.25,worldgovernmentbonds,2026-08-01T18:05:45+00:00
cds_kr_5y,2019-10-30,2019-10-30,30.13,,29.76,worldgovernmentbonds,2026-08-01T18:05:45+00:00
cds_kr_5y,2019-10-31,2019-10-31,29.8,,30.13,worldgovernmentbonds,2026-08-01T18:05:45+00:00
cds_kr_5y,2019-11-01,2019-11-01,29.89,,29.8,worldgovernmentbonds,2026-08-01T18:05:45+00:00
cds_kr_5y,2019-11-04,2019-11-04,29.39,,29.89,worldgovernmentbonds,2026-08-01T18:05:45+00:00
cds_kr_5y,2019-11-05,2019-11-05,27.87,,29.39,worldgovernmentbonds,2026-08-01T18:05:45+00:00
cds_kr_5y,2019-11-06,2019-11-06,27.97,,27.87,worldgovernmentbonds,2026-08-01T18:05:45+00:00
cds_kr_5y,2019-11-07,2019-11-07,28.0,,27.97,worldgovernmentbonds,2026-08-01T18:05:45+00:00
cds_kr_5y,2019-11-08,2019-11-08,27.81,,28.0,worldgovernmentbonds,2026-08-01T18:05:45+00:00
cds_kr_5y,2019-11-11,2019-11-11,28.05,,27.81,worldgovernmentbonds,2026-08-01T18:05:45+00:00
cds_kr_5y,2019-11-12,2019-11-12,27.79,,28.05,worldgovernmentbonds,2026-08-01T18:05:45+00:00
cds_kr_5y,2019-11-13,2019-11-13,28.43,,27.79,worldgovernmentbonds,2026-08-01T18:05:45+00:00
cds_kr_5y,2019-11-14,2019-11-14,28.87,,28.43,worldgovernmentbonds,2026-08-01T18:05:45+00:00
cds_kr_5y,2019-11-15,2019-11-15,28.21,,28.87,worldgovernmentbonds,2026-08-01T18:05:45+00:00
cds_kr_5y,2019-11-18,2019-11-18,28.24,,28.21,worldgovernmentbonds,2026-08-01T18:05:45+00:00
cds_kr_5y,2019-11-19,2019-11-19,28.28,,28.24,worldgovernmentbonds,2026-08-01T18:05:45+00:00
cds_kr_5y,2019-11-20,2019-11-20,29.0,,28.28,worldgovernmentbonds,2026-08-01T18:05:45+00:00
cds_kr_5y,2019-11-21,2019-11-21,29.19,,29.0,worldgovernmentbonds,2026-08-01T18:05:45+00:00
cds_kr_5y,2019-11-22,2019-11-22,28.95,,29.19,worldgovernmentbonds,2026-08-01T18:05:45+00:00
cds_kr_5y,2019-11-25,2019-11-25,28.69,,28.95,worldgovernmentbonds,2026-08-01T18:05:45+00:00
cds_kr_5y,2019-11-26,2019-11-26,28.56,,28.69,worldgovernmentbonds,2026-08-01T18:05:45+00:00
cds_kr_5y,2019-11-27,2019-11-27,28.43,,28.56,worldgovernmentbonds,2026-08-01T18:05:45+00:00
cds_kr_5y,2019-11-28,2019-11-28,28.42,,28.43,worldgovernmentbonds,2026-08-01T18:05:45+00:00
cds_kr_5y,2019-11-29,2019-11-29,28.44,,28.42,worldgovernmentbonds,2026-08-01T18:05:45+00:00
cds_kr_5y,2019-12-02,2019-12-02,28.1,,28.44,worldgovernmentbonds,2026-08-01T18:05:45+00:00
cds_kr_5y,2019-12-03,2019-12-03,28.15,,28.1,worldgovernmentbonds,2026-08-01T18:05:45+00:00
cds_kr_5y,2019-12-04,2019-12-04,28.01,,28.15,worldgovernmentbonds,2026-08-01T18:05:45+00:00
cds_kr_5y,2019-12-05,2019-12-05,27.34,,28.01,worldgovernmentbonds,2026-08-01T18:05:45+00:00
cds_kr_5y,2019-12-06,2019-12-06,27.27,,27.34,worldgovernmentbonds,2026-08-01T18:05:45+00:00
cds_kr_5y,2019-12-09,2019-12-09,27.01,,27.27,worldgovernmentbonds,2026-08-01T18:05:45+00:00
cds_kr_5y,2019-12-10,2019-12-10,27.05,,27.01,worldgovernmentbonds,2026-08-01T18:05:45+00:00
cds_kr_5y,2019-12-11,2019-12-11,26.65,,27.05,worldgovernmentbonds,2026-08-01T18:05:45+00:00
cds_kr_5y,2019-12-12,2019-12-12,26.17,,26.65,worldgovernmentbonds,2026-08-01T18:05:45+00:00
cds_kr_5y,2019-12-13,2019-12-13,24.84,,26.17,worldgovernmentbonds,2026-08-01T18:05:45+00:00
cds_kr_5y,2019-12-16,2019-12-16,25.03,,24.84,worldgovernmentbonds,2026-08-01T18:05:45+00:00
cds_kr_5y,2019-12-17,2019-12-17,23.99,,25.03,worldgovernmentbonds,2026-08-01T18:05:45+00:00
cds_kr_5y,2019-12-18,2019-12-18,23.01,,23.99,worldgovernmentbonds,2026-08-01T18:05:45+00:00
cds_kr_5y,2019-12-19,2019-12-19,22.9,,23.01,worldgovernmentbonds,2026-08-01T18:05:45+00:00
cds_kr_5y,2019-12-20,2019-12-20,22.91,,22.9,worldgovernmentbonds,2026-08-01T18:05:45+00:00
cds_kr_5y,2019-12-23,2019-12-23,22.5,,22.91,worldgovernmentbonds,2026-08-01T18:05:45+00:00
cds_kr_5y,2019-12-24,2019-12-24,22.44,,22.5,worldgovernmentbonds,2026-08-01T18:05:45+00:00
cds_kr_5y,2019-12-25,2019-12-25,22.58,,22.44,worldgovernmentbonds,2026-08-01T18:05:45+00:00
cds_kr_5y,2019-12-26,2019-12-26,22.61,,22.58,worldgovernmentbonds,2026-08-01T18:05:45+00:00
cds_kr_5y,2019-12-27,2019-12-27,22.65,,22.61,worldgovernmentbonds,2026-08-01T18:05:45+00:00
cds_kr_5y,2019-12-30,2019-12-30,22.59,,22.65,worldgovernmentbonds,2026-08-01T18:05:45+00:00
cds_kr_5y,2019-12-31,2019-12-31,22.57,,22.59,worldgovernmentbonds,2026-08-01T18:05:45+00:00
cds_kr_5y,2020-01-01,2020-01-01,22.63,,22.57,worldgovernmentbonds,2026-08-01T18:05:45+00:00
cds_kr_5y,2020-01-02,2020-01-02,22.58,,22.63,worldgovernmentbonds,2026-08-01T18:05:45+00:00
cds_kr_5y,2020-01-03,2020-01-03,23.29,,22.58,worldgovernmentbonds,2026-08-01T18:05:45+00:00
cds_kr_5y,2020-01-06,2020-01-06,24.03,,23.29,worldgovernmentbonds,2026-08-01T18:05:45+00:00
cds_kr_5y,2020-01-07,2020-01-07,23.23,,24.03,worldgovernmentbonds,2026-08-01T18:05:45+00:00
cds_kr_5y,2020-01-08,2020-01-08,23.9,,23.23,worldgovernmentbonds,2026-08-01T18:05:45+00:00
cds_kr_5y,2020-01-09,2020-01-09,23.41,,23.9,worldgovernmentbonds,2026-08-01T18:05:45+00:00
cds_kr_5y,2020-01-10,2020-01-10,22.74,,23.41,worldgovernmentbonds,2026-08-01T18:05:45+00:00
cds_kr_5y,2020-01-13,2020-01-13,22.45,,22.74,worldgovernmentbonds,2026-08-01T18:05:45+00:00
cds_kr_5y,2020-01-14,2020-01-14,22.08,,22.45,worldgovernmentbonds,2026-08-01T18:05:45+00:00
cds_kr_5y,2020-01-15,2020-01-15,22.12,,22.08,worldgovernmentbonds,2026-08-01T18:05:45+00:00
cds_kr_5y,2020-01-16,2020-01-16,21.72,,22.12,worldgovernmentbonds,2026-08-01T18:05:45+00:00
cds_kr_5y,2020-01-17,2020-01-17,21.53,,21.72,worldgovernmentbonds,2026-08-01T18:05:45+00:00
cds_kr_5y,2020-01-20,2020-01-20,21.55,,21.53,worldgovernmentbonds,2026-08-01T18:05:45+00:00
cds_kr_5y,2020-01-21,2020-01-21,22.68,,21.55,worldgovernmentbonds,2026-08-01T18:05:45+00:00
cds_kr_5y,2020-01-22,2020-01-22,22.84,,22.68,worldgovernmentbonds,2026-08-01T18:05:45+00:00
cds_kr_5y,2020-01-23,2020-01-23,23.77,,22.84,worldgovernmentbonds,2026-08-01T18:05:45+00:00
cds_kr_5y,2020-01-24,2020-01-24,23.72,,23.77,worldgovernmentbonds,2026-08-01T18:05:45+00:00
cds_kr_5y,2020-01-27,2020-01-27,23.98,,23.72,worldgovernmentbonds,2026-08-01T18:05:45+00:00
cds_kr_5y,2020-01-28,2020-01-28,26.36,,23.98,worldgovernmentbonds,2026-08-01T18:05:45+00:00
cds_kr_5y,2020-01-29,2020-01-29,25.19,,26.36,worldgovernmentbonds,2026-08-01T18:05:45+00:00
cds_kr_5y,2020-01-30,2020-01-30,27.15,,25.19,worldgovernmentbonds,2026-08-01T18:05:45+00:00
cds_kr_5y,2020-01-31,2020-01-31,26.63,,27.15,worldgovernmentbonds,2026-08-01T18:05:45+00:00
cds_kr_5y,2020-02-03,2020-02-03,27.95,,26.63,worldgovernmentbonds,2026-08-01T18:05:45+00:00
cds_kr_5y,2020-02-04,2020-02-04,26.82,,27.95,worldgovernmentbonds,2026-08-01T18:05:45+00:00
cds_kr_5y,2020-02-05,2020-02-05,25.19,,26.82,worldgovernmentbonds,2026-08-01T18:05:45+00:00
cds_kr_5y,2020-02-06,2020-02-06,24.39,,25.19,worldgovernmentbonds,2026-08-01T18:05:45+00:00
cds_kr_5y,2020-02-07,2020-02-07,24.69,,24.39,worldgovernmentbonds,2026-08-01T18:05:45+00:00
cds_kr_5y,2020-02-10,2020-02-10,24.77,,24.69,worldgovernmentbonds,2026-08-01T18:05:45+00:00
cds_kr_5y,2020-02-11,2020-02-11,24.37,,24.77,worldgovernmentbonds,2026-08-01T18:05:45+00:00
cds_kr_5y,2020-02-12,2020-02-12,23.4,,24.37,worldgovernmentbonds,2026-08-01T18:05:45+00:00
cds_kr_5y,2020-02-13,2020-02-13,23.6,,23.4,worldgovernmentbonds,2026-08-01T18:05:45+00:00
cds_kr_5y,2020-02-14,2020-02-14,23.4,,23.6,worldgovernmentbonds,2026-08-01T18:05:45+00:00
cds_kr_5y,2020-02-17,2020-02-17,23.16,,23.4,worldgovernmentbonds,2026-08-01T18:05:45+00:00
cds_kr_5y,2020-02-18,2020-02-18,23.45,,23.16,worldgovernmentbonds,2026-08-01T18:05:45+00:00
cds_kr_5y,2020-02-19,2020-02-19,22.63,,23.45,worldgovernmentbonds,2026-08-01T18:05:45+00:00
cds_kr_5y,2020-02-20,2020-02-20,22.68,,22.63,worldgovernmentbonds,2026-08-01T18:05:45+00:00
cds_kr_5y,2020-02-21,2020-02-21,24.56,,22.68,worldgovernmentbonds,2026-08-01T18:05:45+00:00
cds_kr_5y,2020-02-24,2020-02-24,29.23,,24.56,worldgovernmentbonds,2026-08-01T18:05:45+00:00
cds_kr_5y,2020-02-25,2020-02-25,28.71,,29.23,worldgovernmentbonds,2026-08-01T18:05:45+00:00
cds_kr_5y,2020-02-26,2020-02-26,29.29,,28.71,worldgovernmentbonds,2026-08-01T18:05:45+00:00
cds_kr_5y,2020-02-27,2020-02-27,30.4,,29.29,worldgovernmentbonds,2026-08-01T18:05:45+00:00
cds_kr_5y,2020-02-28,2020-02-28,34.75,,30.4,worldgovernmentbonds,2026-08-01T18:05:45+00:00
cds_kr_5y,2020-03-02,2020-03-02,32.84,,34.75,worldgovernmentbonds,2026-08-01T18:05:45+00:00
cds_kr_5y,2020-03-03,2020-03-03,30.76,,32.84,worldgovernmentbonds,2026-08-01T18:05:45+00:00
cds_kr_5y,2020-03-04,2020-03-04,31.41,,30.76,worldgovernmentbonds,2026-08-01T18:05:45+00:00
cds_kr_5y,2020-03-05,2020-03-05,30.73,,31.41,worldgovernmentbonds,2026-08-01T18:05:45+00:00
cds_kr_5y,2020-03-06,2020-03-06,36.18,,30.73,worldgovernmentbonds,2026-08-01T18:05:45+00:00
cds_kr_5y,2020-03-10,2020-03-10,37.95,,36.18,worldgovernmentbonds,2026-08-01T18:05:45+00:00
cds_kr_5y,2020-03-11,2020-03-11,39.8,,37.95,worldgovernmentbonds,2026-08-01T18:05:45+00:00
cds_kr_5y,2020-03-12,2020-03-12,48.63,,39.8,worldgovernmentbonds,2026-08-01T18:05:45+00:00
cds_kr_5y,2020-03-13,2020-03-13,47.42,,48.63,worldgovernmentbonds,2026-08-01T18:05:45+00:00
cds_kr_5y,2020-03-16,2020-03-16,52.83,,47.42,worldgovernmentbonds,2026-08-01T18:05:45+00:00
cds_kr_5y,2020-03-17,2020-03-17,51.55,,52.83,worldgovernmentbonds,2026-08-01T18:05:45+00:00
cds_kr_5y,2020-03-18,2020-03-18,49.66,,51.55,worldgovernmentbonds,2026-08-01T18:05:45+00:00
cds_kr_5y,2020-03-19,2020-03-19,54.51,,49.66,worldgovernmentbonds,2026-08-01T18:05:45+00:00
cds_kr_5y,2020-03-20,2020-03-20,53.32,,54.51,worldgovernmentbonds,2026-08-01T18:05:45+00:00
cds_kr_5y,2020-03-23,2020-03-23,61.25,,53.32,worldgovernmentbonds,2026-08-01T18:05:45+00:00
cds_kr_5y,2020-03-24,2020-03-24,48.26,,61.25,worldgovernmentbonds,2026-08-01T18:05:45+00:00
cds_kr_5y,2020-03-25,2020-03-25,35.8,,48.26,worldgovernmentbonds,2026-08-01T18:05:45+00:00
cds_kr_5y,2020-03-26,2020-03-26,35.81,,35.8,worldgovernmentbonds,2026-08-01T18:05:45+00:00
cds_kr_5y,2020-03-27,2020-03-27,36.37,,35.81,worldgovernmentbonds,2026-08-01T18:05:45+00:00
cds_kr_5y,2020-03-30,2020-03-30,41.93,,36.37,worldgovernmentbonds,2026-08-01T18:05:45+00:00
cds_kr_5y,2020-03-31,2020-03-31,39.8,,41.93,worldgovernmentbonds,2026-08-01T18:05:45+00:00
cds_kr_5y,2020-04-01,2020-04-01,41.93,,39.8,worldgovernmentbonds,2026-08-01T18:05:45+00:00
cds_kr_5y,2020-04-02,2020-04-02,43.86,,41.93,worldgovernmentbonds,2026-08-01T18:05:45+00:00
cds_kr_5y,2020-04-03,2020-04-03,43.52,,43.86,worldgovernmentbonds,2026-08-01T18:05:45+00:00
cds_kr_5y,2020-04-06,2020-04-06,40.37,,43.52,worldgovernmentbonds,2026-08-01T18:05:45+00:00
cds_kr_5y,2020-04-07,2020-04-07,36.39,,40.37,worldgovernmentbonds,2026-08-01T18:05:45+00:00
cds_kr_5y,2020-04-08,2020-04-08,36.12,,36.39,worldgovernmentbonds,2026-08-01T18:05:45+00:00
cds_kr_5y,2020-04-09,2020-04-09,33.42,,36.12,worldgovernmentbonds,2026-08-01T18:05:45+00:00
cds_kr_5y,2020-04-10,2020-04-10,31.76,,33.42,worldgovernmentbonds,2026-08-01T18:05:45+00:00
cds_kr_5y,2020-04-13,2020-04-13,31.81,,31.76,worldgovernmentbonds,2026-08-01T18:05:45+00:00
cds_kr_5y,2020-04-14,2020-04-14,30.84,,31.81,worldgovernmentbonds,2026-08-01T18:05:45+00:00
cds_kr_5y,2020-04-15,2020-04-15,31.5,,30.84,worldgovernmentbonds,2026-08-01T18:05:45+00:00
cds_kr_5y,2020-04-16,2020-04-16,31.82,,31.5,worldgovernmentbonds,2026-08-01T18:05:45+00:00
cds_kr_5y,2020-04-17,2020-04-17,32.1,,31.82,worldgovernmentbonds,2026-08-01T18:05:45+00:00
cds_kr_5y,2020-04-20,2020-04-20,32.43,,32.1,worldgovernmentbonds,2026-08-01T18:05:45+00:00
cds_kr_5y,2020-04-21,2020-04-21,35.06,,32.43,worldgovernmentbonds,2026-08-01T18:05:45+00:00
cds_kr_5y,2020-04-22,2020-04-22,36.56,,35.06,worldgovernmentbonds,2026-08-01T18:05:45+00:00
cds_kr_5y,2020-04-23,2020-04-23,36.99,,36.56,worldgovernmentbonds,2026-08-01T18:05:45+00:00
cds_kr_5y,2020-04-24,2020-04-24,37.74,,36.99,worldgovernmentbonds,2026-08-01T18:05:45+00:00
cds_kr_5y,2020-04-27,2020-04-27,37.58,,37.74,worldgovernmentbonds,2026-08-01T18:05:45+00:00
cds_kr_5y,2020-04-28,2020-04-28,37.56,,37.58,worldgovernmentbonds,2026-08-01T18:05:45+00:00
cds_kr_5y,2020-04-29,2020-04-29,37.04,,37.56,worldgovernmentbonds,2026-08-01T18:05:45+00:00
cds_kr_5y,2020-04-30,2020-04-30,34.43,,37.04,worldgovernmentbonds,2026-08-01T18:05:45+00:00
cds_kr_5y,2020-05-01,2020-05-01,34.88,,34.43,worldgovernmentbonds,2026-08-01T18:05:45+00:00
cds_kr_5y,2020-05-04,2020-05-04,38.1,,34.88,worldgovernmentbonds,2026-08-01T18:05:45+00:00
cds_kr_5y,2020-05-05,2020-05-05,36.49,,38.1,worldgovernmentbonds,2026-08-01T18:05:45+00:00
cds_kr_5y,2020-05-06,2020-05-06,36.35,,36.49,worldgovernmentbonds,2026-08-01T18:05:45+00:00
cds_kr_5y,2020-05-07,2020-05-07,36.93,,36.35,worldgovernmentbonds,2026-08-01T18:05:45+00:00
cds_kr_5y,2020-05-08,2020-05-08,35.75,,36.93,worldgovernmentbonds,2026-08-01T18:05:45+00:00
cds_kr_5y,2020-05-11,2020-05-11,35.23,,35.75,worldgovernmentbonds,2026-08-01T18:05:45+00:00
cds_kr_5y,2020-05-12,2020-05-12,34.8,,35.23,worldgovernmentbonds,2026-08-01T18:05:45+00:00
cds_kr_5y,2020-05-13,2020-05-13,35.11,,34.8,worldgovernmentbonds,2026-08-01T18:05:45+00:00
cds_kr_5y,2020-05-14,2020-05-14,36.27,,35.11,worldgovernmentbonds,2026-08-01T18:05:45+00:00
cds_kr_5y,2020-05-15,2020-05-15,34.89,,36.27,worldgovernmentbonds,2026-08-01T18:05:45+00:00
cds_kr_5y,2020-05-18,2020-05-18,34.2,,34.89,worldgovernmentbonds,2026-08-01T18:05:45+00:00
cds_kr_5y,2020-05-19,2020-05-19,32.32,,34.2,worldgovernmentbonds,2026-08-01T18:05:45+00:00
cds_kr_5y,2020-05-20,2020-05-20,30.92,,32.32,worldgovernmentbonds,2026-08-01T18:05:45+00:00
cds_kr_5y,2020-05-21,2020-05-21,28.04,,30.92,worldgovernmentbonds,2026-08-01T18:05:45+00:00
cds_kr_5y,2020-05-22,2020-05-22,28.74,,28.04,worldgovernmentbonds,2026-08-01T18:05:45+00:00
cds_kr_5y,2020-05-25,2020-05-25,28.42,,28.74,worldgovernmentbonds,2026-08-01T18:05:45+00:00
cds_kr_5y,2020-05-26,2020-05-26,27.71,,28.42,worldgovernmentbonds,2026-08-01T18:05:45+00:00
cds_kr_5y,2020-05-27,2020-05-27,27.2,,27.71,worldgovernmentbonds,2026-08-01T18:05:45+00:00
cds_kr_5y,2020-05-28,2020-05-28,27.53,,27.2,worldgovernmentbonds,2026-08-01T18:05:45+00:00
cds_kr_5y,2020-05-29,2020-05-29,28.22,,27.53,worldgovernmentbonds,2026-08-01T18:05:45+00:00
cds_kr_5y,2020-06-01,2020-06-01,28.02,,28.22,worldgovernmentbonds,2026-08-01T18:05:45+00:00
cds_kr_5y,2020-06-02,2020-06-02,27.31,,28.02,worldgovernmentbonds,2026-08-01T18:05:45+00:00
cds_kr_5y,2020-06-03,2020-06-03,26.1,,27.31,worldgovernmentbonds,2026-08-01T18:05:45+00:00
cds_kr_5y,2020-06-04,2020-06-04,25.19,,26.1,worldgovernmentbonds,2026-08-01T18:05:45+00:00
cds_kr_5y,2020-06-05,2020-06-05,24.22,,25.19,worldgovernmentbonds,2026-08-01T18:05:45+00:00
cds_kr_5y,2020-06-08,2020-06-08,22.85,,24.22,worldgovernmentbonds,2026-08-01T18:05:45+00:00
cds_kr_5y,2020-06-09,2020-06-09,24.41,,22.85,worldgovernmentbonds,2026-08-01T18:05:45+00:00
cds_kr_5y,2020-06-10,2020-06-10,24.56,,24.41,worldgovernmentbonds,2026-08-01T18:05:45+00:00
cds_kr_5y,2020-06-11,2020-06-11,26.67,,24.56,worldgovernmentbonds,2026-08-01T18:05:45+00:00
cds_kr_5y,2020-06-12,2020-06-12,28.11,,26.67,worldgovernmentbonds,2026-08-01T18:05:45+00:00
cds_kr_5y,2020-06-15,2020-06-15,29.23,,28.11,worldgovernmentbonds,2026-08-01T18:05:45+00:00
cds_kr_5y,2020-06-16,2020-06-16,27.81,,29.23,worldgovernmentbonds,2026-08-01T18:05:45+00:00
cds_kr_5y,2020-06-17,2020-06-17,28.2,,27.81,worldgovernmentbonds,2026-08-01T18:05:45+00:00
cds_kr_5y,2020-06-18,2020-06-18,28.48,,28.2,worldgovernmentbonds,2026-08-01T18:05:45+00:00
cds_kr_5y,2020-06-19,2020-06-19,27.83,,28.48,worldgovernmentbonds,2026-08-01T18:05:45+00:00
cds_kr_5y,2020-06-22,2020-06-22,28.21,,27.83,worldgovernmentbonds,2026-08-01T18:05:45+00:00
cds_kr_5y,2020-06-23,2020-06-23,27.86,,28.21,worldgovernmentbonds,2026-08-01T18:05:45+00:00
cds_kr_5y,2020-06-24,2020-06-24,27.95,,27.86,worldgovernmentbonds,2026-08-01T18:05:45+00:00
cds_kr_5y,2020-06-25,2020-06-25,28.82,,27.95,worldgovernmentbonds,2026-08-01T18:05:45+00:00
cds_kr_5y,2020-06-26,2020-06-26,28.64,,28.82,worldgovernmentbonds,2026-08-01T18:05:45+00:00
cds_kr_5y,2020-06-29,2020-06-29,29.13,,28.64,worldgovernmentbonds,2026-08-01T18:05:45+00:00
cds_kr_5y,2020-06-30,2020-06-30,28.62,,29.13,worldgovernmentbonds,2026-08-01T18:05:45+00:00
cds_kr_5y,2020-07-01,2020-07-01,28.1,,28.62,worldgovernmentbonds,2026-08-01T18:05:45+00:00
cds_kr_5y,2020-07-02,2020-07-02,27.07,,28.1,worldgovernmentbonds,2026-08-01T18:05:45+00:00
cds_kr_5y,2020-07-03,2020-07-03,26.89,,27.07,worldgovernmentbonds,2026-08-01T18:05:45+00:00
cds_kr_5y,2020-07-06,2020-07-06,26.01,,26.89,worldgovernmentbonds,2026-08-01T18:05:45+00:00
cds_kr_5y,2020-07-07,2020-07-07,25.93,,26.01,worldgovernmentbonds,2026-08-01T18:05:45+00:00
cds_kr_5y,2020-07-08,2020-07-08,25.94,,25.93,worldgovernmentbonds,2026-08-01T18:05:45+00:00
cds_kr_5y,2020-07-09,2020-07-09,25.79,,25.94,worldgovernmentbonds,2026-08-01T18:05:45+00:00
cds_kr_5y,2020-07-10,2020-07-10,26.18,,25.79,worldgovernmentbonds,2026-08-01T18:05:45+00:00
cds_kr_5y,2020-07-13,2020-07-13,26.02,,26.18,worldgovernmentbonds,2026-08-01T18:05:45+00:00
cds_kr_5y,2020-07-14,2020-07-14,26.11,,26.02,worldgovernmentbonds,2026-08-01T18:05:45+00:00
cds_kr_5y,2020-07-15,2020-07-15,25.57,,26.11,worldgovernmentbonds,2026-08-01T18:05:45+00:00
cds_kr_5y,2020-07-16,2020-07-16,25.52,,25.57,worldgovernmentbonds,2026-08-01T18:05:45+00:00
cds_kr_5y,2020-07-17,2020-07-17,25.49,,25.52,worldgovernmentbonds,2026-08-01T18:05:45+00:00
cds_kr_5y,2020-07-20,2020-07-20,25.32,,25.49,worldgovernmentbonds,2026-08-01T18:05:45+00:00
cds_kr_5y,2020-07-21,2020-07-21,24.59,,25.32,worldgovernmentbonds,2026-08-01T18:05:45+00:00
cds_kr_5y,2020-07-22,2020-07-22,24.68,,24.59,worldgovernmentbonds,2026-08-01T18:05:45+00:00
cds_kr_5y,2020-07-23,2020-07-23,23.96,,24.68,worldgovernmentbonds,2026-08-01T18:05:45+00:00
cds_kr_5y,2020-07-24,2020-07-24,24.73,,23.96,worldgovernmentbonds,2026-08-01T18:05:45+00:00
cds_kr_5y,2020-07-27,2020-07-27,24.61,,24.73,worldgovernmentbonds,2026-08-01T18:05:45+00:00
cds_kr_5y,2020-07-28,2020-07-28,24.57,,24.61,worldgovernmentbonds,2026-08-01T18:05:45+00:00
cds_kr_5y,2020-07-29,2020-07-29,24.56,,24.57,worldgovernmentbonds,2026-08-01T18:05:45+00:00
cds_kr_5y,2020-07-30,2020-07-30,24.44,,24.56,worldgovernmentbonds,2026-08-01T18:05:45+00:00
cds_kr_5y,2020-07-31,2020-07-31,24.35,,24.44,worldgovernmentbonds,2026-08-01T18:05:45+00:00
cds_kr_5y,2020-08-03,2020-08-03,24.2,,24.35,worldgovernmentbonds,2026-08-01T18:05:45+00:00
cds_kr_5y,2020-08-04,2020-08-04,23.7,,24.2,worldgovernmentbonds,2026-08-01T18:05:45+00:00
cds_kr_5y,2020-08-05,2020-08-05,23.57,,23.7,worldgovernmentbonds,2026-08-01T18:05:45+00:00
cds_kr_5y,2020-08-06,2020-08-06,23.62,,23.57,worldgovernmentbonds,2026-08-01T18:05:45+00:00
cds_kr_5y,2020-08-07,2020-08-07,23.59,,23.62,worldgovernmentbonds,2026-08-01T18:05:45+00:00
cds_kr_5y,2020-08-10,2020-08-10,23.38,,23.59,worldgovernmentbonds,2026-08-01T18:05:45+00:00
cds_kr_5y,2020-08-11,2020-08-11,23.21,,23.38,worldgovernmentbonds,2026-08-01T18:05:45+00:00
cds_kr_5y,2020-08-12,2020-08-12,23.15,,23.21,worldgovernmentbonds,2026-08-01T18:05:45+00:00
cds_kr_5y,2020-08-13,2020-08-13,22.47,,23.15,worldgovernmentbonds,2026-08-01T18:05:45+00:00
cds_kr_5y,2020-08-14,2020-08-14,22.73,,22.47,worldgovernmentbonds,2026-08-01T18:05:45+00:00
cds_kr_5y,2020-08-17,2020-08-17,22.57,,22.73,worldgovernmentbonds,2026-08-01T18:05:45+00:00
cds_kr_5y,2020-08-18,2020-08-18,22.52,,22.57,worldgovernmentbonds,2026-08-01T18:05:45+00:00
cds_kr_5y,2020-08-19,2020-08-19,22.46,,22.52,worldgovernmentbonds,2026-08-01T18:05:45+00:00
cds_kr_5y,2020-08-20,2020-08-20,22.76,,22.46,worldgovernmentbonds,2026-08-01T18:05:45+00:00
cds_kr_5y,2020-08-21,2020-08-21,22.64,,22.76,worldgovernmentbonds,2026-08-01T18:05:45+00:00
cds_kr_5y,2020-08-24,2020-08-24,22.5,,22.64,worldgovernmentbonds,2026-08-01T18:05:45+00:00
cds_kr_5y,2020-08-25,2020-08-25,22.09,,22.5,worldgovernmentbonds,2026-08-01T18:05:45+00:00
cds_kr_5y,2020-08-26,2020-08-26,22.27,,22.09,worldgovernmentbonds,2026-08-01T18:05:45+00:00
cds_kr_5y,2020-08-27,2020-08-27,22.47,,22.27,worldgovernmentbonds,2026-08-01T18:05:45+00:00
cds_kr_5y,2020-08-28,2020-08-28,22.99,,22.47,worldgovernmentbonds,2026-08-01T18:05:45+00:00
cds_kr_5y,2020-08-31,2020-08-31,22.86,,22.99,worldgovernmentbonds,2026-08-01T18:05:45+00:00
cds_kr_5y,2020-09-01,2020-09-01,22.75,,22.86,worldgovernmentbonds,2026-08-01T18:05:45+00:00
cds_kr_5y,2020-09-02,2020-09-02,22.18,,22.75,worldgovernmentbonds,2026-08-01T18:05:45+00:00
cds_kr_5y,2020-09-03,2020-09-03,22.29,,22.18,worldgovernmentbonds,2026-08-01T18:05:45+00:00
cds_kr_5y,2020-09-04,2020-09-04,22.82,,22.29,worldgovernmentbonds,2026-08-01T18:05:45+00:00
cds_kr_5y,2020-09-07,2020-09-07,22.83,,22.82,worldgovernmentbonds,2026-08-01T18:05:45+00:00
cds_kr_5y,2020-09-08,2020-09-08,22.97,,22.83,worldgovernmentbonds,2026-08-01T18:05:45+00:00
cds_kr_5y,2020-09-09,2020-09-09,23.31,,22.97,worldgovernmentbonds,2026-08-01T18:05:45+00:00
cds_kr_5y,2020-09-10,2020-09-10,23.13,,23.31,worldgovernmentbonds,2026-08-01T18:05:45+00:00
cds_kr_5y,2020-09-11,2020-09-11,23.19,,23.13,worldgovernmentbonds,2026-08-01T18:05:45+00:00
cds_kr_5y,2020-09-14,2020-09-14,23.07,,23.19,worldgovernmentbonds,2026-08-01T18:05:45+00:00
cds_kr_5y,2020-09-15,2020-09-15,23.1,,23.07,worldgovernmentbonds,2026-08-01T18:05:45+00:00
cds_kr_5y,2020-09-16,2020-09-16,23.06,,23.1,worldgovernmentbonds,2026-08-01T18:05:45+00:00
cds_kr_5y,2020-09-17,2020-09-17,23.2,,23.06,worldgovernmentbonds,2026-08-01T18:05:45+00:00
cds_kr_5y,2020-09-18,2020-09-18,23.08,,23.2,worldgovernmentbonds,2026-08-01T18:05:45+00:00
cds_kr_5y,2020-09-21,2020-09-21,25.98,,23.08,worldgovernmentbonds,2026-08-01T18:05:45+00:00
cds_kr_5y,2020-09-22,2020-09-22,26.42,,25.98,worldgovernmentbonds,2026-08-01T18:05:45+00:00
cds_kr_5y,2020-09-23,2020-09-23,26.21,,26.42,worldgovernmentbonds,2026-08-01T18:05:45+00:00
cds_kr_5y,2020-09-24,2020-09-24,27.92,,26.21,worldgovernmentbonds,2026-08-01T18:05:45+00:00
cds_kr_5y,2020-09-25,2020-09-25,28.2,,27.92,worldgovernmentbonds,2026-08-01T18:05:45+00:00
cds_kr_5y,2020-09-28,2020-09-28,27.79,,28.2,worldgovernmentbonds,2026-08-01T18:05:45+00:00
cds_kr_5y,2020-09-29,2020-09-29,27.51,,27.79,worldgovernmentbonds,2026-08-01T18:05:45+00:00
cds_kr_5y,2020-09-30,2020-09-30,27.17,,27.51,worldgovernmentbonds,2026-08-01T18:05:45+00:00
cds_kr_5y,2020-10-01,2020-10-01,26.75,,27.17,worldgovernmentbonds,2026-08-01T18:05:45+00:00
cds_kr_5y,2020-10-02,2020-10-02,26.95,,26.75,worldgovernmentbonds,2026-08-01T18:05:45+00:00
cds_kr_5y,2020-10-05,2020-10-05,26.54,,26.95,worldgovernmentbonds,2026-08-01T18:05:45+00:00
cds_kr_5y,2020-10-06,2020-10-06,25.64,,26.54,worldgovernmentbonds,2026-08-01T18:05:45+00:00
cds_kr_5y,2020-10-07,2020-10-07,25.57,,25.64,worldgovernmentbonds,2026-08-01T18:05:45+00:00
cds_kr_5y,2020-10-08,2020-10-08,25.07,,25.57,worldgovernmentbonds,2026-08-01T18:05:45+00:00
cds_kr_5y,2020-10-09,2020-10-09,24.72,,25.07,worldgovernmentbonds,2026-08-01T18:05:45+00:00
cds_kr_5y,2020-10-12,2020-10-12,24.68,,24.72,worldgovernmentbonds,2026-08-01T18:05:45+00:00
cds_kr_5y,2020-10-13,2020-10-13,24.83,,24.68,worldgovernmentbonds,2026-08-01T18:05:45+00:00
cds_kr_5y,2020-10-14,2020-10-14,24.92,,24.83,worldgovernmentbonds,2026-08-01T18:05:45+00:00
cds_kr_5y,2020-10-15,2020-10-15,25.87,,24.92,worldgovernmentbonds,2026-08-01T18:05:45+00:00
cds_kr_5y,2020-10-16,2020-10-16,25.58,,25.87,worldgovernmentbonds,2026-08-01T18:05:45+00:00
cds_kr_5y,2020-10-19,2020-10-19,25.27,,25.58,worldgovernmentbonds,2026-08-01T18:05:45+00:00
cds_kr_5y,2020-10-20,2020-10-20,25.42,,25.27,worldgovernmentbonds,2026-08-01T18:05:45+00:00
cds_kr_5y,2020-10-21,2020-10-21,25.44,,25.42,worldgovernmentbonds,2026-08-01T18:05:45+00:00
cds_kr_5y,2020-10-22,2020-10-22,25.4,,25.44,worldgovernmentbonds,2026-08-01T18:05:45+00:00
cds_kr_5y,2020-10-23,2020-10-23,25.32,,25.4,worldgovernmentbonds,2026-08-01T18:05:45+00:00
cds_kr_5y,2020-10-26,2020-10-26,25.35,,25.32,worldgovernmentbonds,2026-08-01T18:05:45+00:00
cds_kr_5y,2020-10-27,2020-10-27,25.6,,25.35,worldgovernmentbonds,2026-08-01T18:05:45+00:00
cds_kr_5y,2020-10-28,2020-10-28,25.96,,25.6,worldgovernmentbonds,2026-08-01T18:05:45+00:00
cds_kr_5y,2020-10-29,2020-10-29,25.93,,25.96,worldgovernmentbonds,2026-08-01T18:05:45+00:00
cds_kr_5y,2020-10-30,2020-10-30,26.21,,25.93,worldgovernmentbonds,2026-08-01T18:05:45+00:00
cds_kr_5y,2020-11-02,2020-11-02,26.2,,26.21,worldgovernmentbonds,2026-08-01T18:05:45+00:00
cds_kr_5y,2020-11-03,2020-11-03,26.2,,26.2,worldgovernmentbonds,2026-08-01T18:05:45+00:00
cds_kr_5y,2020-11-04,2020-11-04,26.08,,26.2,worldgovernmentbonds,2026-08-01T18:05:45+00:00
cds_kr_5y,2020-11-05,2020-11-05,25.01,,26.08,worldgovernmentbonds,2026-08-01T18:05:45+00:00
cds_kr_5y,2020-11-06,2020-11-06,24.36,,25.01,worldgovernmentbonds,2026-08-01T18:05:45+00:00
cds_kr_5y,2020-11-09,2020-11-09,23.08,,24.36,worldgovernmentbonds,2026-08-01T18:05:45+00:00
cds_kr_5y,2020-11-10,2020-11-10,21.89,,23.08,worldgovernmentbonds,2026-08-01T18:05:45+00:00
cds_kr_5y,2020-11-11,2020-11-11,21.59,,21.89,worldgovernmentbonds,2026-08-01T18:05:45+00:00
cds_kr_5y,2020-11-12,2020-11-12,21.8,,21.59,worldgovernmentbonds,2026-08-01T18:05:45+00:00
cds_kr_5y,2020-11-13,2020-11-13,22.49,,21.8,worldgovernmentbonds,2026-08-01T18:05:45+00:00
cds_kr_5y,2020-11-16,2020-11-16,22.3,,22.49,worldgovernmentbonds,2026-08-01T18:05:45+00:00
cds_kr_5y,2020-11-17,2020-11-17,22.27,,22.3,worldgovernmentbonds,2026-08-01T18:05:45+00:00
cds_kr_5y,2020-11-18,2020-11-18,22.2,,22.27,worldgovernmentbonds,2026-08-01T18:05:45+00:00
cds_kr_5y,2020-11-19,2020-11-19,22.4,,22.2,worldgovernmentbonds,2026-08-01T18:05:45+00:00
cds_kr_5y,2020-11-20,2020-11-20,22.5,,22.4,worldgovernmentbonds,2026-08-01T18:05:45+00:00
cds_kr_5y,2020-11-23,2020-11-23,22.4,,22.5,worldgovernmentbonds,2026-08-01T18:05:45+00:00
cds_kr_5y,2020-11-24,2020-11-24,22.05,,22.4,worldgovernmentbonds,2026-08-01T18:05:45+00:00
cds_kr_5y,2020-11-25,2020-11-25,21.68,,22.05,worldgovernmentbonds,2026-08-01T18:05:45+00:00
cds_kr_5y,2020-11-26,2020-11-26,21.66,,21.68,worldgovernmentbonds,2026-08-01T18:05:45+00:00
cds_kr_5y,2020-11-27,2020-11-27,21.69,,21.66,worldgovernmentbonds,2026-08-01T18:05:45+00:00
cds_kr_5y,2020-11-30,2020-11-30,21.74,,21.69,worldgovernmentbonds,2026-08-01T18:05:45+00:00
cds_kr_5y,2020-12-01,2020-12-01,21.63,,21.74,worldgovernmentbonds,2026-08-01T18:05:45+00:00
cds_kr_5y,2020-12-02,2020-12-02,21.4,,21.63,worldgovernmentbonds,2026-08-01T18:05:45+00:00
cds_kr_5y,2020-12-03,2020-12-03,21.41,,21.4,worldgovernmentbonds,2026-08-01T18:05:45+00:00
cds_kr_5y,2020-12-04,2020-12-04,21.39,,21.41,worldgovernmentbonds,2026-08-01T18:05:45+00:00
cds_kr_5y,2020-12-07,2020-12-07,21.19,,21.39,worldgovernmentbonds,2026-08-01T18:05:45+00:00
cds_kr_5y,2020-12-08,2020-12-08,21.28,,21.19,worldgovernmentbonds,2026-08-01T18:05:45+00:00
cds_kr_5y,2020-12-09,2020-12-09,21.35,,21.28,worldgovernmentbonds,2026-08-01T18:05:45+00:00
cds_kr_5y,2020-12-10,2020-12-10,21.66,,21.35,worldgovernmentbonds,2026-08-01T18:05:45+00:00
cds_kr_5y,2020-12-11,2020-12-11,21.76,,21.66,worldgovernmentbonds,2026-08-01T18:05:45+00:00
cds_kr_5y,2020-12-14,2020-12-14,21.92,,21.76,worldgovernmentbonds,2026-08-01T18:05:45+00:00
cds_kr_5y,2020-12-15,2020-12-15,22.05,,21.92,worldgovernmentbonds,2026-08-01T18:05:45+00:00
cds_kr_5y,2020-12-16,2020-12-16,21.92,,22.05,worldgovernmentbonds,2026-08-01T18:05:45+00:00
cds_kr_5y,2020-12-17,2020-12-17,21.88,,21.92,worldgovernmentbonds,2026-08-01T18:05:45+00:00
cds_kr_5y,2020-12-18,2020-12-18,21.99,,21.88,worldgovernmentbonds,2026-08-01T18:05:45+00:00
cds_kr_5y,2020-12-21,2020-12-21,22.47,,21.99,worldgovernmentbonds,2026-08-01T18:05:45+00:00
cds_kr_5y,2020-12-22,2020-12-22,22.49,,22.47,worldgovernmentbonds,2026-08-01T18:05:45+00:00
cds_kr_5y,2020-12-23,2020-12-23,22.72,,22.49,worldgovernmentbonds,2026-08-01T18:05:45+00:00
cds_kr_5y,2020-12-24,2020-12-24,22.75,,22.72,worldgovernmentbonds,2026-08-01T18:05:45+00:00
cds_kr_5y,2020-12-25,2020-12-25,22.77,,22.75,worldgovernmentbonds,2026-08-01T18:05:45+00:00
cds_kr_5y,2020-12-28,2020-12-28,22.72,,22.77,worldgovernmentbonds,2026-08-01T18:05:45+00:00
cds_kr_5y,2020-12-29,2020-12-29,22.64,,22.72,worldgovernmentbonds,2026-08-01T18:05:45+00:00
cds_kr_5y,2020-12-30,2020-12-30,22.8,,22.64,worldgovernmentbonds,2026-08-01T18:05:45+00:00
cds_kr_5y,2020-12-31,2020-12-31,22.71,,22.8,worldgovernmentbonds,2026-08-01T18:05:45+00:00
cds_kr_5y,2021-01-01,2021-01-01,22.74,,22.71,worldgovernmentbonds,2026-08-01T18:05:45+00:00
cds_kr_5y,2021-01-04,2021-01-04,22.82,,22.74,worldgovernmentbonds,2026-08-01T18:05:45+00:00
cds_kr_5y,2021-01-05,2021-01-05,23.57,,22.82,worldgovernmentbonds,2026-08-01T18:05:45+00:00
cds_kr_5y,2021-01-06,2021-01-06,23.69,,23.57,worldgovernmentbonds,2026-08-01T18:05:45+00:00
cds_kr_5y,2021-01-07,2021-01-07,23.68,,23.69,worldgovernmentbonds,2026-08-01T18:05:45+00:00
cds_kr_5y,2021-01-08,2021-01-08,23.67,,23.68,worldgovernmentbonds,2026-08-01T18:05:45+00:00
cds_kr_5y,2021-01-11,2021-01-11,25.03,,23.67,worldgovernmentbonds,2026-08-01T18:05:45+00:00
cds_kr_5y,2021-01-12,2021-01-12,25.05,,25.03,worldgovernmentbonds,2026-08-01T18:05:45+00:00
cds_kr_5y,2021-01-13,2021-01-13,25.2,,25.05,worldgovernmentbonds,2026-08-01T18:05:45+00:00
cds_kr_5y,2021-01-14,2021-01-14,25.48,,25.2,worldgovernmentbonds,2026-08-01T18:05:45+00:00
cds_kr_5y,2021-01-15,2021-01-15,25.96,,25.48,worldgovernmentbonds,2026-08-01T18:05:45+00:00
cds_kr_5y,2021-01-18,2021-01-18,26.11,,25.96,worldgovernmentbonds,2026-08-01T18:05:45+00:00
cds_kr_5y,2021-01-19,2021-01-19,25.81,,26.11,worldgovernmentbonds,2026-08-01T18:05:45+00:00
cds_kr_5y,2021-01-20,2021-01-20,25.58,,25.81,worldgovernmentbonds,2026-08-01T18:05:45+00:00
cds_kr_5y,2021-01-21,2021-01-21,25.18,,25.58,worldgovernmentbonds,2026-08-01T18:05:45+00:00
cds_kr_5y,2021-01-22,2021-01-22,25.39,,25.18,worldgovernmentbonds,2026-08-01T18:05:45+00:00
cds_kr_5y,2021-01-25,2021-01-25,25.43,,25.39,worldgovernmentbonds,2026-08-01T18:05:45+00:00
cds_kr_5y,2021-01-26,2021-01-26,25.52,,25.43,worldgovernmentbonds,2026-08-01T18:05:45+00:00
cds_kr_5y,2021-01-27,2021-01-27,25.5,,25.52,worldgovernmentbonds,2026-08-01T18:05:45+00:00
cds_kr_5y,2021-01-28,2021-01-28,26.26,,25.5,worldgovernmentbonds,2026-08-01T18:05:45+00:00
cds_kr_5y,2021-01-29,2021-01-29,26.07,,26.26,worldgovernmentbonds,2026-08-01T18:05:45+00:00
cds_kr_5y,2021-02-01,2021-02-01,25.86,,26.07,worldgovernmentbonds,2026-08-01T18:05:45+00:00
cds_kr_5y,2021-02-02,2021-02-02,25.3,,25.86,worldgovernmentbonds,2026-08-01T18:05:45+00:00
cds_kr_5y,2021-02-03,2021-02-03,24.57,,25.3,worldgovernmentbonds,2026-08-01T18:05:45+00:00
cds_kr_5y,2021-02-04,2021-02-04,24.38,,24.57,worldgovernmentbonds,2026-08-01T18:05:45+00:00
cds_kr_5y,2021-02-05,2021-02-05,24.19,,24.38,worldgovernmentbonds,2026-08-01T18:05:45+00:00
cds_kr_5y,2021-02-08,2021-02-08,23.51,,24.19,worldgovernmentbonds,2026-08-01T18:05:45+00:00
cds_kr_5y,2021-02-09,2021-02-09,23.4,,23.51,worldgovernmentbonds,2026-08-01T18:05:45+00:00
cds_kr_5y,2021-02-10,2021-02-10,23.45,,23.4,worldgovernmentbonds,2026-08-01T18:05:45+00:00
cds_kr_5y,2021-02-11,2021-02-11,23.41,,23.45,worldgovernmentbonds,2026-08-01T18:05:45+00:00
cds_kr_5y,2021-02-12,2021-02-12,23.35,,23.41,worldgovernmentbonds,2026-08-01T18:05:45+00:00
cds_kr_5y,2021-02-15,2021-02-15,23.33,,23.35,worldgovernmentbonds,2026-08-01T18:05:45+00:00
cds_kr_5y,2021-02-16,2021-02-16,22.82,,23.33,worldgovernmentbonds,2026-08-01T18:05:45+00:00
cds_kr_5y,2021-02-17,2021-02-17,22.92,,22.82,worldgovernmentbonds,2026-08-01T18:05:45+00:00
cds_kr_5y,2021-02-18,2021-02-18,22.51,,22.92,worldgovernmentbonds,2026-08-01T18:05:45+00:00
cds_kr_5y,2021-02-19,2021-02-19,22.51,,22.51,worldgovernmentbonds,2026-08-01T18:05:45+00:00
cds_kr_5y,2021-02-22,2021-02-22,22.58,,22.51,worldgovernmentbonds,2026-08-01T18:05:45+00:00
cds_kr_5y,2021-02-23,2021-02-23,22.97,,22.58,worldgovernmentbonds,2026-08-01T18:05:45+00:00
cds_kr_5y,2021-02-24,2021-02-24,22.77,,22.97,worldgovernmentbonds,2026-08-01T18:05:45+00:00
cds_kr_5y,2021-02-25,2021-02-25,22.67,,22.77,worldgovernmentbonds,2026-08-01T18:05:45+00:00
cds_kr_5y,2021-02-26,2021-02-26,23.64,,22.67,worldgovernmentbonds,2026-08-01T18:05:45+00:00
cds_kr_5y,2021-03-01,2021-03-01,22.97,,23.64,worldgovernmentbonds,2026-08-01T18:05:45+00:00
cds_kr_5y,2021-03-02,2021-03-02,22.77,,22.97,worldgovernmentbonds,2026-08-01T18:05:45+00:00
cds_kr_5y,2021-03-03,2021-03-03,22.71,,22.77,worldgovernmentbonds,2026-08-01T18:05:45+00:00
cds_kr_5y,2021-03-04,2021-03-04,23.16,,22.71,worldgovernmentbonds,2026-08-01T18:05:45+00:00
cds_kr_5y,2021-03-05,2021-03-05,23.57,,23.16,worldgovernmentbonds,2026-08-01T18:05:45+00:00
cds_kr_5y,2021-03-08,2021-03-08,23.69,,23.57,worldgovernmentbonds,2026-08-01T18:05:45+00:00
cds_kr_5y,2021-03-09,2021-03-09,24.61,,23.69,worldgovernmentbonds,2026-08-01T18:05:45+00:00
cds_kr_5y,2021-03-10,2021-03-10,24.22,,24.61,worldgovernmentbonds,2026-08-01T18:05:45+00:00
cds_kr_5y,2021-03-11,2021-03-11,22.71,,24.22,worldgovernmentbonds,2026-08-01T18:05:45+00:00
cds_kr_5y,2021-03-12,2021-03-12,21.78,,22.71,worldgovernmentbonds,2026-08-01T18:05:45+00:00
cds_kr_5y,2021-03-15,2021-03-15,21.76,,21.78,worldgovernmentbonds,2026-08-01T18:05:45+00:00
cds_kr_5y,2021-03-16,2021-03-16,21.49,,21.76,worldgovernmentbonds,2026-08-01T18:05:45+00:00
cds_kr_5y,2021-03-17,2021-03-17,21.5,,21.49,worldgovernmentbonds,2026-08-01T18:05:45+00:00
cds_kr_5y,2021-03-18,2021-03-18,20.94,,21.5,worldgovernmentbonds,2026-08-01T18:05:45+00:00
cds_kr_5y,2021-03-19,2021-03-19,20.86,,20.94,worldgovernmentbonds,2026-08-01T18:05:45+00:00
cds_kr_5y,2021-03-22,2021-03-22,22.73,,20.86,worldgovernmentbonds,2026-08-01T18:05:45+00:00
cds_kr_5y,2021-03-23,2021-03-23,22.48,,22.73,worldgovernmentbonds,2026-08-01T18:05:45+00:00
cds_kr_5y,2021-03-24,2021-03-24,22.59,,22.48,worldgovernmentbonds,2026-08-01T18:05:45+00:00
cds_kr_5y,2021-03-25,2021-03-25,22.61,,22.59,worldgovernmentbonds,2026-08-01T18:05:45+00:00
cds_kr_5y,2021-03-26,2021-03-26,22.59,,22.61,worldgovernmentbonds,2026-08-01T18:05:45+00:00
cds_kr_5y,2021-03-29,2021-03-29,22.6,,22.59,worldgovernmentbonds,2026-08-01T18:05:45+00:00
cds_kr_5y,2021-03-30,2021-03-30,22.92,,22.6,worldgovernmentbonds,2026-08-01T18:05:45+00:00
cds_kr_5y,2021-03-31,2021-03-31,22.98,,22.92,worldgovernmentbonds,2026-08-01T18:05:45+00:00
cds_kr_5y,2021-04-01,2021-04-01,22.65,,22.98,worldgovernmentbonds,2026-08-01T18:05:45+00:00
cds_kr_5y,2021-04-02,2021-04-02,22.6,,22.65,worldgovernmentbonds,2026-08-01T18:05:45+00:00
cds_kr_5y,2021-04-05,2021-04-05,22.64,,22.6,worldgovernmentbonds,2026-08-01T18:05:45+00:00
cds_kr_5y,2021-04-06,2021-04-06,22.59,,22.64,worldgovernmentbonds,2026-08-01T18:05:45+00:00
cds_kr_5y,2021-04-07,2021-04-07,22.63,,22.59,worldgovernmentbonds,2026-08-01T18:05:45+00:00
cds_kr_5y,2021-04-08,2021-04-08,22.61,,22.63,worldgovernmentbonds,2026-08-01T18:05:45+00:00
cds_kr_5y,2021-04-09,2021-04-09,22.47,,22.61,worldgovernmentbonds,2026-08-01T18:05:45+00:00
cds_kr_5y,2021-04-12,2021-04-12,22.4,,22.47,worldgovernmentbonds,2026-08-01T18:05:45+00:00
cds_kr_5y,2021-04-13,2021-04-13,22.38,,22.4,worldgovernmentbonds,2026-08-01T18:05:45+00:00
cds_kr_5y,2021-04-14,2021-04-14,22.3,,22.38,worldgovernmentbonds,2026-08-01T18:05:45+00:00
cds_kr_5y,2021-04-15,2021-04-15,22.24,,22.3,worldgovernmentbonds,2026-08-01T18:05:45+00:00
cds_kr_5y,2021-04-16,2021-04-16,22.07,,22.24,worldgovernmentbonds,2026-08-01T18:05:45+00:00
cds_kr_5y,2021-04-19,2021-04-19,21.36,,22.07,worldgovernmentbonds,2026-08-01T18:05:45+00:00
cds_kr_5y,2021-04-20,2021-04-20,21.38,,21.36,worldgovernmentbonds,2026-08-01T18:05:45+00:00
cds_kr_5y,2021-04-21,2021-04-21,21.35,,21.38,worldgovernmentbonds,2026-08-01T18:05:45+00:00
cds_kr_5y,2021-04-22,2021-04-22,21.25,,21.35,worldgovernmentbonds,2026-08-01T18:05:45+00:00
cds_kr_5y,2021-04-23,2021-04-23,21.32,,21.25,worldgovernmentbonds,2026-08-01T18:05:45+00:00
cds_kr_5y,2021-04-26,2021-04-26,21.36,,21.32,worldgovernmentbonds,2026-08-01T18:05:45+00:00
cds_kr_5y,2021-04-27,2021-04-27,21.05,,21.36,worldgovernmentbonds,2026-08-01T18:05:45+00:00
cds_kr_5y,2021-04-28,2021-04-28,21.05,,21.05,worldgovernmentbonds,2026-08-01T18:05:45+00:00
cds_kr_5y,2021-04-29,2021-04-29,20.59,,21.05,worldgovernmentbonds,2026-08-01T18:05:45+00:00
cds_kr_5y,2021-04-30,2021-04-30,20.63,,20.59,worldgovernmentbonds,2026-08-01T18:05:45+00:00
cds_kr_5y,2021-05-03,2021-05-03,20.45,,20.63,worldgovernmentbonds,2026-08-01T18:05:45+00:00
cds_kr_5y,2021-05-04,2021-05-04,20.28,,20.45,worldgovernmentbonds,2026-08-01T18:05:45+00:00
cds_kr_5y,2021-05-05,2021-05-05,19.8,,20.28,worldgovernmentbonds,2026-08-01T18:05:45+00:00
cds_kr_5y,2021-05-06,2021-05-06,19.88,,19.8,worldgovernmentbonds,2026-08-01T18:05:45+00:00
cds_kr_5y,2021-05-07,2021-05-07,19.94,,19.88,worldgovernmentbonds,2026-08-01T18:05:45+00:00
cds_kr_5y,2021-05-10,2021-05-10,19.81,,19.94,worldgovernmentbonds,2026-08-01T18:05:45+00:00
cds_kr_5y,2021-05-11,2021-05-11,19.59,,19.81,worldgovernmentbonds,2026-08-01T18:05:45+00:00
cds_kr_5y,2021-05-12,2021-05-12,19.48,,19.59,worldgovernmentbonds,2026-08-01T18:05:45+00:00
cds_kr_5y,2021-05-13,2021-05-13,19.61,,19.48,worldgovernmentbonds,2026-08-01T18:05:45+00:00
cds_kr_5y,2021-05-14,2021-05-14,19.48,,19.61,worldgovernmentbonds,2026-08-01T18:05:45+00:00
cds_kr_5y,2021-05-17,2021-05-17,19.32,,19.48,worldgovernmentbonds,2026-08-01T18:05:45+00:00
cds_kr_5y,2021-05-18,2021-05-18,19.32,,19.32,worldgovernmentbonds,2026-08-01T18:05:45+00:00
cds_kr_5y,2021-05-19,2021-05-19,19.31,,19.32,worldgovernmentbonds,2026-08-01T18:05:45+00:00
cds_kr_5y,2021-05-20,2021-05-20,19.32,,19.31,worldgovernmentbonds,2026-08-01T18:05:45+00:00
cds_kr_5y,2021-05-21,2021-05-21,19.31,,19.32,worldgovernmentbonds,2026-08-01T18:05:45+00:00
cds_kr_5y,2021-05-24,2021-05-24,19.21,,19.31,worldgovernmentbonds,2026-08-01T18:05:45+00:00
cds_kr_5y,2021-05-25,2021-05-25,19.2,,19.21,worldgovernmentbonds,2026-08-01T18:05:45+00:00
cds_kr_5y,2021-05-26,2021-05-26,19.1,,19.2,worldgovernmentbonds,2026-08-01T18:05:45+00:00
cds_kr_5y,2021-05-27,2021-05-27,19.09,,19.1,worldgovernmentbonds,2026-08-01T18:05:45+00:00
cds_kr_5y,2021-05-28,2021-05-28,19.04,,19.09,worldgovernmentbonds,2026-08-01T18:05:45+00:00
cds_kr_5y,2021-05-31,2021-05-31,19.07,,19.04,worldgovernmentbonds,2026-08-01T18:05:45+00:00
cds_kr_5y,2021-06-01,2021-06-01,18.96,,19.07,worldgovernmentbonds,2026-08-01T18:05:45+00:00
cds_kr_5y,2021-06-02,2021-06-02,18.98,,18.96,worldgovernmentbonds,2026-08-01T18:05:45+00:00
cds_kr_5y,2021-06-03,2021-06-03,18.94,,18.98,worldgovernmentbonds,2026-08-01T18:05:45+00:00
cds_kr_5y,2021-06-04,2021-06-04,18.9,,18.94,worldgovernmentbonds,2026-08-01T18:05:45+00:00
cds_kr_5y,2021-06-07,2021-06-07,18.93,,18.9,worldgovernmentbonds,2026-08-01T18:05:45+00:00
cds_kr_5y,2021-06-08,2021-06-08,18.89,,18.93,worldgovernmentbonds,2026-08-01T18:05:45+00:00
cds_kr_5y,2021-06-09,2021-06-09,18.86,,18.89,worldgovernmentbonds,2026-08-01T18:05:45+00:00
cds_kr_5y,2021-06-10,2021-06-10,18.73,,18.86,worldgovernmentbonds,2026-08-01T18:05:45+00:00
cds_kr_5y,2021-06-11,2021-06-11,18.73,,18.73,worldgovernmentbonds,2026-08-01T18:05:45+00:00
cds_kr_5y,2021-06-14,2021-06-14,18.73,,18.73,worldgovernmentbonds,2026-08-01T18:05:45+00:00
cds_kr_5y,2021-06-15,2021-06-15,18.74,,18.73,worldgovernmentbonds,2026-08-01T18:05:45+00:00
cds_kr_5y,2021-06-16,2021-06-16,18.73,,18.74,worldgovernmentbonds,2026-08-01T18:05:45+00:00
cds_kr_5y,2021-06-17,2021-06-17,18.97,,18.73,worldgovernmentbonds,2026-08-01T18:05:45+00:00
cds_kr_5y,2021-06-18,2021-06-18,18.89,,18.97,worldgovernmentbonds,2026-08-01T18:05:45+00:00
cds_kr_5y,2021-06-21,2021-06-21,19.01,,18.89,worldgovernmentbonds,2026-08-01T18:05:45+00:00
cds_kr_5y,2021-06-22,2021-06-22,18.92,,19.01,worldgovernmentbonds,2026-08-01T18:05:45+00:00
cds_kr_5y,2021-06-23,2021-06-23,18.94,,18.92,worldgovernmentbonds,2026-08-01T18:05:45+00:00
cds_kr_5y,2021-06-24,2021-06-24,18.82,,18.94,worldgovernmentbonds,2026-08-01T18:05:45+00:00
cds_kr_5y,2021-06-25,2021-06-25,18.75,,18.82,worldgovernmentbonds,2026-08-01T18:05:45+00:00
cds_kr_5y,2021-06-28,2021-06-28,18.65,,18.75,worldgovernmentbonds,2026-08-01T18:05:45+00:00
cds_kr_5y,2021-06-29,2021-06-29,18.66,,18.65,worldgovernmentbonds,2026-08-01T18:05:45+00:00
cds_kr_5y,2021-06-30,2021-06-30,18.68,,18.66,worldgovernmentbonds,2026-08-01T18:05:45+00:00
cds_kr_5y,2021-07-01,2021-07-01,18.69,,18.68,worldgovernmentbonds,2026-08-01T18:05:45+00:00
cds_kr_5y,2021-07-02,2021-07-02,18.71,,18.69,worldgovernmentbonds,2026-08-01T18:05:45+00:00
cds_kr_5y,2021-07-05,2021-07-05,18.65,,18.71,worldgovernmentbonds,2026-08-01T18:05:45+00:00
cds_kr_5y,2021-07-06,2021-07-06,18.62,,18.65,worldgovernmentbonds,2026-08-01T18:05:45+00:00
cds_kr_5y,2021-07-07,2021-07-07,18.65,,18.62,worldgovernmentbonds,2026-08-01T18:05:45+00:00
cds_kr_5y,2021-07-08,2021-07-08,18.84,,18.65,worldgovernmentbonds,2026-08-01T18:05:45+00:00
cds_kr_5y,2021-07-09,2021-07-09,18.69,,18.84,worldgovernmentbonds,2026-08-01T18:05:45+00:00
cds_kr_5y,2021-07-12,2021-07-12,18.78,,18.69,worldgovernmentbonds,2026-08-01T18:05:45+00:00
cds_kr_5y,2021-07-13,2021-07-13,18.73,,18.78,worldgovernmentbonds,2026-08-01T18:05:45+00:00
cds_kr_5y,2021-07-14,2021-07-14,18.83,,18.73,worldgovernmentbonds,2026-08-01T18:05:45+00:00
cds_kr_5y,2021-07-15,2021-07-15,18.82,,18.83,worldgovernmentbonds,2026-08-01T18:05:45+00:00
cds_kr_5y,2021-07-16,2021-07-16,18.84,,18.82,worldgovernmentbonds,2026-08-01T18:05:45+00:00
cds_kr_5y,2021-07-19,2021-07-19,19.08,,18.84,worldgovernmentbonds,2026-08-01T18:05:45+00:00
cds_kr_5y,2021-07-20,2021-07-20,19.43,,19.08,worldgovernmentbonds,2026-08-01T18:05:45+00:00
cds_kr_5y,2021-07-21,2021-07-21,19.29,,19.43,worldgovernmentbonds,2026-08-01T18:05:45+00:00
cds_kr_5y,2021-07-22,2021-07-22,19.24,,19.29,worldgovernmentbonds,2026-08-01T18:05:45+00:00
cds_kr_5y,2021-07-23,2021-07-23,19.25,,19.24,worldgovernmentbonds,2026-08-01T18:05:45+00:00
cds_kr_5y,2021-07-26,2021-07-26,19.28,,19.25,worldgovernmentbonds,2026-08-01T18:05:45+00:00
cds_kr_5y,2021-07-27,2021-07-27,19.49,,19.28,worldgovernmentbonds,2026-08-01T18:05:45+00:00
cds_kr_5y,2021-07-28,2021-07-28,19.43,,19.49,worldgovernmentbonds,2026-08-01T18:05:45+00:00
cds_kr_5y,2021-07-29,2021-07-29,19.16,,19.43,worldgovernmentbonds,2026-08-01T18:05:45+00:00
cds_kr_5y,2021-07-30,2021-07-30,19.22,,19.16,worldgovernmentbonds,2026-08-01T18:05:45+00:00
cds_kr_5y,2021-08-02,2021-08-02,19.22,,19.22,worldgovernmentbonds,2026-08-01T18:05:45+00:00
cds_kr_5y,2021-08-03,2021-08-03,19.04,,19.22,worldgovernmentbonds,2026-08-01T18:05:45+00:00
cds_kr_5y,2021-08-04,2021-08-04,19.08,,19.04,worldgovernmentbonds,2026-08-01T18:05:45+00:00
cds_kr_5y,2021-08-05,2021-08-05,19.0,,19.08,worldgovernmentbonds,2026-08-01T18:05:45+00:00
cds_kr_5y,2021-08-06,2021-08-06,19.0,,19.0,worldgovernmentbonds,2026-08-01T18:05:45+00:00
cds_kr_5y,2021-08-09,2021-08-09,19.01,,19.0,worldgovernmentbonds,2026-08-01T18:05:45+00:00
cds_kr_5y,2021-08-10,2021-08-10,18.81,,19.01,worldgovernmentbonds,2026-08-01T18:05:45+00:00
cds_kr_5y,2021-08-11,2021-08-11,18.78,,18.81,worldgovernmentbonds,2026-08-01T18:05:45+00:00
cds_kr_5y,2021-08-12,2021-08-12,18.69,,18.78,worldgovernmentbonds,2026-08-01T18:05:45+00:00
cds_kr_5y,2021-08-13,2021-08-13,18.54,,18.69,worldgovernmentbonds,2026-08-01T18:05:45+00:00
cds_kr_5y,2021-08-16,2021-08-16,18.56,,18.54,worldgovernmentbonds,2026-08-01T18:05:45+00:00
cds_kr_5y,2021-08-17,2021-08-17,18.64,,18.56,worldgovernmentbonds,2026-08-01T18:05:45+00:00
cds_kr_5y,2021-08-18,2021-08-18,18.69,,18.64,worldgovernmentbonds,2026-08-01T18:05:45+00:00
cds_kr_5y,2021-08-19,2021-08-19,18.74,,18.69,worldgovernmentbonds,2026-08-01T18:05:45+00:00
cds_kr_5y,2021-08-20,2021-08-20,18.76,,18.74,worldgovernmentbonds,2026-08-01T18:05:45+00:00
cds_kr_5y,2021-08-23,2021-08-23,18.68,,18.76,worldgovernmentbonds,2026-08-01T18:05:45+00:00
cds_kr_5y,2021-08-24,2021-08-24,18.65,,18.68,worldgovernmentbonds,2026-08-01T18:05:45+00:00
cds_kr_5y,2021-08-25,2021-08-25,18.68,,18.65,worldgovernmentbonds,2026-08-01T18:05:45+00:00
cds_kr_5y,2021-08-26,2021-08-26,18.53,,18.68,worldgovernmentbonds,2026-08-01T18:05:45+00:00
cds_kr_5y,2021-08-27,2021-08-27,18.54,,18.53,worldgovernmentbonds,2026-08-01T18:05:45+00:00
cds_kr_5y,2021-08-30,2021-08-30,18.45,,18.54,worldgovernmentbonds,2026-08-01T18:05:45+00:00
cds_kr_5y,2021-08-31,2021-08-31,18.29,,18.45,worldgovernmentbonds,2026-08-01T18:05:45+00:00
cds_kr_5y,2021-09-01,2021-09-01,18.09,,18.29,worldgovernmentbonds,2026-08-01T18:05:45+00:00
cds_kr_5y,2021-09-02,2021-09-02,18.19,,18.09,worldgovernmentbonds,2026-08-01T18:05:45+00:00
cds_kr_5y,2021-09-03,2021-09-03,18.27,,18.19,worldgovernmentbonds,2026-08-01T18:05:45+00:00
cds_kr_5y,2021-09-06,2021-09-06,18.19,,18.27,worldgovernmentbonds,2026-08-01T18:05:45+00:00
cds_kr_5y,2021-09-07,2021-09-07,18.12,,18.19,worldgovernmentbonds,2026-08-01T18:05:45+00:00
cds_kr_5y,2021-09-08,2021-09-08,18.07,,18.12,worldgovernmentbonds,2026-08-01T18:05:45+00:00
cds_kr_5y,2021-09-09,2021-09-09,18.15,,18.07,worldgovernmentbonds,2026-08-01T18:05:45+00:00
cds_kr_5y,2021-09-10,2021-09-10,18.0,,18.15,worldgovernmentbonds,2026-08-01T18:05:45+00:00
cds_kr_5y,2021-09-13,2021-09-13,17.99,,18.0,worldgovernmentbonds,2026-08-01T18:05:45+00:00
cds_kr_5y,2021-09-14,2021-09-14,17.94,,17.99,worldgovernmentbonds,2026-08-01T18:05:45+00:00
cds_kr_5y,2021-09-15,2021-09-15,18.01,,17.94,worldgovernmentbonds,2026-08-01T18:05:45+00:00
cds_kr_5y,2021-09-16,2021-09-16,18.03,,18.01,worldgovernmentbonds,2026-08-01T18:05:45+00:00
cds_kr_5y,2021-09-17,2021-09-17,18.1,,18.03,worldgovernmentbonds,2026-08-01T18:05:45+00:00
cds_kr_5y,2021-09-20,2021-09-20,19.91,,18.1,worldgovernmentbonds,2026-08-01T18:05:45+00:00
cds_kr_5y,2021-09-21,2021-09-21,19.69,,19.91,worldgovernmentbonds,2026-08-01T18:05:45+00:00
cds_kr_5y,2021-09-22,2021-09-22,19.75,,19.69,worldgovernmentbonds,2026-08-01T18:05:45+00:00
cds_kr_5y,2021-09-23,2021-09-23,19.5,,19.75,worldgovernmentbonds,2026-08-01T18:05:45+00:00
cds_kr_5y,2021-09-24,2021-09-24,19.64,,19.5,worldgovernmentbonds,2026-08-01T18:05:45+00:00
cds_kr_5y,2021-09-27,2021-09-27,19.62,,19.64,worldgovernmentbonds,2026-08-01T18:05:45+00:00
cds_kr_5y,2021-09-28,2021-09-28,19.76,,19.62,worldgovernmentbonds,2026-08-01T18:05:45+00:00
cds_kr_5y,2021-09-29,2021-09-29,20.05,,19.76,worldgovernmentbonds,2026-08-01T18:05:45+00:00
cds_kr_5y,2021-09-30,2021-09-30,20.07,,20.05,worldgovernmentbonds,2026-08-01T18:05:45+00:00
cds_kr_5y,2021-10-01,2021-10-01,20.15,,20.07,worldgovernmentbonds,2026-08-01T18:05:45+00:00
cds_kr_5y,2021-10-04,2021-10-04,20.17,,20.15,worldgovernmentbonds,2026-08-01T18:05:45+00:00
cds_kr_5y,2021-10-05,2021-10-05,20.73,,20.17,worldgovernmentbonds,2026-08-01T18:05:45+00:00
cds_kr_5y,2021-10-06,2021-10-06,21.15,,20.73,worldgovernmentbonds,2026-08-01T18:05:45+00:00
cds_kr_5y,2021-10-07,2021-10-07,20.94,,21.15,worldgovernmentbonds,2026-08-01T18:05:45+00:00
cds_kr_5y,2021-10-08,2021-10-08,21.17,,20.94,worldgovernmentbonds,2026-08-01T18:05:45+00:00
cds_kr_5y,2021-10-11,2021-10-11,21.67,,21.17,worldgovernmentbonds,2026-08-01T18:05:45+00:00
cds_kr_5y,2021-10-12,2021-10-12,21.5,,21.67,worldgovernmentbonds,2026-08-01T18:05:45+00:00
cds_kr_5y,2021-10-13,2021-10-13,22.14,,21.5,worldgovernmentbonds,2026-08-01T18:05:45+00:00
cds_kr_5y,2021-10-14,2021-10-14,22.23,,22.14,worldgovernmentbonds,2026-08-01T18:05:45+00:00
cds_kr_5y,2021-10-15,2021-10-15,20.51,,22.23,worldgovernmentbonds,2026-08-01T18:05:45+00:00
cds_kr_5y,2021-10-18,2021-10-18,20.42,,20.51,worldgovernmentbonds,2026-08-01T18:05:45+00:00
cds_kr_5y,2021-10-19,2021-10-19,20.42,,20.42,worldgovernmentbonds,2026-08-01T18:05:45+00:00
cds_kr_5y,2021-10-20,2021-10-20,20.05,,20.42,worldgovernmentbonds,2026-08-01T18:05:45+00:00
cds_kr_5y,2021-10-21,2021-10-21,19.86,,20.05,worldgovernmentbonds,2026-08-01T18:05:45+00:00
cds_kr_5y,2021-10-22,2021-10-22,19.76,,19.86,worldgovernmentbonds,2026-08-01T18:05:45+00:00
cds_kr_5y,2021-10-25,2021-10-25,19.6,,19.76,worldgovernmentbonds,2026-08-01T18:05:45+00:00
cds_kr_5y,2021-10-26,2021-10-26,19.46,,19.6,worldgovernmentbonds,2026-08-01T18:05:45+00:00
cds_kr_5y,2021-10-27,2021-10-27,19.31,,19.46,worldgovernmentbonds,2026-08-01T18:05:45+00:00
cds_kr_5y,2021-10-28,2021-10-28,19.18,,19.31,worldgovernmentbonds,2026-08-01T18:05:45+00:00
cds_kr_5y,2021-10-29,2021-10-29,19.29,,19.18,worldgovernmentbonds,2026-08-01T18:05:45+00:00
cds_kr_5y,2021-11-01,2021-11-01,19.33,,19.29,worldgovernmentbonds,2026-08-01T18:05:45+00:00
cds_kr_5y,2021-11-02,2021-11-02,19.75,,19.33,worldgovernmentbonds,2026-08-01T18:05:45+00:00
cds_kr_5y,2021-11-03,2021-11-03,19.4,,19.75,worldgovernmentbonds,2026-08-01T18:05:45+00:00
cds_kr_5y,2021-11-04,2021-11-04,19.23,,19.4,worldgovernmentbonds,2026-08-01T18:05:45+00:00
cds_kr_5y,2021-11-05,2021-11-05,19.57,,19.23,worldgovernmentbonds,2026-08-01T18:05:45+00:00
cds_kr_5y,2021-11-08,2021-11-08,19.68,,19.57,worldgovernmentbonds,2026-08-01T18:05:45+00:00
cds_kr_5y,2021-11-09,2021-11-09,19.89,,19.68,worldgovernmentbonds,2026-08-01T18:05:45+00:00
cds_kr_5y,2021-11-10,2021-11-10,19.67,,19.89,worldgovernmentbonds,2026-08-01T18:05:45+00:00
cds_kr_5y,2021-11-11,2021-11-11,19.65,,19.67,worldgovernmentbonds,2026-08-01T18:05:45+00:00
cds_kr_5y,2021-11-12,2021-11-12,19.54,,19.65,worldgovernmentbonds,2026-08-01T18:05:45+00:00
cds_kr_5y,2021-11-15,2021-11-15,19.41,,19.54,worldgovernmentbonds,2026-08-01T18:05:45+00:00
cds_kr_5y,2021-11-16,2021-11-16,19.39,,19.41,worldgovernmentbonds,2026-08-01T18:05:45+00:00
cds_kr_5y,2021-11-17,2021-11-17,19.43,,19.39,worldgovernmentbonds,2026-08-01T18:05:45+00:00
cds_kr_5y,2021-11-18,2021-11-18,19.41,,19.43,worldgovernmentbonds,2026-08-01T18:05:45+00:00
cds_kr_5y,2021-11-19,2021-11-19,19.43,,19.41,worldgovernmentbonds,2026-08-01T18:05:45+00:00
cds_kr_5y,2021-11-22,2021-11-22,19.32,,19.43,worldgovernmentbonds,2026-08-01T18:05:45+00:00
cds_kr_5y,2021-11-23,2021-11-23,19.38,,19.32,worldgovernmentbonds,2026-08-01T18:05:45+00:00
cds_kr_5y,2021-11-24,2021-11-24,19.56,,19.38,worldgovernmentbonds,2026-08-01T18:05:45+00:00
cds_kr_5y,2021-11-25,2021-11-25,19.52,,19.56,worldgovernmentbonds,2026-08-01T18:05:45+00:00
cds_kr_5y,2021-11-26,2021-11-26,20.4,,19.52,worldgovernmentbonds,2026-08-01T18:05:45+00:00
cds_kr_5y,2021-11-29,2021-11-29,20.03,,20.4,worldgovernmentbonds,2026-08-01T18:05:45+00:00
cds_kr_5y,2021-11-30,2021-11-30,20.7,,20.03,worldgovernmentbonds,2026-08-01T18:05:45+00:00
cds_kr_5y,2021-12-01,2021-12-01,21.22,,20.7,worldgovernmentbonds,2026-08-01T18:05:45+00:00
cds_kr_5y,2021-12-02,2021-12-02,21.33,,21.22,worldgovernmentbonds,2026-08-01T18:05:45+00:00
cds_kr_5y,2021-12-03,2021-12-03,21.34,,21.33,worldgovernmentbonds,2026-08-01T18:05:45+00:00
cds_kr_5y,2021-12-06,2021-12-06,21.46,,21.34,worldgovernmentbonds,2026-08-01T18:05:45+00:00
cds_kr_5y,2021-12-07,2021-12-07,21.35,,21.46,worldgovernmentbonds,2026-08-01T18:05:45+00:00
cds_kr_5y,2021-12-08,2021-12-08,21.48,,21.35,worldgovernmentbonds,2026-08-01T18:05:45+00:00
cds_kr_5y,2021-12-09,2021-12-09,21.49,,21.48,worldgovernmentbonds,2026-08-01T18:05:45+00:00
cds_kr_5y,2021-12-10,2021-12-10,21.43,,21.49,worldgovernmentbonds,2026-08-01T18:05:45+00:00
cds_kr_5y,2021-12-13,2021-12-13,21.37,,21.43,worldgovernmentbonds,2026-08-01T18:05:45+00:00
cds_kr_5y,2021-12-14,2021-12-14,21.42,,21.37,worldgovernmentbonds,2026-08-01T18:05:45+00:00
cds_kr_5y,2021-12-15,2021-12-15,21.64,,21.42,worldgovernmentbonds,2026-08-01T18:05:45+00:00
cds_kr_5y,2021-12-16,2021-12-16,21.63,,21.64,worldgovernmentbonds,2026-08-01T18:05:45+00:00
cds_kr_5y,2021-12-17,2021-12-17,21.63,,21.63,worldgovernmentbonds,2026-08-01T18:05:45+00:00
cds_kr_5y,2021-12-20,2021-12-20,21.82,,21.63,worldgovernmentbonds,2026-08-01T18:05:45+00:00
cds_kr_5y,2021-12-21,2021-12-21,21.94,,21.82,worldgovernmentbonds,2026-08-01T18:05:45+00:00
cds_kr_5y,2021-12-22,2021-12-22,22.02,,21.94,worldgovernmentbonds,2026-08-01T18:05:45+00:00
cds_kr_5y,2021-12-23,2021-12-23,21.74,,22.02,worldgovernmentbonds,2026-08-01T18:05:45+00:00
cds_kr_5y,2021-12-24,2021-12-24,21.86,,21.74,worldgovernmentbonds,2026-08-01T18:05:45+00:00
cds_kr_5y,2021-12-27,2021-12-27,22.04,,21.86,worldgovernmentbonds,2026-08-01T18:05:45+00:00
cds_kr_5y,2021-12-28,2021-12-28,21.96,,22.04,worldgovernmentbonds,2026-08-01T18:05:45+00:00
cds_kr_5y,2021-12-29,2021-12-29,21.96,,21.96,worldgovernmentbonds,2026-08-01T18:05:45+00:00
cds_kr_5y,2021-12-30,2021-12-30,22.06,,21.96,worldgovernmentbonds,2026-08-01T18:05:45+00:00
cds_kr_5y,2021-12-31,2021-12-31,21.97,,22.06,worldgovernmentbonds,2026-08-01T18:05:45+00:00
cds_kr_5y,2022-01-03,2022-01-03,21.63,,21.97,worldgovernmentbonds,2026-08-01T18:05:45+00:00
cds_kr_5y,2022-01-04,2022-01-04,21.76,,21.63,worldgovernmentbonds,2026-08-01T18:05:45+00:00
cds_kr_5y,2022-01-05,2022-01-05,22.44,,21.76,worldgovernmentbonds,2026-08-01T18:05:45+00:00
cds_kr_5y,2022-01-06,2022-01-06,23.69,,22.44,worldgovernmentbonds,2026-08-01T18:05:45+00:00
cds_kr_5y,2022-01-07,2022-01-07,23.79,,23.69,worldgovernmentbonds,2026-08-01T18:05:45+00:00
cds_kr_5y,2022-01-10,2022-01-10,23.71,,23.79,worldgovernmentbonds,2026-08-01T18:05:45+00:00
cds_kr_5y,2022-01-11,2022-01-11,23.6,,23.71,worldgovernmentbonds,2026-08-01T18:05:45+00:00
cds_kr_5y,2022-01-12,2022-01-12,23.34,,23.6,worldgovernmentbonds,2026-08-01T18:05:45+00:00
cds_kr_5y,2022-01-13,2022-01-13,23.45,,23.34,worldgovernmentbonds,2026-08-01T18:05:45+00:00
cds_kr_5y,2022-01-14,2022-01-14,23.68,,23.45,worldgovernmentbonds,2026-08-01T18:05:45+00:00
cds_kr_5y,2022-01-17,2022-01-17,23.8,,23.68,worldgovernmentbonds,2026-08-01T18:05:45+00:00
cds_kr_5y,2022-01-18,2022-01-18,23.59,,23.8,worldgovernmentbonds,2026-08-01T18:05:45+00:00
cds_kr_5y,2022-01-19,2022-01-19,23.57,,23.59,worldgovernmentbonds,2026-08-01T18:05:45+00:00
cds_kr_5y,2022-01-20,2022-01-20,23.56,,23.57,worldgovernmentbonds,2026-08-01T18:05:45+00:00
cds_kr_5y,2022-01-21,2022-01-21,23.86,,23.56,worldgovernmentbonds,2026-08-01T18:05:45+00:00
cds_kr_5y,2022-01-24,2022-01-24,24.38,,23.86,worldgovernmentbonds,2026-08-01T18:05:45+00:00
cds_kr_5y,2022-01-25,2022-01-25,24.7,,24.38,worldgovernmentbonds,2026-08-01T18:05:45+00:00
cds_kr_5y,2022-01-26,2022-01-26,24.39,,24.7,worldgovernmentbonds,2026-08-01T18:05:45+00:00
cds_kr_5y,2022-01-27,2022-01-27,24.75,,24.39,worldgovernmentbonds,2026-08-01T18:05:45+00:00
cds_kr_5y,2022-01-28,2022-01-28,24.97,,24.75,worldgovernmentbonds,2026-08-01T18:05:45+00:00
cds_kr_5y,2022-01-31,2022-01-31,25.53,,24.97,worldgovernmentbonds,2026-08-01T18:05:45+00:00
cds_kr_5y,2022-02-01,2022-02-01,25.6,,25.53,worldgovernmentbonds,2026-08-01T18:05:45+00:00
cds_kr_5y,2022-02-02,2022-02-02,25.55,,25.6,worldgovernmentbonds,2026-08-01T18:05:45+00:00
cds_kr_5y,2022-02-03,2022-02-03,25.5,,25.55,worldgovernmentbonds,2026-08-01T18:05:45+00:00
cds_kr_5y,2022-02-04,2022-02-04,25.71,,25.5,worldgovernmentbonds,2026-08-01T18:05:45+00:00
cds_kr_5y,2022-02-07,2022-02-07,26.89,,25.71,worldgovernmentbonds,2026-08-01T18:05:45+00:00
cds_kr_5y,2022-02-08,2022-02-08,27.15,,26.89,worldgovernmentbonds,2026-08-01T18:05:45+00:00
cds_kr_5y,2022-02-09,2022-02-09,27.12,,27.15,worldgovernmentbonds,2026-08-01T18:05:45+00:00
cds_kr_5y,2022-02-10,2022-02-10,26.69,,27.12,worldgovernmentbonds,2026-08-01T18:05:45+00:00
cds_kr_5y,2022-02-11,2022-02-11,27.33,,26.69,worldgovernmentbonds,2026-08-01T18:05:45+00:00
cds_kr_5y,2022-02-14,2022-02-14,27.91,,27.33,worldgovernmentbonds,2026-08-01T18:05:45+00:00
cds_kr_5y,2022-02-15,2022-02-15,27.91,,27.91,worldgovernmentbonds,2026-08-01T18:05:45+00:00
cds_kr_5y,2022-02-16,2022-02-16,27.78,,27.91,worldgovernmentbonds,2026-08-01T18:05:45+00:00
cds_kr_5y,2022-02-17,2022-02-17,27.84,,27.78,worldgovernmentbonds,2026-08-01T18:05:45+00:00
cds_kr_5y,2022-02-18,2022-02-18,27.76,,27.84,worldgovernmentbonds,2026-08-01T18:05:45+00:00
cds_kr_5y,2022-02-21,2022-02-21,27.77,,27.76,worldgovernmentbonds,2026-08-01T18:05:45+00:00
cds_kr_5y,2022-02-22,2022-02-22,28.51,,27.77,worldgovernmentbonds,2026-08-01T18:05:45+00:00
cds_kr_5y,2022-02-23,2022-02-23,27.86,,28.51,worldgovernmentbonds,2026-08-01T18:05:45+00:00
cds_kr_5y,2022-02-24,2022-02-24,28.83,,27.86,worldgovernmentbonds,2026-08-01T18:05:45+00:00
cds_kr_5y,2022-02-25,2022-02-25,28.87,,28.83,worldgovernmentbonds,2026-08-01T18:05:45+00:00
cds_kr_5y,2022-02-28,2022-02-28,31.73,,28.87,worldgovernmentbonds,2026-08-01T18:05:45+00:00
cds_kr_5y,2022-03-01,2022-03-01,30.79,,31.73,worldgovernmentbonds,2026-08-01T18:05:45+00:00
cds_kr_5y,2022-03-02,2022-03-02,31.03,,30.79,worldgovernmentbonds,2026-08-01T18:05:45+00:00
cds_kr_5y,2022-03-03,2022-03-03,29.91,,31.03,worldgovernmentbonds,2026-08-01T18:05:45+00:00
cds_kr_5y,2022-03-04,2022-03-04,31.11,,29.91,worldgovernmentbonds,2026-08-01T18:05:45+00:00
cds_kr_5y,2022-03-07,2022-03-07,34.83,,31.11,worldgovernmentbonds,2026-08-01T18:05:45+00:00
cds_kr_5y,2022-03-08,2022-03-08,35.38,,34.83,worldgovernmentbonds,2026-08-01T18:05:45+00:00
cds_kr_5y,2022-03-09,2022-03-09,34.16,,35.38,worldgovernmentbonds,2026-08-01T18:05:45+00:00
cds_kr_5y,2022-03-10,2022-03-10,30.56,,34.16,worldgovernmentbonds,2026-08-01T18:05:45+00:00
cds_kr_5y,2022-03-11,2022-03-11,30.94,,30.56,worldgovernmentbonds,2026-08-01T18:05:45+00:00
cds_kr_5y,2022-03-14,2022-03-14,31.18,,30.94,worldgovernmentbonds,2026-08-01T18:05:45+00:00
cds_kr_5y,2022-03-15,2022-03-15,31.86,,31.18,worldgovernmentbonds,2026-08-01T18:05:45+00:00
cds_kr_5y,2022-03-16,2022-03-16,31.2,,31.86,worldgovernmentbonds,2026-08-01T18:05:45+00:00
cds_kr_5y,2022-03-17,2022-03-17,29.25,,31.2,worldgovernmentbonds,2026-08-01T18:05:45+00:00
cds_kr_5y,2022-03-18,2022-03-18,29.15,,29.25,worldgovernmentbonds,2026-08-01T18:05:45+00:00
cds_kr_5y,2022-03-21,2022-03-21,30.2,,29.15,worldgovernmentbonds,2026-08-01T18:05:45+00:00
cds_kr_5y,2022-03-22,2022-03-22,29.74,,30.2,worldgovernmentbonds,2026-08-01T18:05:45+00:00
cds_kr_5y,2022-03-23,2022-03-23,29.34,,29.74,worldgovernmentbonds,2026-08-01T18:05:45+00:00
cds_kr_5y,2022-03-24,2022-03-24,29.23,,29.34,worldgovernmentbonds,2026-08-01T18:05:45+00:00
cds_kr_5y,2022-03-25,2022-03-25,29.2,,29.23,worldgovernmentbonds,2026-08-01T18:05:45+00:00
cds_kr_5y,2022-03-28,2022-03-28,29.68,,29.2,worldgovernmentbonds,2026-08-01T18:05:45+00:00
cds_kr_5y,2022-03-29,2022-03-29,29.4,,29.68,worldgovernmentbonds,2026-08-01T18:05:45+00:00
cds_kr_5y,2022-03-30,2022-03-30,28.3,,29.4,worldgovernmentbonds,2026-08-01T18:05:45+00:00
cds_kr_5y,2022-03-31,2022-03-31,28.86,,28.3,worldgovernmentbonds,2026-08-01T18:05:45+00:00
cds_kr_5y,2022-04-01,2022-04-01,28.87,,28.86,worldgovernmentbonds,2026-08-01T18:05:45+00:00
cds_kr_5y,2022-04-04,2022-04-04,28.55,,28.87,worldgovernmentbonds,2026-08-01T18:05:45+00:00
cds_kr_5y,2022-04-05,2022-04-05,28.32,,28.55,worldgovernmentbonds,2026-08-01T18:05:45+00:00
cds_kr_5y,2022-04-06,2022-04-06,28.8,,28.32,worldgovernmentbonds,2026-08-01T18:05:45+00:00
cds_kr_5y,2022-04-07,2022-04-07,29.27,,28.8,worldgovernmentbonds,2026-08-01T18:05:45+00:00
cds_kr_5y,2022-04-08,2022-04-08,29.62,,29.27,worldgovernmentbonds,2026-08-01T18:05:45+00:00
cds_kr_5y,2022-04-11,2022-04-11,30.87,,29.62,worldgovernmentbonds,2026-08-01T18:05:45+00:00
cds_kr_5y,2022-04-12,2022-04-12,31.33,,30.87,worldgovernmentbonds,2026-08-01T18:05:45+00:00
cds_kr_5y,2022-04-13,2022-04-13,31.13,,31.33,worldgovernmentbonds,2026-08-01T18:05:45+00:00
cds_kr_5y,2022-04-14,2022-04-14,31.4,,31.13,worldgovernmentbonds,2026-08-01T18:05:45+00:00
cds_kr_5y,2022-04-15,2022-04-15,31.45,,31.4,worldgovernmentbonds,2026-08-01T18:05:45+00:00
cds_kr_5y,2022-04-18,2022-04-18,31.52,,31.45,worldgovernmentbonds,2026-08-01T18:05:45+00:00
cds_kr_5y,2022-04-19,2022-04-19,32.42,,31.52,worldgovernmentbonds,2026-08-01T18:05:45+00:00
cds_kr_5y,2022-04-20,2022-04-20,33.05,,32.42,worldgovernmentbonds,2026-08-01T18:05:45+00:00
cds_kr_5y,2022-04-21,2022-04-21,33.37,,33.05,worldgovernmentbonds,2026-08-01T18:05:45+00:00
cds_kr_5y,2022-04-22,2022-04-22,33.76,,33.37,worldgovernmentbonds,2026-08-01T18:05:45+00:00
cds_kr_5y,2022-04-25,2022-04-25,37.57,,33.76,worldgovernmentbonds,2026-08-01T18:05:45+00:00
cds_kr_5y,2022-04-26,2022-04-26,38.03,,37.57,worldgovernmentbonds,2026-08-01T18:05:45+00:00
cds_kr_5y,2022-04-27,2022-04-27,39.59,,38.03,worldgovernmentbonds,2026-08-01T18:05:45+00:00
cds_kr_5y,2022-04-28,2022-04-28,40.16,,39.59,worldgovernmentbonds,2026-08-01T18:05:45+00:00
cds_kr_5y,2022-04-29,2022-04-29,39.93,,40.16,worldgovernmentbonds,2026-08-01T18:05:45+00:00
cds_kr_5y,2022-05-02,2022-05-02,39.95,,39.93,worldgovernmentbonds,2026-08-01T18:05:45+00:00
cds_kr_5y,2022-05-03,2022-05-03,41.52,,39.95,worldgovernmentbonds,2026-08-01T18:05:45+00:00
cds_kr_5y,2022-05-04,2022-05-04,41.95,,41.52,worldgovernmentbonds,2026-08-01T18:05:45+00:00
cds_kr_5y,2022-05-05,2022-05-05,40.62,,41.95,worldgovernmentbonds,2026-08-01T18:05:45+00:00
cds_kr_5y,2022-05-06,2022-05-06,42.24,,40.62,worldgovernmentbonds,2026-08-01T18:05:45+00:00
cds_kr_5y,2022-05-09,2022-05-09,42.57,,42.24,worldgovernmentbonds,2026-08-01T18:05:45+00:00
cds_kr_5y,2022-05-10,2022-05-10,43.37,,42.57,worldgovernmentbonds,2026-08-01T18:05:45+00:00
cds_kr_5y,2022-05-11,2022-05-11,42.44,,43.37,worldgovernmentbonds,2026-08-01T18:05:45+00:00
cds_kr_5y,2022-05-12,2022-05-12,44.17,,42.44,worldgovernmentbonds,2026-08-01T18:05:45+00:00
cds_kr_5y,2022-05-13,2022-05-13,46.32,,44.17,worldgovernmentbonds,2026-08-01T18:05:45+00:00
cds_kr_5y,2022-05-16,2022-05-16,45.34,,46.32,worldgovernmentbonds,2026-08-01T18:05:45+00:00
cds_kr_5y,2022-05-17,2022-05-17,45.07,,45.34,worldgovernmentbonds,2026-08-01T18:05:45+00:00
cds_kr_5y,2022-05-18,2022-05-18,44.42,,45.07,worldgovernmentbonds,2026-08-01T18:05:45+00:00
cds_kr_5y,2022-05-19,2022-05-19,46.38,,44.42,worldgovernmentbonds,2026-08-01T18:05:45+00:00
cds_kr_5y,2022-05-20,2022-05-20,47.07,,46.38,worldgovernmentbonds,2026-08-01T18:05:45+00:00
cds_kr_5y,2022-05-23,2022-05-23,46.81,,47.07,worldgovernmentbonds,2026-08-01T18:05:45+00:00
cds_kr_5y,2022-05-24,2022-05-24,46.7,,46.81,worldgovernmentbonds,2026-08-01T18:05:45+00:00
cds_kr_5y,2022-05-25,2022-05-25,47.27,,46.7,worldgovernmentbonds,2026-08-01T18:05:45+00:00
cds_kr_5y,2022-05-26,2022-05-26,46.95,,47.27,worldgovernmentbonds,2026-08-01T18:05:45+00:00
cds_kr_5y,2022-05-27,2022-05-27,46.18,,46.95,worldgovernmentbonds,2026-08-01T18:05:45+00:00
cds_kr_5y,2022-05-30,2022-05-30,43.75,,46.18,worldgovernmentbonds,2026-08-01T18:05:45+00:00
cds_kr_5y,2022-05-31,2022-05-31,44.57,,43.75,worldgovernmentbonds,2026-08-01T18:05:45+00:00
cds_kr_5y,2022-06-01,2022-06-01,45.16,,44.57,worldgovernmentbonds,2026-08-01T18:05:45+00:00
cds_kr_5y,2022-06-02,2022-06-02,45.51,,45.16,worldgovernmentbonds,2026-08-01T18:05:45+00:00
cds_kr_5y,2022-06-03,2022-06-03,45.39,,45.51,worldgovernmentbonds,2026-08-01T18:05:45+00:00
cds_kr_5y,2022-06-06,2022-06-06,44.93,,45.39,worldgovernmentbonds,2026-08-01T18:05:45+00:00
cds_kr_5y,2022-06-07,2022-06-07,44.73,,44.93,worldgovernmentbonds,2026-08-01T18:05:45+00:00
cds_kr_5y,2022-06-08,2022-06-08,45.13,,44.73,worldgovernmentbonds,2026-08-01T18:05:45+00:00
cds_kr_5y,2022-06-09,2022-06-09,44.7,,45.13,worldgovernmentbonds,2026-08-01T18:05:45+00:00
cds_kr_5y,2022-06-10,2022-06-10,45.88,,44.7,worldgovernmentbonds,2026-08-01T18:05:45+00:00
cds_kr_5y,2022-06-13,2022-06-13,49.17,,45.88,worldgovernmentbonds,2026-08-01T18:05:45+00:00
cds_kr_5y,2022-06-14,2022-06-14,50.87,,49.17,worldgovernmentbonds,2026-08-01T18:05:45+00:00
cds_kr_5y,2022-06-15,2022-06-15,49.03,,50.87,worldgovernmentbonds,2026-08-01T18:05:45+00:00
cds_kr_5y,2022-06-16,2022-06-16,51.79,,49.03,worldgovernmentbonds,2026-08-01T18:05:45+00:00
cds_kr_5y,2022-06-17,2022-06-17,50.36,,51.79,worldgovernmentbonds,2026-08-01T18:05:45+00:00
cds_kr_5y,2022-06-20,2022-06-20,49.31,,50.36,worldgovernmentbonds,2026-08-01T18:05:45+00:00
cds_kr_5y,2022-06-21,2022-06-21,48.79,,49.31,worldgovernmentbonds,2026-08-01T18:05:45+00:00
cds_kr_5y,2022-06-22,2022-06-22,49.69,,48.79,worldgovernmentbonds,2026-08-01T18:05:45+00:00
cds_kr_5y,2022-06-23,2022-06-23,50.2,,49.69,worldgovernmentbonds,2026-08-01T18:05:45+00:00
cds_kr_5y,2022-06-24,2022-06-24,50.06,,50.2,worldgovernmentbonds,2026-08-01T18:05:45+00:00
cds_kr_5y,2022-06-27,2022-06-27,47.93,,50.06,worldgovernmentbonds,2026-08-01T18:05:45+00:00
cds_kr_5y,2022-06-28,2022-06-28,48.09,,47.93,worldgovernmentbonds,2026-08-01T18:05:45+00:00
cds_kr_5y,2022-06-29,2022-06-29,49.41,,48.09,worldgovernmentbonds,2026-08-01T18:05:45+00:00
cds_kr_5y,2022-06-30,2022-06-30,52.48,,49.41,worldgovernmentbonds,2026-08-01T18:05:45+00:00
cds_kr_5y,2022-07-01,2022-07-01,52.54,,52.48,worldgovernmentbonds,2026-08-01T18:05:45+00:00
cds_kr_5y,2022-07-04,2022-07-04,53.0,,52.54,worldgovernmentbonds,2026-08-01T18:05:45+00:00
cds_kr_5y,2022-07-05,2022-07-05,54.48,,53.0,worldgovernmentbonds,2026-08-01T18:05:45+00:00
cds_kr_5y,2022-07-06,2022-07-06,54.71,,54.48,worldgovernmentbonds,2026-08-01T18:05:45+00:00
cds_kr_5y,2022-07-07,2022-07-07,54.04,,54.71,worldgovernmentbonds,2026-08-01T18:05:45+00:00
cds_kr_5y,2022-07-08,2022-07-08,53.26,,54.04,worldgovernmentbonds,2026-08-01T18:05:45+00:00
cds_kr_5y,2022-07-11,2022-07-11,53.05,,53.26,worldgovernmentbonds,2026-08-01T18:05:45+00:00
cds_kr_5y,2022-07-12,2022-07-12,53.71,,53.05,worldgovernmentbonds,2026-08-01T18:05:45+00:00
cds_kr_5y,2022-07-13,2022-07-13,53.28,,53.71,worldgovernmentbonds,2026-08-01T18:05:45+00:00
cds_kr_5y,2022-07-14,2022-07-14,52.62,,53.28,worldgovernmentbonds,2026-08-01T18:05:45+00:00
cds_kr_5y,2022-07-15,2022-07-15,52.96,,52.62,worldgovernmentbonds,2026-08-01T18:05:45+00:00
cds_kr_5y,2022-07-18,2022-07-18,50.4,,52.96,worldgovernmentbonds,2026-08-01T18:05:45+00:00
cds_kr_5y,2022-07-19,2022-07-19,50.48,,50.4,worldgovernmentbonds,2026-08-01T18:05:45+00:00
cds_kr_5y,2022-07-20,2022-07-20,48.7,,50.48,worldgovernmentbonds,2026-08-01T18:05:45+00:00
cds_kr_5y,2022-07-21,2022-07-21,47.38,,48.7,worldgovernmentbonds,2026-08-01T18:05:45+00:00
cds_kr_5y,2022-07-22,2022-07-22,46.76,,47.38,worldgovernmentbonds,2026-08-01T18:05:45+00:00
cds_kr_5y,2022-07-25,2022-07-25,45.99,,46.76,worldgovernmentbonds,2026-08-01T18:05:45+00:00
cds_kr_5y,2022-07-26,2022-07-26,44.91,,45.99,worldgovernmentbonds,2026-08-01T18:05:45+00:00
cds_kr_5y,2022-07-27,2022-07-27,44.93,,44.91,worldgovernmentbonds,2026-08-01T18:05:45+00:00
cds_kr_5y,2022-07-28,2022-07-28,42.79,,44.93,worldgovernmentbonds,2026-08-01T18:05:45+00:00
cds_kr_5y,2022-07-29,2022-07-29,40.82,,42.79,worldgovernmentbonds,2026-08-01T18:05:45+00:00
cds_kr_5y,2022-08-01,2022-08-01,41.29,,40.82,worldgovernmentbonds,2026-08-01T18:05:45+00:00
cds_kr_5y,2022-08-02,2022-08-02,43.75,,41.29,worldgovernmentbonds,2026-08-01T18:05:45+00:00
cds_kr_5y,2022-08-03,2022-08-03,42.64,,43.75,worldgovernmentbonds,2026-08-01T18:05:45+00:00
cds_kr_5y,2022-08-04,2022-08-04,41.24,,42.64,worldgovernmentbonds,2026-08-01T18:05:45+00:00
cds_kr_5y,2022-08-05,2022-08-05,40.04,,41.24,worldgovernmentbonds,2026-08-01T18:05:45+00:00
cds_kr_5y,2022-08-08,2022-08-08,39.78,,40.04,worldgovernmentbonds,2026-08-01T18:05:45+00:00
cds_kr_5y,2022-08-09,2022-08-09,39.37,,39.78,worldgovernmentbonds,2026-08-01T18:05:45+00:00
cds_kr_5y,2022-08-10,2022-08-10,39.61,,39.37,worldgovernmentbonds,2026-08-01T18:05:45+00:00
cds_kr_5y,2022-08-11,2022-08-11,36.94,,39.61,worldgovernmentbonds,2026-08-01T18:05:45+00:00
cds_kr_5y,2022-08-12,2022-08-12,36.45,,36.94,worldgovernmentbonds,2026-08-01T18:05:45+00:00
cds_kr_5y,2022-08-15,2022-08-15,35.86,,36.45,worldgovernmentbonds,2026-08-01T18:05:45+00:00
cds_kr_5y,2022-08-16,2022-08-16,35.3,,35.86,worldgovernmentbonds,2026-08-01T18:05:45+00:00
cds_kr_5y,2022-08-17,2022-08-17,35.71,,35.3,worldgovernmentbonds,2026-08-01T18:05:45+00:00
cds_kr_5y,2022-08-18,2022-08-18,35.54,,35.71,worldgovernmentbonds,2026-08-01T18:05:45+00:00
cds_kr_5y,2022-08-19,2022-08-19,35.39,,35.54,worldgovernmentbonds,2026-08-01T18:05:45+00:00
cds_kr_5y,2022-08-22,2022-08-22,36.83,,35.39,worldgovernmentbonds,2026-08-01T18:05:45+00:00
cds_kr_5y,2022-08-23,2022-08-23,35.25,,36.83,worldgovernmentbonds,2026-08-01T18:05:45+00:00
cds_kr_5y,2022-08-24,2022-08-24,33.94,,35.25,worldgovernmentbonds,2026-08-01T18:05:45+00:00
cds_kr_5y,2022-08-25,2022-08-25,32.99,,33.94,worldgovernmentbonds,2026-08-01T18:05:45+00:00
cds_kr_5y,2022-08-26,2022-08-26,32.12,,32.99,worldgovernmentbonds,2026-08-01T18:05:45+00:00
cds_kr_5y,2022-08-29,2022-08-29,34.95,,32.12,worldgovernmentbonds,2026-08-01T18:05:45+00:00
cds_kr_5y,2022-08-30,2022-08-30,33.32,,34.95,worldgovernmentbonds,2026-08-01T18:05:45+00:00
cds_kr_5y,2022-08-31,2022-08-31,32.54,,33.32,worldgovernmentbonds,2026-08-01T18:05:45+00:00
cds_kr_5y,2022-09-01,2022-09-01,32.79,,32.54,worldgovernmentbonds,2026-08-01T18:05:45+00:00
cds_kr_5y,2022-09-02,2022-09-02,33.04,,32.79,worldgovernmentbonds,2026-08-01T18:05:45+00:00
cds_kr_5y,2022-09-05,2022-09-05,33.07,,33.04,worldgovernmentbonds,2026-08-01T18:05:45+00:00
cds_kr_5y,2022-09-06,2022-09-06,33.12,,33.07,worldgovernmentbonds,2026-08-01T18:05:45+00:00
cds_kr_5y,2022-09-07,2022-09-07,33.18,,33.12,worldgovernmentbonds,2026-08-01T18:05:45+00:00
cds_kr_5y,2022-09-08,2022-09-08,33.18,,33.18,worldgovernmentbonds,2026-08-01T18:05:45+00:00
cds_kr_5y,2022-09-09,2022-09-09,31.92,,33.18,worldgovernmentbonds,2026-08-01T18:05:45+00:00
cds_kr_5y,2022-09-12,2022-09-12,31.97,,31.92,worldgovernmentbonds,2026-08-01T18:05:45+00:00
cds_kr_5y,2022-09-13,2022-09-13,30.52,,31.97,worldgovernmentbonds,2026-08-01T18:05:45+00:00
cds_kr_5y,2022-09-14,2022-09-14,32.01,,30.52,worldgovernmentbonds,2026-08-01T18:05:45+00:00
cds_kr_5y,2022-09-15,2022-09-15,31.52,,32.01,worldgovernmentbonds,2026-08-01T18:05:45+00:00
cds_kr_5y,2022-09-16,2022-09-16,32.41,,31.52,worldgovernmentbonds,2026-08-01T18:05:45+00:00
cds_kr_5y,2022-09-19,2022-09-19,33.05,,32.41,worldgovernmentbonds,2026-08-01T18:05:45+00:00
cds_kr_5y,2022-09-20,2022-09-20,36.67,,33.05,worldgovernmentbonds,2026-08-01T18:05:45+00:00
cds_kr_5y,2022-09-21,2022-09-21,39.48,,36.67,worldgovernmentbonds,2026-08-01T18:05:45+00:00
cds_kr_5y,2022-09-22,2022-09-22,43.34,,39.48,worldgovernmentbonds,2026-08-01T18:05:45+00:00
cds_kr_5y,2022-09-23,2022-09-23,47.74,,43.34,worldgovernmentbonds,2026-08-01T18:05:45+00:00
cds_kr_5y,2022-09-26,2022-09-26,48.82,,47.74,worldgovernmentbonds,2026-08-01T18:05:45+00:00
cds_kr_5y,2022-09-27,2022-09-27,50.71,,48.82,worldgovernmentbonds,2026-08-01T18:05:45+00:00
cds_kr_5y,2022-09-28,2022-09-28,56.35,,50.71,worldgovernmentbonds,2026-08-01T18:05:45+00:00
cds_kr_5y,2022-09-29,2022-09-29,59.18,,56.35,worldgovernmentbonds,2026-08-01T18:05:45+00:00
cds_kr_5y,2022-09-30,2022-09-30,58.17,,59.18,worldgovernmentbonds,2026-08-01T18:05:45+00:00
cds_kr_5y,2022-10-03,2022-10-03,58.54,,58.17,worldgovernmentbonds,2026-08-01T18:05:45+00:00
cds_kr_5y,2022-10-04,2022-10-04,57.32,,58.54,worldgovernmentbonds,2026-08-01T18:05:45+00:00
cds_kr_5y,2022-10-05,2022-10-05,54.21,,57.32,worldgovernmentbonds,2026-08-01T18:05:45+00:00
cds_kr_5y,2022-10-06,2022-10-06,54.98,,54.21,worldgovernmentbonds,2026-08-01T18:05:45+00:00
cds_kr_5y,2022-10-07,2022-10-07,56.3,,54.98,worldgovernmentbonds,2026-08-01T18:05:45+00:00
cds_kr_5y,2022-10-10,2022-10-10,57.98,,56.3,worldgovernmentbonds,2026-08-01T18:05:45+00:00
cds_kr_5y,2022-10-11,2022-10-11,60.92,,57.98,worldgovernmentbonds,2026-08-01T18:05:45+00:00
cds_kr_5y,2022-10-12,2022-10-12,60.65,,60.92,worldgovernmentbonds,2026-08-01T18:05:45+00:00
cds_kr_5y,2022-10-13,2022-10-13,60.25,,60.65,worldgovernmentbonds,2026-08-01T18:05:45+00:00
cds_kr_5y,2022-10-14,2022-10-14,59.65,,60.25,worldgovernmentbonds,2026-08-01T18:05:45+00:00
cds_kr_5y,2022-10-17,2022-10-17,60.79,,59.65,worldgovernmentbonds,2026-08-01T18:05:45+00:00
cds_kr_5y,2022-10-18,2022-10-18,58.56,,60.79,worldgovernmentbonds,2026-08-01T18:05:45+00:00
cds_kr_5y,2022-10-19,2022-10-19,58.22,,58.56,worldgovernmentbonds,2026-08-01T18:05:45+00:00
cds_kr_5y,2022-10-20,2022-10-20,59.95,,58.22,worldgovernmentbonds,2026-08-01T18:05:45+00:00
cds_kr_5y,2022-10-21,2022-10-21,61.91,,59.95,worldgovernmentbonds,2026-08-01T18:05:45+00:00
cds_kr_5y,2022-10-24,2022-10-24,62.82,,61.91,worldgovernmentbonds,2026-08-01T18:05:45+00:00
cds_kr_5y,2022-10-25,2022-10-25,65.98,,62.82,worldgovernmentbonds,2026-08-01T18:05:45+00:00
cds_kr_5y,2022-10-26,2022-10-26,65.12,,65.98,worldgovernmentbonds,2026-08-01T18:05:45+00:00
cds_kr_5y,2022-10-27,2022-10-27,65.49,,65.12,worldgovernmentbonds,2026-08-01T18:05:45+00:00
cds_kr_5y,2022-10-28,2022-10-28,67.09,,65.49,worldgovernmentbonds,2026-08-01T18:05:45+00:00
cds_kr_5y,2022-10-31,2022-10-31,67.46,,67.09,worldgovernmentbonds,2026-08-01T18:05:45+00:00
cds_kr_5y,2022-11-01,2022-11-01,68.71,,67.46,worldgovernmentbonds,2026-08-01T18:05:45+00:00
cds_kr_5y,2022-11-02,2022-11-02,68.82,,68.71,worldgovernmentbonds,2026-08-01T18:05:45+00:00
cds_kr_5y,2022-11-03,2022-11-03,75.41,,68.82,worldgovernmentbonds,2026-08-01T18:05:45+00:00
cds_kr_5y,2022-11-04,2022-11-04,76.77,,75.41,worldgovernmentbonds,2026-08-01T18:05:45+00:00
cds_kr_5y,2022-11-07,2022-11-07,67.41,,76.77,worldgovernmentbonds,2026-08-01T18:05:45+00:00
cds_kr_5y,2022-11-08,2022-11-08,63.22,,67.41,worldgovernmentbonds,2026-08-01T18:05:45+00:00
cds_kr_5y,2022-11-09,2022-11-09,60.67,,63.22,worldgovernmentbonds,2026-08-01T18:05:45+00:00
cds_kr_5y,2022-11-10,2022-11-10,64.38,,60.67,worldgovernmentbonds,2026-08-01T18:05:45+00:00
cds_kr_5y,2022-11-11,2022-11-11,56.36,,64.38,worldgovernmentbonds,2026-08-01T18:05:45+00:00
cds_kr_5y,2022-11-14,2022-11-14,54.32,,56.36,worldgovernmentbonds,2026-08-01T18:05:45+00:00
cds_kr_5y,2022-11-15,2022-11-15,53.96,,54.32,worldgovernmentbonds,2026-08-01T18:05:45+00:00
cds_kr_5y,2022-11-16,2022-11-16,51.42,,53.96,worldgovernmentbonds,2026-08-01T18:05:45+00:00
cds_kr_5y,2022-11-17,2022-11-17,53.99,,51.42,worldgovernmentbonds,2026-08-01T18:05:45+00:00
cds_kr_5y,2022-11-18,2022-11-18,52.69,,53.99,worldgovernmentbonds,2026-08-01T18:05:45+00:00
cds_kr_5y,2022-11-21,2022-11-21,53.7,,52.69,worldgovernmentbonds,2026-08-01T18:05:45+00:00
cds_kr_5y,2022-11-22,2022-11-22,53.95,,53.7,worldgovernmentbonds,2026-08-01T18:05:45+00:00
cds_kr_5y,2022-11-23,2022-11-23,52.97,,53.95,worldgovernmentbonds,2026-08-01T18:05:45+00:00
cds_kr_5y,2022-11-24,2022-11-24,51.56,,52.97,worldgovernmentbonds,2026-08-01T18:05:45+00:00
cds_kr_5y,2022-11-25,2022-11-25,50.97,,51.56,worldgovernmentbonds,2026-08-01T18:05:45+00:00
cds_kr_5y,2022-11-28,2022-11-28,51.09,,50.97,worldgovernmentbonds,2026-08-01T18:05:45+00:00
cds_kr_5y,2022-11-29,2022-11-29,50.5,,51.09,worldgovernmentbonds,2026-08-01T18:05:45+00:00
cds_kr_5y,2022-11-30,2022-11-30,50.0,,50.5,worldgovernmentbonds,2026-08-01T18:05:45+00:00
cds_kr_5y,2022-12-01,2022-12-01,48.93,,50.0,worldgovernmentbonds,2026-08-01T18:05:45+00:00
cds_kr_5y,2022-12-02,2022-12-02,49.76,,48.93,worldgovernmentbonds,2026-08-01T18:05:45+00:00
cds_kr_5y,2022-12-05,2022-12-05,49.48,,49.76,worldgovernmentbonds,2026-08-01T18:05:45+00:00
cds_kr_5y,2022-12-06,2022-12-06,50.86,,49.48,worldgovernmentbonds,2026-08-01T18:05:45+00:00
cds_kr_5y,2022-12-07,2022-12-07,51.59,,50.86,worldgovernmentbonds,2026-08-01T18:05:45+00:00
cds_kr_5y,2022-12-08,2022-12-08,51.86,,51.59,worldgovernmentbonds,2026-08-01T18:05:45+00:00
cds_kr_5y,2022-12-09,2022-12-09,51.87,,51.86,worldgovernmentbonds,2026-08-01T18:05:45+00:00
cds_kr_5y,2022-12-12,2022-12-12,52.03,,51.87,worldgovernmentbonds,2026-08-01T18:05:45+00:00
cds_kr_5y,2022-12-13,2022-12-13,53.23,,52.03,worldgovernmentbonds,2026-08-01T18:05:45+00:00
cds_kr_5y,2022-12-14,2022-12-14,52.11,,53.23,worldgovernmentbonds,2026-08-01T18:05:45+00:00
cds_kr_5y,2022-12-15,2022-12-15,52.35,,52.11,worldgovernmentbonds,2026-08-01T18:05:45+00:00
cds_kr_5y,2022-12-16,2022-12-16,54.31,,52.35,worldgovernmentbonds,2026-08-01T18:05:45+00:00
cds_kr_5y,2022-12-19,2022-12-19,56.2,,54.31,worldgovernmentbonds,2026-08-01T18:05:45+00:00
cds_kr_5y,2022-12-20,2022-12-20,57.38,,56.2,worldgovernmentbonds,2026-08-01T18:05:45+00:00
cds_kr_5y,2022-12-21,2022-12-21,56.8,,57.38,worldgovernmentbonds,2026-08-01T18:05:45+00:00
cds_kr_5y,2022-12-22,2022-12-22,53.95,,56.8,worldgovernmentbonds,2026-08-01T18:05:45+00:00
cds_kr_5y,2022-12-23,2022-12-23,54.4,,53.95,worldgovernmentbonds,2026-08-01T18:05:45+00:00
cds_kr_5y,2022-12-26,2022-12-26,54.53,,54.4,worldgovernmentbonds,2026-08-01T18:05:45+00:00
cds_kr_5y,2022-12-27,2022-12-27,54.52,,54.53,worldgovernmentbonds,2026-08-01T18:05:45+00:00
cds_kr_5y,2022-12-28,2022-12-28,54.38,,54.52,worldgovernmentbonds,2026-08-01T18:05:45+00:00
cds_kr_5y,2022-12-29,2022-12-29,54.37,,54.38,worldgovernmentbonds,2026-08-01T18:05:45+00:00
cds_kr_5y,2022-12-30,2022-12-30,54.0,,54.37,worldgovernmentbonds,2026-08-01T18:05:45+00:00
cds_kr_5y,2023-01-02,2023-01-02,54.18,,54.0,worldgovernmentbonds,2026-08-01T18:05:45+00:00
cds_kr_5y,2023-01-03,2023-01-03,53.53,,54.18,worldgovernmentbonds,2026-08-01T18:05:45+00:00
cds_kr_5y,2023-01-04,2023-01-04,53.49,,53.53,worldgovernmentbonds,2026-08-01T18:05:45+00:00
cds_kr_5y,2023-01-05,2023-01-05,51.95,,53.49,worldgovernmentbonds,2026-08-01T18:05:45+00:00
cds_kr_5y,2023-01-06,2023-01-06,50.03,,51.95,worldgovernmentbonds,2026-08-01T18:05:45+00:00
cds_kr_5y,2023-01-09,2023-01-09,48.21,,50.03,worldgovernmentbonds,2026-08-01T18:05:45+00:00
cds_kr_5y,2023-01-10,2023-01-10,48.25,,48.21,worldgovernmentbonds,2026-08-01T18:05:45+00:00
cds_kr_5y,2023-01-11,2023-01-11,46.6,,48.25,worldgovernmentbonds,2026-08-01T18:05:45+00:00
cds_kr_5y,2023-01-12,2023-01-12,45.05,,46.6,worldgovernmentbonds,2026-08-01T18:05:45+00:00
cds_kr_5y,2023-01-13,2023-01-13,44.07,,45.05,worldgovernmentbonds,2026-08-01T18:05:45+00:00
cds_kr_5y,2023-01-16,2023-01-16,43.46,,44.07,worldgovernmentbonds,2026-08-01T18:05:45+00:00
cds_kr_5y,2023-01-17,2023-01-17,42.6,,43.46,worldgovernmentbonds,2026-08-01T18:05:45+00:00
cds_kr_5y,2023-01-18,2023-01-18,42.13,,42.6,worldgovernmentbonds,2026-08-01T18:05:45+00:00
cds_kr_5y,2023-01-19,2023-01-19,41.48,,42.13,worldgovernmentbonds,2026-08-01T18:05:45+00:00
cds_kr_5y,2023-01-20,2023-01-20,41.33,,41.48,worldgovernmentbonds,2026-08-01T18:05:45+00:00
cds_kr_5y,2023-01-23,2023-01-23,41.4,,41.33,worldgovernmentbonds,2026-08-01T18:05:45+00:00
cds_kr_5y,2023-01-24,2023-01-24,41.48,,41.4,worldgovernmentbonds,2026-08-01T18:05:45+00:00
cds_kr_5y,2023-01-25,2023-01-25,41.47,,41.48,worldgovernmentbonds,2026-08-01T18:05:45+00:00
cds_kr_5y,2023-01-26,2023-01-26,40.74,,41.47,worldgovernmentbonds,2026-08-01T18:05:45+00:00
cds_kr_5y,2023-01-27,2023-01-27,40.5,,40.74,worldgovernmentbonds,2026-08-01T18:05:45+00:00
cds_kr_5y,2023-01-30,2023-01-30,41.02,,40.5,worldgovernmentbonds,2026-08-01T18:05:45+00:00
cds_kr_5y,2023-01-31,2023-01-31,42.36,,41.02,worldgovernmentbonds,2026-08-01T18:05:45+00:00
cds_kr_5y,2023-02-01,2023-02-01,41.6,,42.36,worldgovernmentbonds,2026-08-01T18:05:45+00:00
cds_kr_5y,2023-02-02,2023-02-02,39.65,,41.6,worldgovernmentbonds,2026-08-01T18:05:45+00:00
cds_kr_5y,2023-02-03,2023-02-03,39.65,,39.65,worldgovernmentbonds,2026-08-01T18:05:45+00:00
cds_kr_5y,2023-02-06,2023-02-06,40.95,,39.65,worldgovernmentbonds,2026-08-01T18:05:45+00:00
cds_kr_5y,2023-02-07,2023-02-07,42.32,,40.95,worldgovernmentbonds,2026-08-01T18:05:45+00:00
cds_kr_5y,2023-02-08,2023-02-08,41.51,,42.32,worldgovernmentbonds,2026-08-01T18:05:45+00:00
cds_kr_5y,2023-02-09,2023-02-09,41.52,,41.51,worldgovernmentbonds,2026-08-01T18:05:45+00:00
cds_kr_5y,2023-02-10,2023-02-10,41.41,,41.52,worldgovernmentbonds,2026-08-01T18:05:45+00:00
cds_kr_5y,2023-02-13,2023-02-13,42.16,,41.41,worldgovernmentbonds,2026-08-01T18:05:45+00:00
cds_kr_5y,2023-02-14,2023-02-14,41.78,,42.16,worldgovernmentbonds,2026-08-01T18:05:45+00:00
cds_kr_5y,2023-02-15,2023-02-15,41.31,,41.78,worldgovernmentbonds,2026-08-01T18:05:45+00:00
cds_kr_5y,2023-02-16,2023-02-16,40.93,,41.31,worldgovernmentbonds,2026-08-01T18:05:45+00:00
cds_kr_5y,2023-02-17,2023-02-17,42.32,,40.93,worldgovernmentbonds,2026-08-01T18:05:45+00:00
cds_kr_5y,2023-02-20,2023-02-20,42.65,,42.32,worldgovernmentbonds,2026-08-01T18:05:45+00:00
cds_kr_5y,2023-02-21,2023-02-21,44.78,,42.65,worldgovernmentbonds,2026-08-01T18:05:45+00:00
cds_kr_5y,2023-02-22,2023-02-22,46.66,,44.78,worldgovernmentbonds,2026-08-01T18:05:45+00:00
cds_kr_5y,2023-02-23,2023-02-23,44.61,,46.66,worldgovernmentbonds,2026-08-01T18:05:45+00:00
cds_kr_5y,2023-02-24,2023-02-24,44.48,,44.61,worldgovernmentbonds,2026-08-01T18:05:45+00:00
cds_kr_5y,2023-02-27,2023-02-27,45.34,,44.48,worldgovernmentbonds,2026-08-01T18:05:45+00:00
cds_kr_5y,2023-02-28,2023-02-28,44.96,,45.34,worldgovernmentbonds,2026-08-01T18:05:45+00:00
cds_kr_5y,2023-03-01,2023-03-01,43.46,,44.96,worldgovernmentbonds,2026-08-01T18:05:45+00:00
cds_kr_5y,2023-03-02,2023-03-02,43.5,,43.46,worldgovernmentbonds,2026-08-01T18:05:45+00:00
cds_kr_5y,2023-03-03,2023-03-03,42.95,,43.5,worldgovernmentbonds,2026-08-01T18:05:45+00:00
cds_kr_5y,2023-03-06,2023-03-06,41.91,,42.95,worldgovernmentbonds,2026-08-01T18:05:45+00:00
cds_kr_5y,2023-03-07,2023-03-07,41.42,,41.91,worldgovernmentbonds,2026-08-01T18:05:45+00:00
cds_kr_5y,2023-03-08,2023-03-08,41.43,,41.42,worldgovernmentbonds,2026-08-01T18:05:45+00:00
cds_kr_5y,2023-03-09,2023-03-09,41.09,,41.43,worldgovernmentbonds,2026-08-01T18:05:45+00:00
cds_kr_5y,2023-03-10,2023-03-10,42.43,,41.09,worldgovernmentbonds,2026-08-01T18:05:45+00:00
cds_kr_5y,2023-03-13,2023-03-13,42.15,,42.43,worldgovernmentbonds,2026-08-01T18:05:45+00:00
cds_kr_5y,2023-03-14,2023-03-14,44.25,,42.15,worldgovernmentbonds,2026-08-01T18:05:45+00:00
cds_kr_5y,2023-03-15,2023-03-15,41.95,,44.25,worldgovernmentbonds,2026-08-01T18:05:45+00:00
cds_kr_5y,2023-03-16,2023-03-16,43.13,,41.95,worldgovernmentbonds,2026-08-01T18:05:45+00:00
cds_kr_5y,2023-03-17,2023-03-17,41.98,,43.13,worldgovernmentbonds,2026-08-01T18:05:45+00:00
cds_kr_5y,2023-03-20,2023-03-20,46.16,,41.98,worldgovernmentbonds,2026-08-01T18:05:45+00:00
cds_kr_5y,2023-03-21,2023-03-21,44.5,,46.16,worldgovernmentbonds,2026-08-01T18:05:45+00:00
cds_kr_5y,2023-03-22,2023-03-22,43.23,,44.5,worldgovernmentbonds,2026-08-01T18:05:45+00:00
cds_kr_5y,2023-03-23,2023-03-23,43.77,,43.23,worldgovernmentbonds,2026-08-01T18:05:45+00:00
cds_kr_5y,2023-03-24,2023-03-24,45.7,,43.77,worldgovernmentbonds,2026-08-01T18:05:45+00:00
cds_kr_5y,2023-03-27,2023-03-27,45.06,,45.7,worldgovernmentbonds,2026-08-01T18:05:45+00:00
cds_kr_5y,2023-03-28,2023-03-28,44.8,,45.06,worldgovernmentbonds,2026-08-01T18:05:45+00:00
cds_kr_5y,2023-03-29,2023-03-29,45.23,,44.8,worldgovernmentbonds,2026-08-01T18:05:45+00:00
cds_kr_5y,2023-03-30,2023-03-30,44.96,,45.23,worldgovernmentbonds,2026-08-01T18:05:45+00:00
cds_kr_5y,2023-03-31,2023-03-31,44.86,,44.96,worldgovernmentbonds,2026-08-01T18:05:45+00:00
cds_kr_5y,2023-04-03,2023-04-03,44.26,,44.86,worldgovernmentbonds,2026-08-01T18:05:45+00:00
cds_kr_5y,2023-04-04,2023-04-04,44.25,,44.26,worldgovernmentbonds,2026-08-01T18:05:45+00:00
cds_kr_5y,2023-04-05,2023-04-05,44.71,,44.25,worldgovernmentbonds,2026-08-01T18:05:45+00:00
cds_kr_5y,2023-04-06,2023-04-06,44.88,,44.71,worldgovernmentbonds,2026-08-01T18:05:45+00:00
cds_kr_5y,2023-04-07,2023-04-07,44.79,,44.88,worldgovernmentbonds,2026-08-01T18:05:45+00:00
cds_kr_5y,2023-04-10,2023-04-10,44.96,,44.79,worldgovernmentbonds,2026-08-01T18:05:45+00:00
cds_kr_5y,2023-04-11,2023-04-11,44.9,,44.96,worldgovernmentbonds,2026-08-01T18:05:45+00:00
cds_kr_5y,2023-04-12,2023-04-12,44.49,,44.9,worldgovernmentbonds,2026-08-01T18:05:45+00:00
cds_kr_5y,2023-04-13,2023-04-13,44.68,,44.49,worldgovernmentbonds,2026-08-01T18:05:45+00:00
cds_kr_5y,2023-04-14,2023-04-14,44.36,,44.68,worldgovernmentbonds,2026-08-01T18:05:45+00:00
cds_kr_5y,2023-04-17,2023-04-17,44.06,,44.36,worldgovernmentbonds,2026-08-01T18:05:45+00:00
cds_kr_5y,2023-04-18,2023-04-18,44.06,,44.06,worldgovernmentbonds,2026-08-01T18:05:45+00:00
cds_kr_5y,2023-04-19,2023-04-19,44.61,,44.06,worldgovernmentbonds,2026-08-01T18:05:45+00:00
cds_kr_5y,2023-04-20,2023-04-20,45.69,,44.61,worldgovernmentbonds,2026-08-01T18:05:45+00:00
cds_kr_5y,2023-04-21,2023-04-21,45.9,,45.69,worldgovernmentbonds,2026-08-01T18:05:45+00:00
cds_kr_5y,2023-04-24,2023-04-24,45.84,,45.9,worldgovernmentbonds,2026-08-01T18:05:45+00:00
cds_kr_5y,2023-04-25,2023-04-25,45.89,,45.84,worldgovernmentbonds,2026-08-01T18:05:45+00:00
cds_kr_5y,2023-04-26,2023-04-26,46.74,,45.89,worldgovernmentbonds,2026-08-01T18:05:45+00:00
cds_kr_5y,2023-04-27,2023-04-27,46.55,,46.74,worldgovernmentbonds,2026-08-01T18:05:45+00:00
cds_kr_5y,2023-04-28,2023-04-28,45.61,,46.55,worldgovernmentbonds,2026-08-01T18:05:45+00:00
cds_kr_5y,2023-05-01,2023-05-01,45.61,,45.61,worldgovernmentbonds,2026-08-01T18:05:45+00:00
cds_kr_5y,2023-05-02,2023-05-02,45.65,,45.61,worldgovernmentbonds,2026-08-01T18:05:45+00:00
cds_kr_5y,2023-05-03,2023-05-03,46.21,,45.65,worldgovernmentbonds,2026-08-01T18:05:45+00:00
cds_kr_5y,2023-05-04,2023-05-04,46.21,,46.21,worldgovernmentbonds,2026-08-01T18:05:45+00:00
cds_kr_5y,2023-05-05,2023-05-05,45.64,,46.21,worldgovernmentbonds,2026-08-01T18:05:45+00:00
cds_kr_5y,2023-05-08,2023-05-08,45.01,,45.64,worldgovernmentbonds,2026-08-01T18:05:45+00:00
cds_kr_5y,2023-05-09,2023-05-09,45.13,,45.01,worldgovernmentbonds,2026-08-01T18:05:45+00:00
cds_kr_5y,2023-05-10,2023-05-10,45.14,,45.13,worldgovernmentbonds,2026-08-01T18:05:45+00:00
cds_kr_5y,2023-05-11,2023-05-11,45.16,,45.14,worldgovernmentbonds,2026-08-01T18:05:45+00:00
cds_kr_5y,2023-05-12,2023-05-12,45.18,,45.16,worldgovernmentbonds,2026-08-01T18:05:45+00:00
cds_kr_5y,2023-05-15,2023-05-15,45.19,,45.18,worldgovernmentbonds,2026-08-01T18:05:45+00:00
cds_kr_5y,2023-05-16,2023-05-16,45.11,,45.19,worldgovernmentbonds,2026-08-01T18:05:45+00:00
cds_kr_5y,2023-05-17,2023-05-17,45.22,,45.11,worldgovernmentbonds,2026-08-01T18:05:45+00:00
cds_kr_5y,2023-05-18,2023-05-18,45.49,,45.22,worldgovernmentbonds,2026-08-01T18:05:45+00:00
cds_kr_5y,2023-05-19,2023-05-19,42.33,,45.49,worldgovernmentbonds,2026-08-01T18:05:45+00:00
cds_kr_5y,2023-05-22,2023-05-22,42.19,,42.33,worldgovernmentbonds,2026-08-01T18:05:45+00:00
cds_kr_5y,2023-05-23,2023-05-23,42.12,,42.19,worldgovernmentbonds,2026-08-01T18:05:45+00:00
cds_kr_5y,2023-05-24,2023-05-24,42.12,,42.12,worldgovernmentbonds,2026-08-01T18:05:45+00:00
cds_kr_5y,2023-05-25,2023-05-25,41.28,,42.12,worldgovernmentbonds,2026-08-01T18:05:45+00:00
cds_kr_5y,2023-05-26,2023-05-26,40.81,,41.28,worldgovernmentbonds,2026-08-01T18:05:45+00:00
cds_kr_5y,2023-05-29,2023-05-29,40.54,,40.81,worldgovernmentbonds,2026-08-01T18:05:45+00:00
cds_kr_5y,2023-05-30,2023-05-30,40.17,,40.54,worldgovernmentbonds,2026-08-01T18:05:45+00:00
cds_kr_5y,2023-05-31,2023-05-31,39.73,,40.17,worldgovernmentbonds,2026-08-01T18:05:45+00:00
cds_kr_5y,2023-06-01,2023-06-01,39.26,,39.73,worldgovernmentbonds,2026-08-01T18:05:45+00:00
cds_kr_5y,2023-06-02,2023-06-02,38.09,,39.26,worldgovernmentbonds,2026-08-01T18:05:45+00:00
cds_kr_5y,2023-06-05,2023-06-05,37.67,,38.09,worldgovernmentbonds,2026-08-01T18:05:45+00:00
cds_kr_5y,2023-06-06,2023-06-06,38.09,,37.67,worldgovernmentbonds,2026-08-01T18:05:45+00:00
cds_kr_5y,2023-06-07,2023-06-07,37.66,,38.09,worldgovernmentbonds,2026-08-01T18:05:45+00:00
cds_kr_5y,2023-06-08,2023-06-08,37.66,,37.66,worldgovernmentbonds,2026-08-01T18:05:45+00:00
cds_kr_5y,2023-06-09,2023-06-09,37.07,,37.66,worldgovernmentbonds,2026-08-01T18:05:45+00:00
cds_kr_5y,2023-06-12,2023-06-12,36.61,,37.07,worldgovernmentbonds,2026-08-01T18:05:45+00:00
cds_kr_5y,2023-06-13,2023-06-13,37.11,,36.61,worldgovernmentbonds,2026-08-01T18:05:45+00:00
cds_kr_5y,2023-06-14,2023-06-14,37.13,,37.11,worldgovernmentbonds,2026-08-01T18:05:45+00:00
cds_kr_5y,2023-06-15,2023-06-15,36.04,,37.13,worldgovernmentbonds,2026-08-01T18:05:45+00:00
cds_kr_5y,2023-06-16,2023-06-16,35.0,,36.04,worldgovernmentbonds,2026-08-01T18:05:45+00:00
cds_kr_5y,2023-06-19,2023-06-19,35.07,,35.0,worldgovernmentbonds,2026-08-01T18:05:45+00:00
cds_kr_5y,2023-06-20,2023-06-20,33.04,,35.07,worldgovernmentbonds,2026-08-01T18:05:45+00:00
cds_kr_5y,2023-06-21,2023-06-21,33.05,,33.04,worldgovernmentbonds,2026-08-01T18:05:45+00:00
cds_kr_5y,2023-06-22,2023-06-22,33.05,,33.05,worldgovernmentbonds,2026-08-01T18:05:45+00:00
cds_kr_5y,2023-06-23,2023-06-23,33.59,,33.05,worldgovernmentbonds,2026-08-01T18:05:45+00:00
cds_kr_5y,2023-06-26,2023-06-26,34.6,,33.59,worldgovernmentbonds,2026-08-01T18:05:45+00:00
cds_kr_5y,2023-06-27,2023-06-27,34.53,,34.6,worldgovernmentbonds,2026-08-01T18:05:45+00:00
cds_kr_5y,2023-06-28,2023-06-28,33.56,,34.53,worldgovernmentbonds,2026-08-01T18:05:45+00:00
cds_kr_5y,2023-06-29,2023-06-29,33.55,,33.56,worldgovernmentbonds,2026-08-01T18:05:45+00:00
cds_kr_5y,2023-06-30,2023-06-30,33.56,,33.55,worldgovernmentbonds,2026-08-01T18:05:45+00:00
cds_kr_5y,2023-07-03,2023-07-03,32.96,,33.56,worldgovernmentbonds,2026-08-01T18:05:45+00:00
cds_kr_5y,2023-07-04,2023-07-04,32.6,,32.96,worldgovernmentbonds,2026-08-01T18:05:45+00:00
cds_kr_5y,2023-07-05,2023-07-05,32.61,,32.6,worldgovernmentbonds,2026-08-01T18:05:45+00:00
cds_kr_5y,2023-07-06,2023-07-06,33.02,,32.61,worldgovernmentbonds,2026-08-01T18:05:45+00:00
cds_kr_5y,2023-07-07,2023-07-07,33.05,,33.02,worldgovernmentbonds,2026-08-01T18:05:45+00:00
cds_kr_5y,2023-07-10,2023-07-10,33.61,,33.05,worldgovernmentbonds,2026-08-01T18:05:45+00:00
cds_kr_5y,2023-07-11,2023-07-11,33.11,,33.61,worldgovernmentbonds,2026-08-01T18:05:45+00:00
cds_kr_5y,2023-07-12,2023-07-12,32.12,,33.11,worldgovernmentbonds,2026-08-01T18:05:45+00:00
cds_kr_5y,2023-07-13,2023-07-13,30.61,,32.12,worldgovernmentbonds,2026-08-01T18:05:45+00:00
cds_kr_5y,2023-07-14,2023-07-14,31.0,,30.61,worldgovernmentbonds,2026-08-01T18:05:45+00:00
cds_kr_5y,2023-07-17,2023-07-17,31.09,,31.0,worldgovernmentbonds,2026-08-01T18:05:45+00:00
cds_kr_5y,2023-07-18,2023-07-18,31.16,,31.09,worldgovernmentbonds,2026-08-01T18:05:45+00:00
cds_kr_5y,2023-07-19,2023-07-19,31.11,,31.16,worldgovernmentbonds,2026-08-01T18:05:45+00:00
cds_kr_5y,2023-07-20,2023-07-20,31.05,,31.11,worldgovernmentbonds,2026-08-01T18:05:45+00:00
cds_kr_5y,2023-07-21,2023-07-21,30.86,,31.05,worldgovernmentbonds,2026-08-01T18:05:45+00:00
cds_kr_5y,2023-07-24,2023-07-24,31.06,,30.86,worldgovernmentbonds,2026-08-01T18:05:45+00:00
cds_kr_5y,2023-07-25,2023-07-25,29.55,,31.06,worldgovernmentbonds,2026-08-01T18:05:45+00:00
cds_kr_5y,2023-07-26,2023-07-26,28.56,,29.55,worldgovernmentbonds,2026-08-01T18:05:45+00:00
cds_kr_5y,2023-07-27,2023-07-27,28.1,,28.56,worldgovernmentbonds,2026-08-01T18:05:45+00:00
cds_kr_5y,2023-07-28,2023-07-28,26.63,,28.1,worldgovernmentbonds,2026-08-01T18:05:45+00:00
cds_kr_5y,2023-07-31,2023-07-31,25.55,,26.63,worldgovernmentbonds,2026-08-01T18:05:45+00:00
cds_kr_5y,2023-08-01,2023-08-01,25.59,,25.55,worldgovernmentbonds,2026-08-01T18:05:45+00:00
cds_kr_5y,2023-08-02,2023-08-02,26.17,,25.59,worldgovernmentbonds,2026-08-01T18:05:45+00:00
cds_kr_5y,2023-08-03,2023-08-03,27.01,,26.17,worldgovernmentbonds,2026-08-01T18:05:45+00:00
cds_kr_5y,2023-08-04,2023-08-04,26.56,,27.01,worldgovernmentbonds,2026-08-01T18:05:45+00:00
cds_kr_5y,2023-08-07,2023-08-07,26.5,,26.56,worldgovernmentbonds,2026-08-01T18:05:45+00:00
cds_kr_5y,2023-08-08,2023-08-08,27.15,,26.5,worldgovernmentbonds,2026-08-01T18:05:45+00:00
cds_kr_5y,2023-08-09,2023-08-09,27.58,,27.15,worldgovernmentbonds,2026-08-01T18:05:45+00:00
cds_kr_5y,2023-08-10,2023-08-10,27.57,,27.58,worldgovernmentbonds,2026-08-01T18:05:45+00:00
cds_kr_5y,2023-08-11,2023-08-11,28.12,,27.57,worldgovernmentbonds,2026-08-01T18:05:45+00:00
cds_kr_5y,2023-08-14,2023-08-14,29.08,,28.12,worldgovernmentbonds,2026-08-01T18:05:45+00:00
cds_kr_5y,2023-08-15,2023-08-15,30.06,,29.08,worldgovernmentbonds,2026-08-01T18:05:45+00:00
cds_kr_5y,2023-08-16,2023-08-16,31.15,,30.06,worldgovernmentbonds,2026-08-01T18:05:45+00:00
cds_kr_5y,2023-08-17,2023-08-17,31.58,,31.15,worldgovernmentbonds,2026-08-01T18:05:45+00:00
cds_kr_5y,2023-08-18,2023-08-18,33.14,,31.58,worldgovernmentbonds,2026-08-01T18:05:45+00:00
cds_kr_5y,2023-08-21,2023-08-21,35.03,,33.14,worldgovernmentbonds,2026-08-01T18:05:45+00:00
cds_kr_5y,2023-08-22,2023-08-22,34.08,,35.03,worldgovernmentbonds,2026-08-01T18:05:45+00:00
cds_kr_5y,2023-08-23,2023-08-23,34.12,,34.08,worldgovernmentbonds,2026-08-01T18:05:45+00:00
cds_kr_5y,2023-08-24,2023-08-24,33.06,,34.12,worldgovernmentbonds,2026-08-01T18:05:45+00:00
cds_kr_5y,2023-08-25,2023-08-25,34.54,,33.06,worldgovernmentbonds,2026-08-01T18:05:45+00:00
cds_kr_5y,2023-08-28,2023-08-28,34.04,,34.54,worldgovernmentbonds,2026-08-01T18:05:45+00:00
cds_kr_5y,2023-08-29,2023-08-29,34.08,,34.04,worldgovernmentbonds,2026-08-01T18:05:45+00:00
cds_kr_5y,2023-08-30,2023-08-30,34.0,,34.08,worldgovernmentbonds,2026-08-01T18:05:45+00:00
cds_kr_5y,2023-08-31,2023-08-31,32.59,,34.0,worldgovernmentbonds,2026-08-01T18:05:45+00:00
cds_kr_5y,2023-09-01,2023-09-01,32.55,,32.59,worldgovernmentbonds,2026-08-01T18:05:45+00:00
cds_kr_5y,2023-09-04,2023-09-04,31.06,,32.55,worldgovernmentbonds,2026-08-01T18:05:45+00:00
cds_kr_5y,2023-09-05,2023-09-05,31.02,,31.06,worldgovernmentbonds,2026-08-01T18:05:45+00:00
cds_kr_5y,2023-09-06,2023-09-06,31.06,,31.02,worldgovernmentbonds,2026-08-01T18:05:45+00:00
cds_kr_5y,2023-09-07,2023-09-07,31.1,,31.06,worldgovernmentbonds,2026-08-01T18:05:45+00:00
cds_kr_5y,2023-09-08,2023-09-08,31.09,,31.1,worldgovernmentbonds,2026-08-01T18:05:45+00:00
cds_kr_5y,2023-09-11,2023-09-11,31.05,,31.09,worldgovernmentbonds,2026-08-01T18:05:45+00:00
cds_kr_5y,2023-09-12,2023-09-12,30.55,,31.05,worldgovernmentbonds,2026-08-01T18:05:45+00:00
cds_kr_5y,2023-09-13,2023-09-13,30.53,,30.55,worldgovernmentbonds,2026-08-01T18:05:45+00:00
cds_kr_5y,2023-09-14,2023-09-14,30.06,,30.53,worldgovernmentbonds,2026-08-01T18:05:45+00:00
cds_kr_5y,2023-09-15,2023-09-15,29.53,,30.06,worldgovernmentbonds,2026-08-01T18:05:45+00:00
cds_kr_5y,2023-09-18,2023-09-18,29.54,,29.53,worldgovernmentbonds,2026-08-01T18:05:45+00:00
cds_kr_5y,2023-09-19,2023-09-19,29.58,,29.54,worldgovernmentbonds,2026-08-01T18:05:45+00:00
cds_kr_5y,2023-09-20,2023-09-20,32.12,,29.58,worldgovernmentbonds,2026-08-01T18:05:45+00:00
cds_kr_5y,2023-09-21,2023-09-21,32.02,,32.12,worldgovernmentbonds,2026-08-01T18:05:45+00:00
cds_kr_5y,2023-09-22,2023-09-22,33.59,,32.02,worldgovernmentbonds,2026-08-01T18:05:45+00:00
cds_kr_5y,2023-09-25,2023-09-25,33.53,,33.59,worldgovernmentbonds,2026-08-01T18:05:45+00:00
cds_kr_5y,2023-09-26,2023-09-26,33.85,,33.53,worldgovernmentbonds,2026-08-01T18:05:45+00:00
cds_kr_5y,2023-09-27,2023-09-27,34.13,,33.85,worldgovernmentbonds,2026-08-01T18:05:45+00:00
cds_kr_5y,2023-09-28,2023-09-28,34.07,,34.13,worldgovernmentbonds,2026-08-01T18:05:45+00:00
cds_kr_5y,2023-09-29,2023-09-29,34.15,,34.07,worldgovernmentbonds,2026-08-01T18:05:45+00:00
cds_kr_5y,2023-10-02,2023-10-02,33.99,,34.15,worldgovernmentbonds,2026-08-01T18:05:45+00:00
cds_kr_5y,2023-10-03,2023-10-03,35.09,,33.99,worldgovernmentbonds,2026-08-01T18:05:45+00:00
cds_kr_5y,2023-10-04,2023-10-04,38.58,,35.09,worldgovernmentbonds,2026-08-01T18:05:45+00:00
cds_kr_5y,2023-10-05,2023-10-05,38.59,,38.58,worldgovernmentbonds,2026-08-01T18:05:45+00:00
cds_kr_5y,2023-10-06,2023-10-06,38.56,,38.59,worldgovernmentbonds,2026-08-01T18:05:45+00:00
cds_kr_5y,2023-10-09,2023-10-09,39.19,,38.56,worldgovernmentbonds,2026-08-01T18:05:45+00:00
cds_kr_5y,2023-10-10,2023-10-10,38.76,,39.19,worldgovernmentbonds,2026-08-01T18:05:45+00:00
cds_kr_5y,2023-10-11,2023-10-11,38.12,,38.76,worldgovernmentbonds,2026-08-01T18:05:45+00:00
cds_kr_5y,2023-10-12,2023-10-12,37.08,,38.12,worldgovernmentbonds,2026-08-01T18:05:45+00:00
cds_kr_5y,2023-10-13,2023-10-13,37.65,,37.08,worldgovernmentbonds,2026-08-01T18:05:45+00:00
cds_kr_5y,2023-10-16,2023-10-16,37.55,,37.65,worldgovernmentbonds,2026-08-01T18:05:45+00:00
cds_kr_5y,2023-10-17,2023-10-17,38.07,,37.55,worldgovernmentbonds,2026-08-01T18:05:45+00:00
cds_kr_5y,2023-10-18,2023-10-18,38.62,,38.07,worldgovernmentbonds,2026-08-01T18:05:45+00:00
cds_kr_5y,2023-10-19,2023-10-19,39.53,,38.62,worldgovernmentbonds,2026-08-01T18:05:45+00:00
cds_kr_5y,2023-10-20,2023-10-20,40.28,,39.53,worldgovernmentbonds,2026-08-01T18:05:45+00:00
cds_kr_5y,2023-10-23,2023-10-23,41.5,,40.28,worldgovernmentbonds,2026-08-01T18:05:45+00:00
cds_kr_5y,2023-10-24,2023-10-24,41.61,,41.5,worldgovernmentbonds,2026-08-01T18:05:45+00:00
cds_kr_5y,2023-10-25,2023-10-25,42.57,,41.61,worldgovernmentbonds,2026-08-01T18:05:45+00:00
cds_kr_5y,2023-10-26,2023-10-26,46.11,,42.57,worldgovernmentbonds,2026-08-01T18:05:45+00:00
cds_kr_5y,2023-10-27,2023-10-27,44.09,,46.11,worldgovernmentbonds,2026-08-01T18:05:45+00:00
cds_kr_5y,2023-10-30,2023-10-30,43.07,,44.09,worldgovernmentbonds,2026-08-01T18:05:45+00:00
cds_kr_5y,2023-10-31,2023-10-31,43.15,,43.07,worldgovernmentbonds,2026-08-01T18:05:45+00:00
cds_kr_5y,2023-11-01,2023-11-01,43.1,,43.15,worldgovernmentbonds,2026-08-01T18:05:45+00:00
cds_kr_5y,2023-11-02,2023-11-02,41.62,,43.1,worldgovernmentbonds,2026-08-01T18:05:45+00:00
cds_kr_5y,2023-11-03,2023-11-03,41.62,,41.62,worldgovernmentbonds,2026-08-01T18:05:45+00:00
cds_kr_5y,2023-11-04,2023-11-04,39.1,,41.62,worldgovernmentbonds,2026-08-01T18:05:45+00:00
cds_kr_5y,2023-11-05,2023-11-05,39.1,,39.1,worldgovernmentbonds,2026-08-01T18:05:45+00:00
cds_kr_5y,2023-11-06,2023-11-06,39.1,,39.1,worldgovernmentbonds,2026-08-01T18:05:45+00:00
cds_kr_5y,2023-11-08,2023-11-08,36.16,,39.1,worldgovernmentbonds,2026-08-01T18:05:45+00:00
cds_kr_5y,2023-11-09,2023-11-09,35.07,,36.16,worldgovernmentbonds,2026-08-01T18:05:45+00:00
cds_kr_5y,2023-11-11,2023-11-11,36.67,,35.07,worldgovernmentbonds,2026-08-01T18:05:45+00:00
cds_kr_5y,2023-11-12,2023-11-12,36.67,,36.67,worldgovernmentbonds,2026-08-01T18:05:45+00:00
cds_kr_5y,2023-11-13,2023-11-13,36.67,,36.67,worldgovernmentbonds,2026-08-01T18:05:45+00:00
cds_kr_5y,2023-11-14,2023-11-14,36.58,,36.67,worldgovernmentbonds,2026-08-01T18:05:45+00:00
cds_kr_5y,2023-11-15,2023-11-15,35.62,,36.58,worldgovernmentbonds,2026-08-01T18:05:45+00:00
cds_kr_5y,2023-11-16,2023-11-16,34.12,,35.62,worldgovernmentbonds,2026-08-01T18:05:45+00:00
cds_kr_5y,2023-11-17,2023-11-17,34.12,,34.12,worldgovernmentbonds,2026-08-01T18:05:45+00:00
cds_kr_5y,2023-11-18,2023-11-18,34.12,,34.12,worldgovernmentbonds,2026-08-01T18:05:45+00:00
cds_kr_5y,2023-11-19,2023-11-19,34.18,,34.12,worldgovernmentbonds,2026-08-01T18:05:45+00:00
cds_kr_5y,2023-11-20,2023-11-20,34.18,,34.18,worldgovernmentbonds,2026-08-01T18:05:45+00:00
cds_kr_5y,2023-11-21,2023-11-21,33.09,,34.18,worldgovernmentbonds,2026-08-01T18:05:45+00:00
cds_kr_5y,2023-11-22,2023-11-22,31.15,,33.09,worldgovernmentbonds,2026-08-01T18:05:45+00:00
cds_kr_5y,2023-11-23,2023-11-23,31.1,,31.15,worldgovernmentbonds,2026-08-01T18:05:45+00:00
cds_kr_5y,2023-11-24,2023-11-24,30.12,,31.1,worldgovernmentbonds,2026-08-01T18:05:45+00:00
cds_kr_5y,2023-11-25,2023-11-25,29.53,,30.12,worldgovernmentbonds,2026-08-01T18:05:45+00:00
cds_kr_5y,2023-11-26,2023-11-26,29.53,,29.53,worldgovernmentbonds,2026-08-01T18:05:45+00:00
cds_kr_5y,2023-11-27,2023-11-27,29.53,,29.53,worldgovernmentbonds,2026-08-01T18:05:45+00:00
cds_kr_5y,2023-11-28,2023-11-28,29.58,,29.53,worldgovernmentbonds,2026-08-01T18:05:45+00:00
cds_kr_5y,2023-11-29,2023-11-29,29.59,,29.58,worldgovernmentbonds,2026-08-01T18:05:45+00:00
cds_kr_5y,2023-11-30,2023-11-30,29.21,,29.59,worldgovernmentbonds,2026-08-01T18:05:45+00:00
cds_kr_5y,2023-12-01,2023-12-01,29.1,,29.21,worldgovernmentbonds,2026-08-01T18:05:45+00:00
cds_kr_5y,2023-12-02,2023-12-02,28.69,,29.1,worldgovernmentbonds,2026-08-01T18:05:45+00:00
cds_kr_5y,2023-12-03,2023-12-03,28.69,,28.69,worldgovernmentbonds,2026-08-01T18:05:45+00:00
cds_kr_5y,2023-12-04,2023-12-04,28.69,,28.69,worldgovernmentbonds,2026-08-01T18:05:45+00:00
cds_kr_5y,2023-12-05,2023-12-05,30.13,,28.69,worldgovernmentbonds,2026-08-01T18:05:45+00:00
cds_kr_5y,2023-12-06,2023-12-06,28.65,,30.13,worldgovernmentbonds,2026-08-01T18:05:45+00:00
cds_kr_5y,2023-12-07,2023-12-07,28.6,,28.65,worldgovernmentbonds,2026-08-01T18:05:45+00:00
cds_kr_5y,2023-12-10,2023-12-10,28.06,,28.6,worldgovernmentbonds,2026-08-01T18:05:45+00:00
cds_kr_5y,2023-12-12,2023-12-12,28.09,,28.06,worldgovernmentbonds,2026-08-01T18:05:45+00:00
cds_kr_5y,2023-12-14,2023-12-14,27.12,,28.09,worldgovernmentbonds,2026-08-01T18:05:45+00:00
cds_kr_5y,2023-12-15,2023-12-15,26.33,,27.12,worldgovernmentbonds,2026-08-01T18:05:45+00:00
cds_kr_5y,2023-12-16,2023-12-16,26.62,,26.33,worldgovernmentbonds,2026-08-01T18:05:45+00:00
cds_kr_5y,2023-12-17,2023-12-17,26.62,,26.62,worldgovernmentbonds,2026-08-01T18:05:45+00:00
cds_kr_5y,2023-12-18,2023-12-18,26.62,,26.62,worldgovernmentbonds,2026-08-01T18:05:45+00:00
cds_kr_5y,2023-12-19,2023-12-19,26.68,,26.62,worldgovernmentbonds,2026-08-01T18:05:45+00:00
cds_kr_5y,2023-12-20,2023-12-20,26.66,,26.68,worldgovernmentbonds,2026-08-01T18:05:45+00:00
cds_kr_5y,2023-12-21,2023-12-21,26.22,,26.66,worldgovernmentbonds,2026-08-01T18:05:45+00:00
cds_kr_5y,2023-12-22,2023-12-22,27.14,,26.22,worldgovernmentbonds,2026-08-01T18:05:45+00:00
cds_kr_5y,2023-12-23,2023-12-23,27.15,,27.14,worldgovernmentbonds,2026-08-01T18:05:45+00:00
cds_kr_5y,2023-12-24,2023-12-24,27.15,,27.15,worldgovernmentbonds,2026-08-01T18:05:45+00:00
cds_kr_5y,2023-12-25,2023-12-25,27.15,,27.15,worldgovernmentbonds,2026-08-01T18:05:45+00:00
cds_kr_5y,2023-12-26,2023-12-26,27.15,,27.15,worldgovernmentbonds,2026-08-01T18:05:45+00:00
cds_kr_5y,2023-12-27,2023-12-27,27.16,,27.15,worldgovernmentbonds,2026-08-01T18:05:45+00:00
cds_kr_5y,2023-12-28,2023-12-28,27.15,,27.16,worldgovernmentbonds,2026-08-01T18:05:45+00:00
cds_kr_5y,2023-12-29,2023-12-29,27.09,,27.15,worldgovernmentbonds,2026-08-01T18:05:45+00:00
cds_kr_5y,2023-12-30,2023-12-30,27.09,,27.09,worldgovernmentbonds,2026-08-01T18:05:45+00:00
cds_kr_5y,2023-12-31,2023-12-31,27.13,,27.09,worldgovernmentbonds,2026-08-01T18:05:45+00:00
cds_kr_5y,2024-01-01,2024-01-01,27.13,,27.13,worldgovernmentbonds,2026-08-01T18:05:45+00:00
cds_kr_5y,2024-01-02,2024-01-02,27.15,,27.13,worldgovernmentbonds,2026-08-01T18:05:45+00:00
cds_kr_5y,2024-01-03,2024-01-03,27.02,,27.15,worldgovernmentbonds,2026-08-01T18:05:45+00:00
cds_kr_5y,2024-01-04,2024-01-04,28.06,,27.02,worldgovernmentbonds,2026-08-01T18:05:45+00:00
cds_kr_5y,2024-01-06,2024-01-06,28.59,,28.06,worldgovernmentbonds,2026-08-01T18:05:45+00:00
cds_kr_5y,2024-01-07,2024-01-07,28.59,,28.59,worldgovernmentbonds,2026-08-01T18:05:45+00:00
cds_kr_5y,2024-01-08,2024-01-08,28.59,,28.59,worldgovernmentbonds,2026-08-01T18:05:45+00:00
cds_kr_5y,2024-01-10,2024-01-10,28.59,,28.59,worldgovernmentbonds,2026-08-01T18:05:45+00:00
cds_kr_5y,2024-01-12,2024-01-12,28.17,,28.59,worldgovernmentbonds,2026-08-01T18:05:45+00:00
cds_kr_5y,2024-01-13,2024-01-13,28.12,,28.17,worldgovernmentbonds,2026-08-01T18:05:45+00:00
cds_kr_5y,2024-01-14,2024-01-14,28.12,,28.12,worldgovernmentbonds,2026-08-01T18:05:45+00:00
cds_kr_5y,2024-01-15,2024-01-15,28.12,,28.12,worldgovernmentbonds,2026-08-01T18:05:45+00:00
cds_kr_5y,2024-01-16,2024-01-16,28.09,,28.12,worldgovernmentbonds,2026-08-01T18:05:45+00:00
cds_kr_5y,2024-01-17,2024-01-17,28.04,,28.09,worldgovernmentbonds,2026-08-01T18:05:45+00:00
cds_kr_5y,2024-01-18,2024-01-18,30.08,,28.04,worldgovernmentbonds,2026-08-01T18:05:45+00:00
cds_kr_5y,2024-01-19,2024-01-19,30.68,,30.08,worldgovernmentbonds,2026-08-01T18:05:45+00:00
cds_kr_5y,2024-01-20,2024-01-20,30.12,,30.68,worldgovernmentbonds,2026-08-01T18:05:45+00:00
cds_kr_5y,2024-01-21,2024-01-21,30.12,,30.12,worldgovernmentbonds,2026-08-01T18:05:45+00:00
cds_kr_5y,2024-01-22,2024-01-22,30.12,,30.12,worldgovernmentbonds,2026-08-01T18:05:45+00:00
cds_kr_5y,2024-01-23,2024-01-23,29.36,,30.12,worldgovernmentbonds,2026-08-01T18:05:45+00:00
cds_kr_5y,2024-01-24,2024-01-24,29.59,,29.36,worldgovernmentbonds,2026-08-01T18:05:45+00:00
cds_kr_5y,2024-01-26,2024-01-26,30.16,,29.59,worldgovernmentbonds,2026-08-01T18:05:45+00:00
cds_kr_5y,2024-01-27,2024-01-27,30.12,,30.16,worldgovernmentbonds,2026-08-01T18:05:45+00:00
cds_kr_5y,2024-01-28,2024-01-28,30.12,,30.12,worldgovernmentbonds,2026-08-01T18:05:45+00:00
cds_kr_5y,2024-01-29,2024-01-29,30.12,,30.12,worldgovernmentbonds,2026-08-01T18:05:45+00:00
cds_kr_5y,2024-01-30,2024-01-30,30.19,,30.12,worldgovernmentbonds,2026-08-01T18:05:45+00:00
cds_kr_5y,2024-02-01,2024-02-01,31.67,,30.19,worldgovernmentbonds,2026-08-01T18:05:45+00:00
cds_kr_5y,2024-02-02,2024-02-02,33.12,,31.67,worldgovernmentbonds,2026-08-01T18:05:45+00:00
cds_kr_5y,2024-02-03,2024-02-03,32.55,,33.12,worldgovernmentbonds,2026-08-01T18:05:45+00:00
cds_kr_5y,2024-02-04,2024-02-04,32.55,,32.55,worldgovernmentbonds,2026-08-01T18:05:45+00:00
cds_kr_5y,2024-02-06,2024-02-06,32.55,,32.55,worldgovernmentbonds,2026-08-01T18:05:45+00:00
cds_kr_5y,2024-02-07,2024-02-07,32.16,,32.55,worldgovernmentbonds,2026-08-01T18:05:45+00:00
cds_kr_5y,2024-02-08,2024-02-08,30.6,,32.16,worldgovernmentbonds,2026-08-01T18:05:45+00:00
cds_kr_5y,2024-02-09,2024-02-09,31.63,,30.6,worldgovernmentbonds,2026-08-01T18:05:45+00:00
cds_kr_5y,2024-02-10,2024-02-10,31.61,,31.63,worldgovernmentbonds,2026-08-01T18:05:45+00:00
cds_kr_5y,2024-02-11,2024-02-11,31.61,,31.61,worldgovernmentbonds,2026-08-01T18:05:45+00:00
cds_kr_5y,2024-02-12,2024-02-12,31.61,,31.61,worldgovernmentbonds,2026-08-01T18:05:45+00:00
cds_kr_5y,2024-02-13,2024-02-13,31.61,,31.61,worldgovernmentbonds,2026-08-01T18:05:45+00:00
cds_kr_5y,2024-02-14,2024-02-14,31.6,,31.61,worldgovernmentbonds,2026-08-01T18:05:45+00:00
cds_kr_5y,2024-02-15,2024-02-15,33.18,,31.6,worldgovernmentbonds,2026-08-01T18:05:45+00:00
cds_kr_5y,2024-02-16,2024-02-16,32.66,,33.18,worldgovernmentbonds,2026-08-01T18:05:45+00:00
cds_kr_5y,2024-02-17,2024-02-17,32.07,,32.66,worldgovernmentbonds,2026-08-01T18:05:45+00:00
cds_kr_5y,2024-02-18,2024-02-18,32.07,,32.07,worldgovernmentbonds,2026-08-01T18:05:45+00:00
cds_kr_5y,2024-02-19,2024-02-19,32.07,,32.07,worldgovernmentbonds,2026-08-01T18:05:45+00:00
cds_kr_5y,2024-02-20,2024-02-20,32.11,,32.07,worldgovernmentbonds,2026-08-01T18:05:45+00:00
cds_kr_5y,2024-02-22,2024-02-22,32.12,,32.11,worldgovernmentbonds,2026-08-01T18:05:45+00:00
cds_kr_5y,2024-02-23,2024-02-23,32.1,,32.12,worldgovernmentbonds,2026-08-01T18:05:45+00:00
cds_kr_5y,2024-02-25,2024-02-25,31.03,,32.1,worldgovernmentbonds,2026-08-01T18:05:45+00:00
cds_kr_5y,2024-02-26,2024-02-26,31.03,,31.03,worldgovernmentbonds,2026-08-01T18:05:45+00:00
cds_kr_5y,2024-02-27,2024-02-27,31.61,,31.03,worldgovernmentbonds,2026-08-01T18:05:45+00:00
cds_kr_5y,2024-02-28,2024-02-28,32.09,,31.61,worldgovernmentbonds,2026-08-01T18:05:45+00:00
cds_kr_5y,2024-02-29,2024-02-29,32.1,,32.09,worldgovernmentbonds,2026-08-01T18:05:45+00:00
cds_kr_5y,2024-03-01,2024-03-01,32.05,,32.1,worldgovernmentbonds,2026-08-01T18:05:45+00:00
cds_kr_5y,2024-03-02,2024-03-02,32.09,,32.05,worldgovernmentbonds,2026-08-01T18:05:45+00:00
cds_kr_5y,2024-03-04,2024-03-04,32.09,,32.09,worldgovernmentbonds,2026-08-01T18:05:45+00:00
cds_kr_5y,2024-03-05,2024-03-05,32.09,,32.09,worldgovernmentbonds,2026-08-01T18:05:45+00:00
cds_kr_5y,2024-03-06,2024-03-06,32.13,,32.09,worldgovernmentbonds,2026-08-01T18:05:45+00:00
cds_kr_5y,2024-03-07,2024-03-07,32.05,,32.13,worldgovernmentbonds,2026-08-01T18:05:45+00:00
cds_kr_5y,2024-03-08,2024-03-08,32.08,,32.05,worldgovernmentbonds,2026-08-01T18:05:45+00:00
cds_kr_5y,2024-03-09,2024-03-09,32.12,,32.08,worldgovernmentbonds,2026-08-01T18:05:45+00:00
cds_kr_5y,2024-03-10,2024-03-10,32.12,,32.12,worldgovernmentbonds,2026-08-01T18:05:45+00:00
cds_kr_5y,2024-03-12,2024-03-12,34.09,,32.12,worldgovernmentbonds,2026-08-01T18:05:45+00:00
cds_kr_5y,2024-03-13,2024-03-13,34.09,,34.09,worldgovernmentbonds,2026-08-01T18:05:45+00:00
cds_kr_5y,2024-03-14,2024-03-14,34.1,,34.09,worldgovernmentbonds,2026-08-01T18:05:45+00:00
cds_kr_5y,2024-03-15,2024-03-15,34.08,,34.1,worldgovernmentbonds,2026-08-01T18:05:45+00:00
cds_kr_5y,2024-03-16,2024-03-16,34.08,,34.08,worldgovernmentbonds,2026-08-01T18:05:45+00:00
cds_kr_5y,2024-03-17,2024-03-17,34.08,,34.08,worldgovernmentbonds,2026-08-01T18:05:45+00:00
cds_kr_5y,2024-03-18,2024-03-18,34.08,,34.08,worldgovernmentbonds,2026-08-01T18:05:45+00:00
cds_kr_5y,2024-03-19,2024-03-19,34.1,,34.08,worldgovernmentbonds,2026-08-01T18:05:45+00:00
cds_kr_5y,2024-03-20,2024-03-20,34.1,,34.1,worldgovernmentbonds,2026-08-01T18:05:45+00:00
cds_kr_5y,2024-03-22,2024-03-22,36.17,,34.1,worldgovernmentbonds,2026-08-01T18:05:45+00:00
cds_kr_5y,2024-03-23,2024-03-23,36.17,,36.17,worldgovernmentbonds,2026-08-01T18:05:45+00:00
cds_kr_5y,2024-03-24,2024-03-24,36.15,,36.17,worldgovernmentbonds,2026-08-01T18:05:45+00:00
cds_kr_5y,2024-03-25,2024-03-25,36.15,,36.15,worldgovernmentbonds,2026-08-01T18:05:45+00:00
cds_kr_5y,2024-03-26,2024-03-26,37.08,,36.15,worldgovernmentbonds,2026-08-01T18:05:45+00:00
cds_kr_5y,2024-03-27,2024-03-27,38.14,,37.08,worldgovernmentbonds,2026-08-01T18:05:45+00:00
cds_kr_5y,2024-03-28,2024-03-28,38.6,,38.14,worldgovernmentbonds,2026-08-01T18:05:45+00:00
cds_kr_5y,2024-03-29,2024-03-29,38.55,,38.6,worldgovernmentbonds,2026-08-01T18:05:45+00:00
cds_kr_5y,2024-03-31,2024-03-31,38.64,,38.55,worldgovernmentbonds,2026-08-01T18:05:45+00:00
cds_kr_5y,2024-04-01,2024-04-01,38.64,,38.64,worldgovernmentbonds,2026-08-01T18:05:45+00:00
cds_kr_5y,2024-04-02,2024-04-02,38.65,,38.64,worldgovernmentbonds,2026-08-01T18:05:45+00:00
cds_kr_5y,2024-04-03,2024-04-03,38.13,,38.65,worldgovernmentbonds,2026-08-01T18:05:45+00:00
cds_kr_5y,2024-04-04,2024-04-04,38.58,,38.13,worldgovernmentbonds,2026-08-01T18:05:45+00:00
cds_kr_5y,2024-04-05,2024-04-05,38.59,,38.58,worldgovernmentbonds,2026-08-01T18:05:45+00:00
cds_kr_5y,2024-04-06,2024-04-06,39.07,,38.59,worldgovernmentbonds,2026-08-01T18:05:45+00:00
cds_kr_5y,2024-04-08,2024-04-08,39.07,,39.07,worldgovernmentbonds,2026-08-01T18:05:45+00:00
cds_kr_5y,2024-04-09,2024-04-09,39.04,,39.07,worldgovernmentbonds,2026-08-01T18:05:45+00:00
cds_kr_5y,2024-04-10,2024-04-10,38.15,,39.04,worldgovernmentbonds,2026-08-01T18:05:45+00:00
cds_kr_5y,2024-04-11,2024-04-11,38.15,,38.15,worldgovernmentbonds,2026-08-01T18:05:45+00:00
cds_kr_5y,2024-04-12,2024-04-12,38.09,,38.15,worldgovernmentbonds,2026-08-01T18:05:45+00:00
cds_kr_5y,2024-04-13,2024-04-13,38.09,,38.09,worldgovernmentbonds,2026-08-01T18:05:45+00:00
cds_kr_5y,2024-04-14,2024-04-14,38.16,,38.09,worldgovernmentbonds,2026-08-01T18:05:45+00:00
cds_kr_5y,2024-04-15,2024-04-15,38.16,,38.16,worldgovernmentbonds,2026-08-01T18:05:45+00:00
cds_kr_5y,2024-04-16,2024-04-16,38.55,,38.16,worldgovernmentbonds,2026-08-01T18:05:45+00:00
cds_kr_5y,2024-04-17,2024-04-17,40.09,,38.55,worldgovernmentbonds,2026-08-01T18:05:45+00:00
cds_kr_5y,2024-04-18,2024-04-18,40.13,,40.09,worldgovernmentbonds,2026-08-01T18:05:45+00:00
cds_kr_5y,2024-04-19,2024-04-19,39.13,,40.13,worldgovernmentbonds,2026-08-01T18:05:45+00:00
cds_kr_5y,2024-04-20,2024-04-20,40.15,,39.13,worldgovernmentbonds,2026-08-01T18:05:45+00:00
cds_kr_5y,2024-04-21,2024-04-21,40.15,,40.15,worldgovernmentbonds,2026-08-01T18:05:45+00:00
cds_kr_5y,2024-04-22,2024-04-22,40.15,,40.15,worldgovernmentbonds,2026-08-01T18:05:45+00:00
cds_kr_5y,2024-04-23,2024-04-23,39.57,,40.15,worldgovernmentbonds,2026-08-01T18:05:45+00:00
cds_kr_5y,2024-04-24,2024-04-24,39.08,,39.57,worldgovernmentbonds,2026-08-01T18:05:45+00:00
cds_kr_5y,2024-04-25,2024-04-25,38.56,,39.08,worldgovernmentbonds,2026-08-01T18:05:45+00:00
cds_kr_5y,2024-04-26,2024-04-26,38.62,,38.56,worldgovernmentbonds,2026-08-01T18:05:45+00:00
cds_kr_5y,2024-04-27,2024-04-27,38.62,,38.62,worldgovernmentbonds,2026-08-01T18:05:45+00:00
cds_kr_5y,2024-04-28,2024-04-28,38.62,,38.62,worldgovernmentbonds,2026-08-01T18:05:45+00:00
cds_kr_5y,2024-04-29,2024-04-29,38.62,,38.62,worldgovernmentbonds,2026-08-01T18:05:45+00:00
cds_kr_5y,2024-04-30,2024-04-30,37.16,,38.62,worldgovernmentbonds,2026-08-01T18:05:45+00:00
cds_kr_5y,2024-05-01,2024-05-01,36.59,,37.16,worldgovernmentbonds,2026-08-01T18:05:45+00:00
cds_kr_5y,2024-05-02,2024-05-02,36.62,,36.59,worldgovernmentbonds,2026-08-01T18:05:45+00:00
cds_kr_5y,2024-05-03,2024-05-03,36.16,,36.62,worldgovernmentbonds,2026-08-01T18:05:45+00:00
cds_kr_5y,2024-05-04,2024-05-04,36.16,,36.16,worldgovernmentbonds,2026-08-01T18:05:45+00:00
cds_kr_5y,2024-05-05,2024-05-05,35.63,,36.16,worldgovernmentbonds,2026-08-01T18:05:45+00:00
cds_kr_5y,2024-05-06,2024-05-06,35.63,,35.63,worldgovernmentbonds,2026-08-01T18:05:45+00:00
cds_kr_5y,2024-05-07,2024-05-07,35.63,,35.63,worldgovernmentbonds,2026-08-01T18:05:45+00:00
cds_kr_5y,2024-05-08,2024-05-08,34.67,,35.63,worldgovernmentbonds,2026-08-01T18:05:45+00:00
cds_kr_5y,2024-05-09,2024-05-09,34.64,,34.67,worldgovernmentbonds,2026-08-01T18:05:45+00:00
cds_kr_5y,2024-05-10,2024-05-10,35.09,,34.64,worldgovernmentbonds,2026-08-01T18:05:45+00:00
cds_kr_5y,2024-05-11,2024-05-11,35.09,,35.09,worldgovernmentbonds,2026-08-01T18:05:45+00:00
cds_kr_5y,2024-05-12,2024-05-12,35.09,,35.09,worldgovernmentbonds,2026-08-01T18:05:45+00:00
cds_kr_5y,2024-05-13,2024-05-13,35.09,,35.09,worldgovernmentbonds,2026-08-01T18:05:45+00:00
cds_kr_5y,2024-05-14,2024-05-14,35.12,,35.09,worldgovernmentbonds,2026-08-01T18:05:45+00:00
cds_kr_5y,2024-05-15,2024-05-15,35.12,,35.12,worldgovernmentbonds,2026-08-01T18:05:45+00:00
cds_kr_5y,2024-05-16,2024-05-16,35.13,,35.12,worldgovernmentbonds,2026-08-01T18:05:45+00:00
cds_kr_5y,2024-05-17,2024-05-17,35.27,,35.13,worldgovernmentbonds,2026-08-01T18:05:45+00:00
cds_kr_5y,2024-05-18,2024-05-18,35.27,,35.27,worldgovernmentbonds,2026-08-01T18:05:45+00:00
cds_kr_5y,2024-05-19,2024-05-19,33.61,,35.27,worldgovernmentbonds,2026-08-01T18:05:45+00:00
cds_kr_5y,2024-05-20,2024-05-20,33.61,,33.61,worldgovernmentbonds,2026-08-01T18:05:45+00:00
cds_kr_5y,2024-05-21,2024-05-21,33.59,,33.61,worldgovernmentbonds,2026-08-01T18:05:45+00:00
cds_kr_5y,2024-05-22,2024-05-22,33.62,,33.59,worldgovernmentbonds,2026-08-01T18:05:45+00:00
cds_kr_5y,2024-05-23,2024-05-23,33.55,,33.62,worldgovernmentbonds,2026-08-01T18:05:45+00:00
cds_kr_5y,2024-05-24,2024-05-24,33.59,,33.55,worldgovernmentbonds,2026-08-01T18:05:45+00:00
cds_kr_5y,2024-05-25,2024-05-25,34.62,,33.59,worldgovernmentbonds,2026-08-01T18:05:45+00:00
cds_kr_5y,2024-05-26,2024-05-26,34.62,,34.62,worldgovernmentbonds,2026-08-01T18:05:45+00:00
cds_kr_5y,2024-05-27,2024-05-27,34.62,,34.62,worldgovernmentbonds,2026-08-01T18:05:45+00:00
cds_kr_5y,2024-05-28,2024-05-28,34.6,,34.62,worldgovernmentbonds,2026-08-01T18:05:45+00:00
cds_kr_5y,2024-05-29,2024-05-29,34.62,,34.6,worldgovernmentbonds,2026-08-01T18:05:45+00:00
cds_kr_5y,2024-05-30,2024-05-30,34.58,,34.62,worldgovernmentbonds,2026-08-01T18:05:45+00:00
cds_kr_5y,2024-05-31,2024-05-31,37.78,,34.58,worldgovernmentbonds,2026-08-01T18:05:45+00:00
cds_kr_5y,2024-06-01,2024-06-01,37.78,,37.78,worldgovernmentbonds,2026-08-01T18:05:45+00:00
cds_kr_5y,2024-06-02,2024-06-02,37.78,,37.78,worldgovernmentbonds,2026-08-01T18:05:45+00:00
cds_kr_5y,2024-06-03,2024-06-03,37.78,,37.78,worldgovernmentbonds,2026-08-01T18:05:45+00:00
cds_kr_5y,2024-06-04,2024-06-04,34.62,,37.78,worldgovernmentbonds,2026-08-01T18:05:45+00:00
cds_kr_5y,2024-06-05,2024-06-05,34.62,,34.62,worldgovernmentbonds,2026-08-01T18:05:45+00:00
cds_kr_5y,2024-06-06,2024-06-06,35.06,,34.62,worldgovernmentbonds,2026-08-01T18:05:45+00:00
cds_kr_5y,2024-06-07,2024-06-07,34.08,,35.06,worldgovernmentbonds,2026-08-01T18:05:45+00:00
cds_kr_5y,2024-06-08,2024-06-08,35.1,,34.08,worldgovernmentbonds,2026-08-01T18:05:45+00:00
cds_kr_5y,2024-06-09,2024-06-09,35.1,,35.1,worldgovernmentbonds,2026-08-01T18:05:45+00:00
cds_kr_5y,2024-06-10,2024-06-10,35.1,,35.1,worldgovernmentbonds,2026-08-01T18:05:45+00:00
cds_kr_5y,2024-06-11,2024-06-11,35.1,,35.1,worldgovernmentbonds,2026-08-01T18:05:45+00:00
cds_kr_5y,2024-06-12,2024-06-12,35.15,,35.1,worldgovernmentbonds,2026-08-01T18:05:45+00:00
cds_kr_5y,2024-06-13,2024-06-13,35.6,,35.15,worldgovernmentbonds,2026-08-01T18:05:45+00:00
cds_kr_5y,2024-06-14,2024-06-14,38.71,,35.6,worldgovernmentbonds,2026-08-01T18:05:45+00:00
cds_kr_5y,2024-06-15,2024-06-15,35.09,,38.71,worldgovernmentbonds,2026-08-01T18:05:45+00:00
cds_kr_5y,2024-06-16,2024-06-16,35.09,,35.09,worldgovernmentbonds,2026-08-01T18:05:45+00:00
cds_kr_5y,2024-06-17,2024-06-17,35.09,,35.09,worldgovernmentbonds,2026-08-01T18:05:45+00:00
cds_kr_5y,2024-06-18,2024-06-18,35.59,,35.09,worldgovernmentbonds,2026-08-01T18:05:45+00:00
cds_kr_5y,2024-06-19,2024-06-19,36.11,,35.59,worldgovernmentbonds,2026-08-01T18:05:45+00:00
cds_kr_5y,2024-06-20,2024-06-20,35.6,,36.11,worldgovernmentbonds,2026-08-01T18:05:45+00:00
cds_kr_5y,2024-06-21,2024-06-21,35.56,,35.6,worldgovernmentbonds,2026-08-01T18:05:45+00:00
cds_kr_5y,2024-06-22,2024-06-22,36.14,,35.56,worldgovernmentbonds,2026-08-01T18:05:45+00:00
cds_kr_5y,2024-06-23,2024-06-23,36.14,,36.14,worldgovernmentbonds,2026-08-01T18:05:45+00:00
cds_kr_5y,2024-06-24,2024-06-24,36.14,,36.14,worldgovernmentbonds,2026-08-01T18:05:45+00:00
cds_kr_5y,2024-06-25,2024-06-25,36.11,,36.14,worldgovernmentbonds,2026-08-01T18:05:45+00:00
cds_kr_5y,2024-06-26,2024-06-26,36.09,,36.11,worldgovernmentbonds,2026-08-01T18:05:45+00:00
cds_kr_5y,2024-06-27,2024-06-27,36.05,,36.09,worldgovernmentbonds,2026-08-01T18:05:45+00:00
cds_kr_5y,2024-06-28,2024-06-28,36.09,,36.05,worldgovernmentbonds,2026-08-01T18:05:45+00:00
cds_kr_5y,2024-06-29,2024-06-29,36.09,,36.09,worldgovernmentbonds,2026-08-01T18:05:45+00:00
cds_kr_5y,2024-06-30,2024-06-30,36.09,,36.09,worldgovernmentbonds,2026-08-01T18:05:45+00:00
cds_kr_5y,2024-07-01,2024-07-01,36.09,,36.09,worldgovernmentbonds,2026-08-01T18:05:45+00:00
cds_kr_5y,2024-07-02,2024-07-02,36.1,,36.09,worldgovernmentbonds,2026-08-01T18:05:45+00:00
cds_kr_5y,2024-07-03,2024-07-03,36.15,,36.1,worldgovernmentbonds,2026-08-01T18:05:45+00:00
cds_kr_5y,2024-07-04,2024-07-04,35.6,,36.15,worldgovernmentbonds,2026-08-01T18:05:45+00:00
cds_kr_5y,2024-07-05,2024-07-05,35.37,,35.6,worldgovernmentbonds,2026-08-01T18:05:45+00:00
cds_kr_5y,2024-07-06,2024-07-06,35.14,,35.37,worldgovernmentbonds,2026-08-01T18:05:45+00:00
cds_kr_5y,2024-07-07,2024-07-07,35.14,,35.14,worldgovernmentbonds,2026-08-01T18:05:45+00:00
cds_kr_5y,2024-07-08,2024-07-08,35.14,,35.14,worldgovernmentbonds,2026-08-01T18:05:45+00:00
cds_kr_5y,2024-07-09,2024-07-09,35.06,,35.14,worldgovernmentbonds,2026-08-01T18:05:45+00:00
cds_kr_5y,2024-07-10,2024-07-10,35.11,,35.06,worldgovernmentbonds,2026-08-01T18:05:45+00:00
cds_kr_5y,2024-07-11,2024-07-11,35.11,,35.11,worldgovernmentbonds,2026-08-01T18:05:45+00:00
cds_kr_5y,2024-07-12,2024-07-12,35.14,,35.11,worldgovernmentbonds,2026-08-01T18:05:45+00:00
cds_kr_5y,2024-07-13,2024-07-13,35.09,,35.14,worldgovernmentbonds,2026-08-01T18:05:45+00:00
cds_kr_5y,2024-07-14,2024-07-14,35.09,,35.09,worldgovernmentbonds,2026-08-01T18:05:45+00:00
cds_kr_5y,2024-07-15,2024-07-15,35.09,,35.09,worldgovernmentbonds,2026-08-01T18:05:45+00:00
cds_kr_5y,2024-07-16,2024-07-16,35.15,,35.09,worldgovernmentbonds,2026-08-01T18:05:45+00:00
cds_kr_5y,2024-07-17,2024-07-17,35.21,,35.15,worldgovernmentbonds,2026-08-01T18:05:45+00:00
cds_kr_5y,2024-07-18,2024-07-18,35.13,,35.21,worldgovernmentbonds,2026-08-01T18:05:45+00:00
cds_kr_5y,2024-07-19,2024-07-19,35.6,,35.13,worldgovernmentbonds,2026-08-01T18:05:45+00:00
cds_kr_5y,2024-07-20,2024-07-20,35.6,,35.6,worldgovernmentbonds,2026-08-01T18:05:45+00:00
cds_kr_5y,2024-07-21,2024-07-21,35.6,,35.6,worldgovernmentbonds,2026-08-01T18:05:45+00:00
cds_kr_5y,2024-07-22,2024-07-22,35.6,,35.6,worldgovernmentbonds,2026-08-01T18:05:45+00:00
cds_kr_5y,2024-07-23,2024-07-23,37.13,,35.6,worldgovernmentbonds,2026-08-01T18:05:45+00:00
cds_kr_5y,2024-07-24,2024-07-24,36.16,,37.13,worldgovernmentbonds,2026-08-01T18:05:45+00:00
cds_kr_5y,2024-07-25,2024-07-25,36.17,,36.16,worldgovernmentbonds,2026-08-01T18:05:45+00:00
cds_kr_5y,2024-07-26,2024-07-26,36.74,,36.17,worldgovernmentbonds,2026-08-01T18:05:45+00:00
cds_kr_5y,2024-07-27,2024-07-27,36.74,,36.74,worldgovernmentbonds,2026-08-01T18:05:45+00:00
cds_kr_5y,2024-07-28,2024-07-28,36.64,,36.74,worldgovernmentbonds,2026-08-01T18:05:45+00:00
cds_kr_5y,2024-07-29,2024-07-29,36.64,,36.64,worldgovernmentbonds,2026-08-01T18:05:45+00:00
cds_kr_5y,2024-07-30,2024-07-30,36.68,,36.64,worldgovernmentbonds,2026-08-01T18:05:45+00:00
cds_kr_5y,2024-07-31,2024-07-31,35.63,,36.68,worldgovernmentbonds,2026-08-01T18:05:45+00:00
cds_kr_5y,2024-08-01,2024-08-01,35.63,,35.63,worldgovernmentbonds,2026-08-01T18:05:45+00:00
cds_kr_5y,2024-08-02,2024-08-02,34.61,,35.63,worldgovernmentbonds,2026-08-01T18:05:45+00:00
cds_kr_5y,2024-08-03,2024-08-03,35.66,,34.61,worldgovernmentbonds,2026-08-01T18:05:45+00:00
cds_kr_5y,2024-08-04,2024-08-04,35.66,,35.66,worldgovernmentbonds,2026-08-01T18:10:14+00:00
cds_kr_5y,2024-08-05,2024-08-05,35.66,,35.66,worldgovernmentbonds,2026-08-01T18:05:45+00:00
cds_kr_5y,2024-08-06,2024-08-06,38.76,,35.66,worldgovernmentbonds,2026-08-01T18:05:45+00:00
cds_kr_5y,2024-08-07,2024-08-07,38.76,,38.76,worldgovernmentbonds,2026-08-01T18:05:45+00:00
cds_kr_5y,2024-08-08,2024-08-08,38.07,,38.76,worldgovernmentbonds,2026-08-01T18:05:45+00:00
cds_kr_5y,2024-08-09,2024-08-09,38.07,,38.07,worldgovernmentbonds,2026-08-01T18:05:45+00:00
cds_kr_5y,2024-08-10,2024-08-10,38.07,,38.07,worldgovernmentbonds,2026-08-01T18:05:45+00:00
cds_kr_5y,2024-08-11,2024-08-11,39.14,,38.07,worldgovernmentbonds,2026-08-01T18:10:14+00:00
cds_kr_5y,2024-08-12,2024-08-12,39.14,,39.14,worldgovernmentbonds,2026-08-01T18:05:45+00:00
cds_kr_5y,2024-08-13,2024-08-13,38.12,,39.14,worldgovernmentbonds,2026-08-01T18:05:45+00:00
cds_kr_5y,2024-08-16,2024-08-16,36.14,,38.12,worldgovernmentbonds,2026-08-01T18:05:45+00:00
cds_kr_5y,2024-08-17,2024-08-17,34.66,,36.14,worldgovernmentbonds,2026-08-01T18:05:45+00:00
cds_kr_5y,2024-08-18,2024-08-18,34.66,,34.66,worldgovernmentbonds,2026-08-01T18:10:14+00:00
cds_kr_5y,2024-08-20,2024-08-20,34.65,,34.66,worldgovernmentbonds,2026-08-01T18:05:45+00:00
cds_kr_5y,2024-08-21,2024-08-21,33.66,,34.65,worldgovernmentbonds,2026-08-01T18:05:45+00:00
cds_kr_5y,2024-08-22,2024-08-22,33.66,,33.66,worldgovernmentbonds,2026-08-01T18:05:45+00:00
cds_kr_5y,2024-08-23,2024-08-23,34.1,,33.66,worldgovernmentbonds,2026-08-01T18:05:45+00:00
cds_kr_5y,2024-08-24,2024-08-24,34.08,,34.1,worldgovernmentbonds,2026-08-01T18:05:45+00:00
cds_kr_5y,2024-08-25,2024-08-25,34.1,,34.08,worldgovernmentbonds,2026-08-01T18:10:14+00:00
cds_kr_5y,2024-08-26,2024-08-26,34.16,,34.1,worldgovernmentbonds,2026-08-01T18:05:45+00:00
cds_kr_5y,2024-08-27,2024-08-27,33.18,,34.16,worldgovernmentbonds,2026-08-01T18:05:45+00:00
cds_kr_5y,2024-08-28,2024-08-28,33.12,,33.18,worldgovernmentbonds,2026-08-01T18:05:45+00:00
cds_kr_5y,2024-08-29,2024-08-29,32.15,,33.12,worldgovernmentbonds,2026-08-01T18:05:45+00:00
cds_kr_5y,2024-08-30,2024-08-30,32.18,,32.15,worldgovernmentbonds,2026-08-01T18:05:45+00:00
cds_kr_5y,2024-08-31,2024-08-31,32.18,,32.18,worldgovernmentbonds,2026-08-01T18:05:45+00:00
cds_kr_5y,2024-09-01,2024-09-01,32.15,,32.18,worldgovernmentbonds,2026-08-01T18:10:14+00:00
cds_kr_5y,2024-09-02,2024-09-02,32.15,,32.15,worldgovernmentbonds,2026-08-01T18:05:45+00:00
cds_kr_5y,2024-09-03,2024-09-03,32.12,,32.15,worldgovernmentbonds,2026-08-01T18:05:45+00:00
cds_kr_5y,2024-09-04,2024-09-04,32.13,,32.12,worldgovernmentbonds,2026-08-01T18:05:45+00:00
cds_kr_5y,2024-09-05,2024-09-05,33.18,,32.13,worldgovernmentbonds,2026-08-01T18:05:45+00:00
cds_kr_5y,2024-09-06,2024-09-06,32.64,,33.18,worldgovernmentbonds,2026-08-01T18:05:45+00:00
cds_kr_5y,2024-09-07,2024-09-07,32.7,,32.64,worldgovernmentbonds,2026-08-01T18:05:45+00:00
cds_kr_5y,2024-09-08,2024-09-08,32.69,,32.7,worldgovernmentbonds,2026-08-01T18:10:14+00:00
cds_kr_5y,2024-09-09,2024-09-09,32.69,,32.69,worldgovernmentbonds,2026-08-01T18:05:45+00:00
cds_kr_5y,2024-09-10,2024-09-10,33.08,,32.69,worldgovernmentbonds,2026-08-01T18:05:45+00:00
cds_kr_5y,2024-09-11,2024-09-11,33.12,,33.08,worldgovernmentbonds,2026-08-01T18:05:45+00:00
cds_kr_5y,2024-09-12,2024-09-12,34.17,,33.12,worldgovernmentbonds,2026-08-01T18:05:45+00:00
cds_kr_5y,2024-09-13,2024-09-13,33.12,,34.17,worldgovernmentbonds,2026-08-01T18:05:45+00:00
cds_kr_5y,2024-09-14,2024-09-14,32.24,,33.12,worldgovernmentbonds,2026-08-01T18:05:45+00:00
cds_kr_5y,2024-09-15,2024-09-15,32.24,,32.24,worldgovernmentbonds,2026-08-01T18:10:14+00:00
cds_kr_5y,2024-09-16,2024-09-16,32.24,,32.24,worldgovernmentbonds,2026-08-01T18:05:45+00:00
cds_kr_5y,2024-09-17,2024-09-17,32.18,,32.24,worldgovernmentbonds,2026-08-01T18:05:45+00:00
cds_kr_5y,2024-09-18,2024-09-18,32.15,,32.18,worldgovernmentbonds,2026-08-01T18:05:45+00:00
cds_kr_5y,2024-09-19,2024-09-19,32.1,,32.15,worldgovernmentbonds,2026-08-01T18:05:45+00:00
cds_kr_5y,2024-09-20,2024-09-20,32.1,,32.1,worldgovernmentbonds,2026-08-01T18:05:45+00:00
cds_kr_5y,2024-09-21,2024-09-21,30.66,,32.1,worldgovernmentbonds,2026-08-01T18:05:45+00:00
cds_kr_5y,2024-09-22,2024-09-22,30.66,,30.66,worldgovernmentbonds,2026-08-01T18:10:14+00:00
cds_kr_5y,2024-09-23,2024-09-23,30.66,,30.66,worldgovernmentbonds,2026-08-01T18:05:45+00:00
cds_kr_5y,2024-09-24,2024-09-24,30.67,,30.66,worldgovernmentbonds,2026-08-01T18:05:45+00:00
cds_kr_5y,2024-09-25,2024-09-25,30.67,,30.67,worldgovernmentbonds,2026-08-01T18:05:45+00:00
cds_kr_5y,2024-09-26,2024-09-26,31.58,,30.67,worldgovernmentbonds,2026-08-01T18:05:45+00:00
cds_kr_5y,2024-09-27,2024-09-27,30.64,,31.58,worldgovernmentbonds,2026-08-01T18:05:45+00:00
cds_kr_5y,2024-09-28,2024-09-28,31.13,,30.64,worldgovernmentbonds,2026-08-01T18:05:45+00:00
cds_kr_5y,2024-09-29,2024-09-29,31.13,,31.13,worldgovernmentbonds,2026-08-01T18:10:14+00:00
cds_kr_5y,2024-09-30,2024-09-30,31.13,,31.13,worldgovernmentbonds,2026-08-01T18:05:45+00:00
cds_kr_5y,2024-10-01,2024-10-01,31.07,,31.13,worldgovernmentbonds,2026-08-01T18:05:45+00:00
cds_kr_5y,2024-10-02,2024-10-02,31.07,,31.07,worldgovernmentbonds,2026-08-01T18:05:45+00:00
cds_kr_5y,2024-10-03,2024-10-03,31.59,,31.07,worldgovernmentbonds,2026-08-01T18:05:45+00:00
cds_kr_5y,2024-10-04,2024-10-04,31.59,,31.59,worldgovernmentbonds,2026-08-01T18:05:45+00:00
cds_kr_5y,2024-10-05,2024-10-05,31.59,,31.59,worldgovernmentbonds,2026-08-01T18:05:45+00:00
cds_kr_5y,2024-10-06,2024-10-06,31.59,,31.59,worldgovernmentbonds,2026-08-01T18:10:14+00:00
cds_kr_5y,2024-10-07,2024-10-07,31.59,,31.59,worldgovernmentbonds,2026-08-01T18:05:45+00:00
cds_kr_5y,2024-10-08,2024-10-08,31.58,,31.59,worldgovernmentbonds,2026-08-01T18:05:45+00:00
cds_kr_5y,2024-10-09,2024-10-09,32.15,,31.58,worldgovernmentbonds,2026-08-01T18:05:45+00:00
cds_kr_5y,2024-10-10,2024-10-10,32.14,,32.15,worldgovernmentbonds,2026-08-01T18:05:45+00:00
cds_kr_5y,2024-10-11,2024-10-11,32.14,,32.14,worldgovernmentbonds,2026-08-01T18:05:45+00:00
cds_kr_5y,2024-10-12,2024-10-12,32.14,,32.14,worldgovernmentbonds,2026-08-01T18:05:45+00:00
cds_kr_5y,2024-10-13,2024-10-13,32.1,,32.14,worldgovernmentbonds,2026-08-01T18:10:14+00:00
cds_kr_5y,2024-10-14,2024-10-14,32.1,,32.1,worldgovernmentbonds,2026-08-01T18:05:45+00:00
cds_kr_5y,2024-10-15,2024-10-15,32.1,,32.1,worldgovernmentbonds,2026-08-01T18:05:45+00:00
cds_kr_5y,2024-10-16,2024-10-16,32.12,,32.1,worldgovernmentbonds,2026-08-01T18:05:45+00:00
cds_kr_5y,2024-10-17,2024-10-17,32.16,,32.12,worldgovernmentbonds,2026-08-01T18:05:45+00:00
cds_kr_5y,2024-10-18,2024-10-18,32.58,,32.16,worldgovernmentbonds,2026-08-01T18:05:45+00:00
cds_kr_5y,2024-10-19,2024-10-19,32.62,,32.58,worldgovernmentbonds,2026-08-01T18:05:45+00:00
cds_kr_5y,2024-10-20,2024-10-20,32.62,,32.62,worldgovernmentbonds,2026-08-01T18:10:14+00:00
cds_kr_5y,2024-10-21,2024-10-21,32.62,,32.62,worldgovernmentbonds,2026-08-01T18:05:45+00:00
cds_kr_5y,2024-10-22,2024-10-22,33.07,,32.62,worldgovernmentbonds,2026-08-01T18:05:45+00:00
cds_kr_5y,2024-10-23,2024-10-23,34.08,,33.07,worldgovernmentbonds,2026-08-01T18:05:45+00:00
cds_kr_5y,2024-10-24,2024-10-24,34.07,,34.08,worldgovernmentbonds,2026-08-01T18:05:45+00:00
cds_kr_5y,2024-10-25,2024-10-25,34.06,,34.07,worldgovernmentbonds,2026-08-01T18:05:45+00:00
cds_kr_5y,2024-10-26,2024-10-26,34.06,,34.06,worldgovernmentbonds,2026-08-01T18:05:45+00:00
cds_kr_5y,2024-10-27,2024-10-27,34.06,,34.06,worldgovernmentbonds,2026-08-01T18:10:14+00:00
cds_kr_5y,2024-10-28,2024-10-28,33.63,,34.06,worldgovernmentbonds,2026-08-01T18:05:45+00:00
cds_kr_5y,2024-10-29,2024-10-29,33.57,,33.63,worldgovernmentbonds,2026-08-01T18:05:45+00:00
cds_kr_5y,2024-10-30,2024-10-30,33.57,,33.57,worldgovernmentbonds,2026-08-01T18:05:45+00:00
cds_kr_5y,2024-10-31,2024-10-31,33.65,,33.57,worldgovernmentbonds,2026-08-01T18:05:45+00:00
cds_kr_5y,2024-11-01,2024-11-01,33.59,,33.65,worldgovernmentbonds,2026-08-01T18:05:45+00:00
cds_kr_5y,2024-11-02,2024-11-02,33.61,,33.59,worldgovernmentbonds,2026-08-01T18:05:45+00:00
cds_kr_5y,2024-11-03,2024-11-03,34.08,,33.61,worldgovernmentbonds,2026-08-01T18:10:14+00:00
cds_kr_5y,2024-11-04,2024-11-04,34.08,,34.08,worldgovernmentbonds,2026-08-01T18:05:45+00:00
cds_kr_5y,2024-11-05,2024-11-05,34.21,,34.08,worldgovernmentbonds,2026-08-01T18:05:45+00:00
cds_kr_5y,2024-11-06,2024-11-06,34.11,,34.21,worldgovernmentbonds,2026-08-01T18:05:45+00:00
cds_kr_5y,2024-11-07,2024-11-07,34.0,,34.11,worldgovernmentbonds,2026-08-01T18:05:45+00:00
cds_kr_5y,2024-11-08,2024-11-08,33.67,,34.0,worldgovernmentbonds,2026-08-01T18:05:45+00:00
cds_kr_5y,2024-11-09,2024-11-09,32.67,,33.67,worldgovernmentbonds,2026-08-01T18:05:45+00:00
cds_kr_5y,2024-11-10,2024-11-10,32.67,,32.67,worldgovernmentbonds,2026-08-01T18:10:14+00:00
cds_kr_5y,2024-11-11,2024-11-11,32.67,,32.67,worldgovernmentbonds,2026-08-01T18:05:45+00:00
cds_kr_5y,2024-11-12,2024-11-12,32.67,,32.67,worldgovernmentbonds,2026-08-01T18:05:45+00:00
cds_kr_5y,2024-11-13,2024-11-13,32.5,,32.67,worldgovernmentbonds,2026-08-01T18:05:45+00:00
cds_kr_5y,2024-11-14,2024-11-14,33.12,,32.5,worldgovernmentbonds,2026-08-01T18:05:45+00:00
cds_kr_5y,2024-11-15,2024-11-15,33.06,,33.12,worldgovernmentbonds,2026-08-01T18:05:45+00:00
cds_kr_5y,2024-11-16,2024-11-16,33.13,,33.06,worldgovernmentbonds,2026-08-01T18:05:45+00:00
cds_kr_5y,2024-11-17,2024-11-17,33.13,,33.13,worldgovernmentbonds,2026-08-01T18:10:14+00:00
cds_kr_5y,2024-11-18,2024-11-18,33.13,,33.13,worldgovernmentbonds,2026-08-01T18:05:45+00:00
cds_kr_5y,2024-11-19,2024-11-19,34.13,,33.13,worldgovernmentbonds,2026-08-01T18:05:45+00:00
cds_kr_5y,2024-11-20,2024-11-20,34.21,,34.13,worldgovernmentbonds,2026-08-01T18:05:45+00:00
cds_kr_5y,2024-11-21,2024-11-21,33.56,,34.21,worldgovernmentbonds,2026-08-01T18:05:45+00:00
cds_kr_5y,2024-11-22,2024-11-22,33.65,,33.56,worldgovernmentbonds,2026-08-01T18:05:45+00:00
cds_kr_5y,2024-11-23,2024-11-23,33.63,,33.65,worldgovernmentbonds,2026-08-01T18:05:45+00:00
cds_kr_5y,2024-11-24,2024-11-24,33.63,,33.63,worldgovernmentbonds,2026-08-01T18:10:14+00:00
cds_kr_5y,2024-11-25,2024-11-25,33.63,,33.63,worldgovernmentbonds,2026-08-01T18:05:45+00:00
cds_kr_5y,2024-11-26,2024-11-26,33.67,,33.63,worldgovernmentbonds,2026-08-01T18:05:45+00:00
cds_kr_5y,2024-11-27,2024-11-27,33.58,,33.67,worldgovernmentbonds,2026-08-01T18:05:45+00:00
cds_kr_5y,2024-11-28,2024-11-28,33.65,,33.58,worldgovernmentbonds,2026-08-01T18:05:45+00:00
cds_kr_5y,2024-11-29,2024-11-29,34.09,,33.65,worldgovernmentbonds,2026-08-01T18:05:45+00:00
cds_kr_5y,2024-11-30,2024-11-30,34.09,,34.09,worldgovernmentbonds,2026-08-01T18:05:45+00:00
cds_kr_5y,2024-12-01,2024-12-01,34.13,,34.09,worldgovernmentbonds,2026-08-01T18:10:14+00:00
cds_kr_5y,2024-12-02,2024-12-02,34.13,,34.13,worldgovernmentbonds,2026-08-01T18:05:45+00:00
cds_kr_5y,2024-12-03,2024-12-03,34.05,,34.13,worldgovernmentbonds,2026-08-01T18:05:45+00:00
cds_kr_5y,2024-12-04,2024-12-04,34.08,,34.05,worldgovernmentbonds,2026-08-01T18:05:45+00:00
cds_kr_5y,2024-12-05,2024-12-05,35.58,,34.08,worldgovernmentbonds,2026-08-01T18:05:45+00:00
cds_kr_5y,2024-12-06,2024-12-06,35.57,,35.58,worldgovernmentbonds,2026-08-01T18:05:45+00:00
cds_kr_5y,2024-12-07,2024-12-07,35.58,,35.57,worldgovernmentbonds,2026-08-01T18:05:45+00:00
cds_kr_5y,2024-12-08,2024-12-08,35.58,,35.58,excel,2026-08-01T17:47:59+00:00
cds_kr_5y,2024-12-09,2024-12-09,35.58,,35.58,worldgovernmentbonds,2026-08-01T18:05:45+00:00
cds_kr_5y,2024-12-10,2024-12-10,35.59,,35.58,worldgovernmentbonds,2026-08-01T18:05:45+00:00
cds_kr_5y,2024-12-11,2024-12-11,35.6,,35.59,worldgovernmentbonds,2026-08-01T18:05:45+00:00
cds_kr_5y,2024-12-12,2024-12-12,35.59,,35.6,worldgovernmentbonds,2026-08-01T18:05:45+00:00
cds_kr_5y,2024-12-13,2024-12-13,35.6,,35.59,worldgovernmentbonds,2026-08-01T18:05:45+00:00
cds_kr_5y,2024-12-14,2024-12-14,35.62,,35.6,worldgovernmentbonds,2026-08-01T18:05:45+00:00
cds_kr_5y,2024-12-15,2024-12-15,35.62,,35.62,worldgovernmentbonds,2026-08-01T18:10:14+00:00
cds_kr_5y,2024-12-16,2024-12-16,35.62,,35.62,worldgovernmentbonds,2026-08-01T18:05:45+00:00
cds_kr_5y,2024-12-17,2024-12-17,35.63,,35.62,worldgovernmentbonds,2026-08-01T18:05:45+00:00
cds_kr_5y,2024-12-18,2024-12-18,37.08,,35.63,worldgovernmentbonds,2026-08-01T18:05:45+00:00
cds_kr_5y,2024-12-19,2024-12-19,37.1,,37.08,worldgovernmentbonds,2026-08-01T18:05:45+00:00
cds_kr_5y,2024-12-20,2024-12-20,37.1,,37.1,worldgovernmentbonds,2026-08-01T18:05:45+00:00
cds_kr_5y,2024-12-21,2024-12-21,37.16,,37.1,worldgovernmentbonds,2026-08-01T18:05:45+00:00
cds_kr_5y,2024-12-22,2024-12-22,37.16,,37.16,worldgovernmentbonds,2026-08-01T18:10:14+00:00
cds_kr_5y,2024-12-23,2024-12-23,37.16,,37.16,worldgovernmentbonds,2026-08-01T18:05:45+00:00
cds_kr_5y,2024-12-24,2024-12-24,37.13,,37.16,worldgovernmentbonds,2026-08-01T18:05:45+00:00
cds_kr_5y,2024-12-25,2024-12-25,37.15,,37.13,worldgovernmentbonds,2026-08-01T18:05:45+00:00
cds_kr_5y,2024-12-26,2024-12-26,37.15,,37.15,worldgovernmentbonds,2026-08-01T18:05:45+00:00
cds_kr_5y,2024-12-27,2024-12-27,37.11,,37.15,worldgovernmentbonds,2026-08-01T18:05:45+00:00
cds_kr_5y,2024-12-28,2024-12-28,37.11,,37.11,worldgovernmentbonds,2026-08-01T18:05:45+00:00
cds_kr_5y,2024-12-29,2024-12-29,37.11,,37.11,worldgovernmentbonds,2026-08-01T18:10:14+00:00
cds_kr_5y,2024-12-30,2024-12-30,37.11,,37.11,worldgovernmentbonds,2026-08-01T18:05:45+00:00
cds_kr_5y,2024-12-31,2024-12-31,37.17,,37.11,worldgovernmentbonds,2026-08-01T18:05:45+00:00
cds_kr_5y,2025-01-01,2025-01-01,37.16,,37.17,worldgovernmentbonds,2026-08-01T18:05:45+00:00
cds_kr_5y,2025-01-02,2025-01-02,37.12,,37.16,worldgovernmentbonds,2026-08-01T18:05:45+00:00
cds_kr_5y,2025-01-03,2025-01-03,38.16,,37.12,worldgovernmentbonds,2026-08-01T18:05:45+00:00
cds_kr_5y,2025-01-04,2025-01-04,37.13,,38.16,worldgovernmentbonds,2026-08-01T18:05:45+00:00
cds_kr_5y,2025-01-05,2025-01-05,38.12,,37.13,worldgovernmentbonds,2026-08-01T18:10:14+00:00
cds_kr_5y,2025-01-06,2025-01-06,38.12,,38.12,worldgovernmentbonds,2026-08-01T18:05:45+00:00
cds_kr_5y,2025-01-07,2025-01-07,38.1,,38.12,worldgovernmentbonds,2026-08-01T18:05:45+00:00
cds_kr_5y,2025-01-08,2025-01-08,38.12,,38.1,worldgovernmentbonds,2026-08-01T18:05:45+00:00
cds_kr_5y,2025-01-09,2025-01-09,38.13,,38.12,worldgovernmentbonds,2026-08-01T18:05:45+00:00
cds_kr_5y,2025-01-10,2025-01-10,38.13,,38.13,worldgovernmentbonds,2026-08-01T18:05:45+00:00
cds_kr_5y,2025-01-11,2025-01-11,39.1,,38.13,worldgovernmentbonds,2026-08-01T18:05:45+00:00
cds_kr_5y,2025-01-12,2025-01-12,39.1,,39.1,worldgovernmentbonds,2026-08-01T18:10:14+00:00
cds_kr_5y,2025-01-13,2025-01-13,39.1,,39.1,worldgovernmentbonds,2026-08-01T18:05:45+00:00
cds_kr_5y,2025-01-14,2025-01-14,40.06,,39.1,worldgovernmentbonds,2026-08-01T18:05:45+00:00
cds_kr_5y,2025-01-15,2025-01-15,39.63,,40.06,worldgovernmentbonds,2026-08-01T18:05:45+00:00
cds_kr_5y,2025-01-16,2025-01-16,39.14,,39.63,worldgovernmentbonds,2026-08-01T18:05:45+00:00
cds_kr_5y,2025-01-17,2025-01-17,38.08,,39.14,worldgovernmentbonds,2026-08-01T18:05:45+00:00
cds_kr_5y,2025-01-18,2025-01-18,37.13,,38.08,worldgovernmentbonds,2026-08-01T18:05:45+00:00
cds_kr_5y,2025-01-19,2025-01-19,37.13,,37.13,worldgovernmentbonds,2026-08-01T18:10:14+00:00
cds_kr_5y,2025-01-20,2025-01-20,37.13,,37.13,worldgovernmentbonds,2026-08-01T18:05:45+00:00
cds_kr_5y,2025-01-21,2025-01-21,37.12,,37.13,worldgovernmentbonds,2026-08-01T18:05:45+00:00
cds_kr_5y,2025-01-22,2025-01-22,36.16,,37.12,worldgovernmentbonds,2026-08-01T18:05:45+00:00
cds_kr_5y,2025-01-23,2025-01-23,35.12,,36.16,worldgovernmentbonds,2026-08-01T18:05:45+00:00
cds_kr_5y,2025-01-24,2025-01-24,34.61,,35.12,worldgovernmentbonds,2026-08-01T18:05:45+00:00
cds_kr_5y,2025-01-25,2025-01-25,34.61,,34.61,worldgovernmentbonds,2026-08-01T18:05:45+00:00
cds_kr_5y,2025-01-26,2025-01-26,34.17,,34.61,worldgovernmentbonds,2026-08-01T18:10:14+00:00
cds_kr_5y,2025-01-27,2025-01-27,34.17,,34.17,worldgovernmentbonds,2026-08-01T18:05:45+00:00
cds_kr_5y,2025-01-28,2025-01-28,34.73,,34.17,worldgovernmentbonds,2026-08-01T18:05:45+00:00
cds_kr_5y,2025-01-29,2025-01-29,34.57,,34.73,worldgovernmentbonds,2026-08-01T18:05:45+00:00
cds_kr_5y,2025-01-30,2025-01-30,34.63,,34.57,worldgovernmentbonds,2026-08-01T18:05:45+00:00
cds_kr_5y,2025-01-31,2025-01-31,34.67,,34.63,worldgovernmentbonds,2026-08-01T18:05:45+00:00
cds_kr_5y,2025-02-01,2025-02-01,34.67,,34.67,worldgovernmentbonds,2026-08-01T18:05:45+00:00
cds_kr_5y,2025-02-02,2025-02-02,34.12,,34.67,worldgovernmentbonds,2026-08-01T18:10:14+00:00
cds_kr_5y,2025-02-03,2025-02-03,34.12,,34.12,worldgovernmentbonds,2026-08-01T18:05:45+00:00
cds_kr_5y,2025-02-04,2025-02-04,35.07,,34.12,worldgovernmentbonds,2026-08-01T18:05:45+00:00
cds_kr_5y,2025-02-05,2025-02-05,34.11,,35.07,worldgovernmentbonds,2026-08-01T18:05:45+00:00
cds_kr_5y,2025-02-06,2025-02-06,34.16,,34.11,worldgovernmentbonds,2026-08-01T18:05:45+00:00
cds_kr_5y,2025-02-07,2025-02-07,33.59,,34.16,worldgovernmentbonds,2026-08-01T18:05:45+00:00
cds_kr_5y,2025-02-08,2025-02-08,33.11,,33.59,worldgovernmentbonds,2026-08-01T18:05:45+00:00
cds_kr_5y,2025-02-09,2025-02-09,33.11,,33.11,worldgovernmentbonds,2026-08-01T18:10:14+00:00
cds_kr_5y,2025-02-10,2025-02-10,33.11,,33.11,worldgovernmentbonds,2026-08-01T18:05:45+00:00
cds_kr_5y,2025-02-11,2025-02-11,32.62,,33.11,worldgovernmentbonds,2026-08-01T18:05:45+00:00
cds_kr_5y,2025-02-12,2025-02-12,32.61,,32.62,worldgovernmentbonds,2026-08-01T18:05:45+00:00
cds_kr_5y,2025-02-13,2025-02-13,32.12,,32.61,worldgovernmentbonds,2026-08-01T18:05:45+00:00
cds_kr_5y,2025-02-14,2025-02-14,31.17,,32.12,worldgovernmentbonds,2026-08-01T18:05:45+00:00
cds_kr_5y,2025-02-15,2025-02-15,30.15,,31.17,worldgovernmentbonds,2026-08-01T18:05:45+00:00
cds_kr_5y,2025-02-16,2025-02-16,30.15,,30.15,worldgovernmentbonds,2026-08-01T18:10:14+00:00
cds_kr_5y,2025-02-17,2025-02-17,30.15,,30.15,worldgovernmentbonds,2026-08-01T18:05:45+00:00
cds_kr_5y,2025-02-18,2025-02-18,30.13,,30.15,worldgovernmentbonds,2026-08-01T18:05:45+00:00
cds_kr_5y,2025-02-19,2025-02-19,29.1,,30.13,worldgovernmentbonds,2026-08-01T18:05:45+00:00
cds_kr_5y,2025-02-20,2025-02-20,28.61,,29.1,worldgovernmentbonds,2026-08-01T18:05:45+00:00
cds_kr_5y,2025-02-21,2025-02-21,28.63,,28.61,worldgovernmentbonds,2026-08-01T18:05:45+00:00
cds_kr_5y,2025-02-22,2025-02-22,28.62,,28.63,worldgovernmentbonds,2026-08-01T18:05:45+00:00
cds_kr_5y,2025-02-23,2025-02-23,28.62,,28.62,worldgovernmentbonds,2026-08-01T18:10:14+00:00
cds_kr_5y,2025-02-24,2025-02-24,28.62,,28.62,worldgovernmentbonds,2026-08-01T18:05:45+00:00
cds_kr_5y,2025-02-25,2025-02-25,29.08,,28.62,worldgovernmentbonds,2026-08-01T18:05:45+00:00
cds_kr_5y,2025-02-26,2025-02-26,29.19,,29.08,worldgovernmentbonds,2026-08-01T18:05:45+00:00
cds_kr_5y,2025-02-27,2025-02-27,28.06,,29.19,worldgovernmentbonds,2026-08-01T18:05:45+00:00
cds_kr_5y,2025-02-28,2025-02-28,28.03,,28.06,worldgovernmentbonds,2026-08-01T18:05:45+00:00
cds_kr_5y,2025-03-01,2025-03-01,29.11,,28.03,worldgovernmentbonds,2026-08-01T18:05:45+00:00
cds_kr_5y,2025-03-02,2025-03-02,29.11,,29.11,worldgovernmentbonds,2026-08-01T18:10:14+00:00
cds_kr_5y,2025-03-03,2025-03-03,29.11,,29.11,worldgovernmentbonds,2026-08-01T18:05:45+00:00
cds_kr_5y,2025-03-04,2025-03-04,29.02,,29.11,worldgovernmentbonds,2026-08-01T18:05:45+00:00
cds_kr_5y,2025-03-05,2025-03-05,29.63,,29.02,worldgovernmentbonds,2026-08-01T18:05:45+00:00
cds_kr_5y,2025-03-06,2025-03-06,29.53,,29.63,worldgovernmentbonds,2026-08-01T18:05:45+00:00
cds_kr_5y,2025-03-07,2025-03-07,29.62,,29.53,worldgovernmentbonds,2026-08-01T18:05:45+00:00
cds_kr_5y,2025-03-08,2025-03-08,30.63,,29.62,worldgovernmentbonds,2026-08-01T18:05:45+00:00
cds_kr_5y,2025-03-09,2025-03-09,29.62,,30.63,worldgovernmentbonds,2026-08-01T18:10:14+00:00
cds_kr_5y,2025-03-10,2025-03-10,29.62,,29.62,worldgovernmentbonds,2026-08-01T18:05:45+00:00
cds_kr_5y,2025-03-11,2025-03-11,30.63,,29.62,worldgovernmentbonds,2026-08-01T18:05:45+00:00
cds_kr_5y,2025-03-12,2025-03-12,30.63,,30.63,worldgovernmentbonds,2026-08-01T18:05:45+00:00
cds_kr_5y,2025-03-13,2025-03-13,30.63,,30.63,worldgovernmentbonds,2026-08-01T18:05:45+00:00
cds_kr_5y,2025-03-14,2025-03-14,30.63,,30.63,worldgovernmentbonds,2026-08-01T18:05:45+00:00
cds_kr_5y,2025-03-15,2025-03-15,30.63,,30.63,worldgovernmentbonds,2026-08-01T18:05:45+00:00
cds_kr_5y,2025-03-16,2025-03-16,30.63,,30.63,worldgovernmentbonds,2026-08-01T18:10:14+00:00
cds_kr_5y,2025-03-17,2025-03-17,30.63,,30.63,worldgovernmentbonds,2026-08-01T18:05:45+00:00
cds_kr_5y,2025-03-18,2025-03-18,30.63,,30.63,worldgovernmentbonds,2026-08-01T18:05:45+00:00
cds_kr_5y,2025-03-19,2025-03-19,30.63,,30.63,worldgovernmentbonds,2026-08-01T18:05:45+00:00
cds_kr_5y,2025-03-20,2025-03-20,30.63,,30.63,worldgovernmentbonds,2026-08-01T18:05:45+00:00
cds_kr_5y,2025-03-21,2025-03-21,30.63,,30.63,worldgovernmentbonds,2026-08-01T18:05:45+00:00
cds_kr_5y,2025-03-22,2025-03-22,30.63,,30.63,worldgovernmentbonds,2026-08-01T18:05:45+00:00
cds_kr_5y,2025-03-23,2025-03-23,30.63,,30.63,worldgovernmentbonds,2026-08-01T18:10:14+00:00
cds_kr_5y,2025-03-24,2025-03-24,30.63,,30.63,worldgovernmentbonds,2026-08-01T18:05:45+00:00
cds_kr_5y,2025-03-25,2025-03-25,30.63,,30.63,worldgovernmentbonds,2026-08-01T18:05:45+00:00
cds_kr_5y,2025-03-26,2025-03-26,30.63,,30.63,worldgovernmentbonds,2026-08-01T18:05:45+00:00
cds_kr_5y,2025-03-27,2025-03-27,35.1,,30.63,worldgovernmentbonds,2026-08-01T18:05:45+00:00
cds_kr_5y,2025-03-28,2025-03-28,35.1,,35.1,worldgovernmentbonds,2026-08-01T18:05:45+00:00
cds_kr_5y,2025-03-29,2025-03-29,35.1,,35.1,worldgovernmentbonds,2026-08-01T18:05:45+00:00
cds_kr_5y,2025-03-30,2025-03-30,35.1,,35.1,worldgovernmentbonds,2026-08-01T18:10:14+00:00
cds_kr_5y,2025-03-31,2025-03-31,36.16,,35.1,worldgovernmentbonds,2026-08-01T18:05:45+00:00
cds_kr_5y,2025-04-01,2025-04-01,37.19,,36.16,worldgovernmentbonds,2026-08-01T18:05:45+00:00
cds_kr_5y,2025-04-02,2025-04-02,37.19,,37.19,worldgovernmentbonds,2026-08-01T18:05:45+00:00
cds_kr_5y,2025-04-03,2025-04-03,37.19,,37.19,worldgovernmentbonds,2026-08-01T18:05:45+00:00
cds_kr_5y,2025-04-04,2025-04-04,37.19,,37.19,worldgovernmentbonds,2026-08-01T18:05:45+00:00
cds_kr_5y,2025-04-05,2025-04-05,37.19,,37.19,worldgovernmentbonds,2026-08-01T18:05:45+00:00
cds_kr_5y,2025-04-06,2025-04-06,37.19,,37.19,worldgovernmentbonds,2026-08-01T18:10:14+00:00
cds_kr_5y,2025-04-07,2025-04-07,40.4,,37.19,worldgovernmentbonds,2026-08-01T18:05:45+00:00
cds_kr_5y,2025-04-08,2025-04-08,40.4,,40.4,worldgovernmentbonds,2026-08-01T18:05:45+00:00
cds_kr_5y,2025-04-09,2025-04-09,40.4,,40.4,worldgovernmentbonds,2026-08-01T18:05:45+00:00
cds_kr_5y,2025-04-10,2025-04-10,44.07,,40.4,worldgovernmentbonds,2026-08-01T18:05:45+00:00
cds_kr_5y,2025-04-11,2025-04-11,45.01,,44.07,worldgovernmentbonds,2026-08-01T18:05:45+00:00
cds_kr_5y,2025-04-12,2025-04-12,45.01,,45.01,worldgovernmentbonds,2026-08-01T18:05:45+00:00
cds_kr_5y,2025-04-13,2025-04-13,45.01,,45.01,worldgovernmentbonds,2026-08-01T18:10:14+00:00
cds_kr_5y,2025-04-14,2025-04-14,37.26,,45.01,worldgovernmentbonds,2026-08-01T18:05:45+00:00
cds_kr_5y,2025-04-15,2025-04-15,37.13,,37.26,worldgovernmentbonds,2026-08-01T18:05:45+00:00
cds_kr_5y,2025-04-16,2025-04-16,37.13,,37.13,worldgovernmentbonds,2026-08-01T18:05:45+00:00
cds_kr_5y,2025-04-17,2025-04-17,36.18,,37.13,worldgovernmentbonds,2026-08-01T18:05:45+00:00
cds_kr_5y,2025-04-18,2025-04-18,35.61,,36.18,worldgovernmentbonds,2026-08-01T18:05:45+00:00
cds_kr_5y,2025-04-19,2025-04-19,35.61,,35.61,worldgovernmentbonds,2026-08-01T18:05:45+00:00
cds_kr_5y,2025-04-20,2025-04-20,35.61,,35.61,worldgovernmentbonds,2026-08-01T18:10:14+00:00
cds_kr_5y,2025-04-21,2025-04-21,35.66,,35.61,worldgovernmentbonds,2026-08-01T18:05:45+00:00
cds_kr_5y,2025-04-22,2025-04-22,35.65,,35.66,worldgovernmentbonds,2026-08-01T18:05:45+00:00
cds_kr_5y,2025-04-23,2025-04-23,36.11,,35.65,worldgovernmentbonds,2026-08-01T18:05:45+00:00
cds_kr_5y,2025-04-24,2025-04-24,35.13,,36.11,worldgovernmentbonds,2026-08-01T18:05:45+00:00
cds_kr_5y,2025-04-25,2025-04-25,35.19,,35.13,worldgovernmentbonds,2026-08-01T18:05:45+00:00
cds_kr_5y,2025-04-26,2025-04-26,35.19,,35.19,worldgovernmentbonds,2026-08-01T18:05:45+00:00
cds_kr_5y,2025-04-27,2025-04-27,35.19,,35.19,worldgovernmentbonds,2026-08-01T18:10:14+00:00
cds_kr_5y,2025-04-28,2025-04-28,33.63,,35.19,worldgovernmentbonds,2026-08-01T18:05:45+00:00
cds_kr_5y,2025-04-29,2025-04-29,33.63,,33.63,worldgovernmentbonds,2026-08-01T18:05:45+00:00
cds_kr_5y,2025-04-30,2025-04-30,31.58,,33.63,worldgovernmentbonds,2026-08-01T18:05:45+00:00
cds_kr_5y,2025-05-01,2025-05-01,31.62,,31.58,worldgovernmentbonds,2026-08-01T18:05:45+00:00
cds_kr_5y,2025-05-02,2025-05-02,31.62,,31.62,worldgovernmentbonds,2026-08-01T18:05:45+00:00
cds_kr_5y,2025-05-03,2025-05-03,31.66,,31.62,worldgovernmentbonds,2026-08-01T18:05:45+00:00
cds_kr_5y,2025-05-04,2025-05-04,31.66,,31.66,worldgovernmentbonds,2026-08-01T18:10:14+00:00
cds_kr_5y,2025-05-05,2025-05-05,31.06,,31.66,worldgovernmentbonds,2026-08-01T18:05:45+00:00
cds_kr_5y,2025-05-06,2025-05-06,31.19,,31.06,worldgovernmentbonds,2026-08-01T18:05:45+00:00
cds_kr_5y,2025-05-07,2025-05-07,31.17,,31.19,worldgovernmentbonds,2026-08-01T18:05:45+00:00
cds_kr_5y,2025-05-08,2025-05-08,31.17,,31.17,worldgovernmentbonds,2026-08-01T18:05:45+00:00
cds_kr_5y,2025-05-09,2025-05-09,31.08,,31.17,worldgovernmentbonds,2026-08-01T18:05:45+00:00
cds_kr_5y,2025-05-10,2025-05-10,31.08,,31.08,worldgovernmentbonds,2026-08-01T18:05:45+00:00
cds_kr_5y,2025-05-11,2025-05-11,31.08,,31.08,worldgovernmentbonds,2026-08-01T18:10:14+00:00
cds_kr_5y,2025-05-12,2025-05-12,31.17,,31.08,worldgovernmentbonds,2026-08-01T18:05:45+00:00
cds_kr_5y,2025-05-13,2025-05-13,29.93,,31.17,worldgovernmentbonds,2026-08-01T18:05:45+00:00
cds_kr_5y,2025-05-14,2025-05-14,29.93,,29.93,worldgovernmentbonds,2026-08-01T18:05:45+00:00
cds_kr_5y,2025-05-15,2025-05-15,29.93,,29.93,worldgovernmentbonds,2026-08-01T18:05:45+00:00
cds_kr_5y,2025-05-16,2025-05-16,30.17,,29.93,worldgovernmentbonds,2026-08-01T18:05:45+00:00
cds_kr_5y,2025-05-17,2025-05-17,30.17,,30.17,worldgovernmentbonds,2026-08-01T18:05:45+00:00
cds_kr_5y,2025-05-18,2025-05-18,30.17,,30.17,worldgovernmentbonds,2026-08-01T18:10:14+00:00
cds_kr_5y,2025-05-19,2025-05-19,31.18,,30.17,worldgovernmentbonds,2026-08-01T18:05:45+00:00
cds_kr_5y,2025-05-20,2025-05-20,31.08,,31.18,worldgovernmentbonds,2026-08-01T18:05:45+00:00
cds_kr_5y,2025-05-21,2025-05-21,31.11,,31.08,worldgovernmentbonds,2026-08-01T18:05:45+00:00
cds_kr_5y,2025-05-22,2025-05-22,31.06,,31.11,worldgovernmentbonds,2026-08-01T18:05:45+00:00
cds_kr_5y,2025-05-23,2025-05-23,31.15,,31.06,worldgovernmentbonds,2026-08-01T18:05:45+00:00
cds_kr_5y,2025-05-24,2025-05-24,31.15,,31.15,worldgovernmentbonds,2026-08-01T18:05:45+00:00
cds_kr_5y,2025-05-25,2025-05-25,31.15,,31.15,worldgovernmentbonds,2026-08-01T18:10:14+00:00
cds_kr_5y,2025-05-26,2025-05-26,31.15,,31.15,worldgovernmentbonds,2026-08-01T18:05:45+00:00
cds_kr_5y,2025-05-27,2025-05-27,31.1,,31.15,worldgovernmentbonds,2026-08-01T18:05:45+00:00
cds_kr_5y,2025-05-28,2025-05-28,30.62,,31.1,worldgovernmentbonds,2026-08-01T18:05:45+00:00
cds_kr_5y,2025-05-29,2025-05-29,30.12,,30.62,worldgovernmentbonds,2026-08-01T18:05:45+00:00
cds_kr_5y,2025-05-30,2025-05-30,29.58,,30.12,worldgovernmentbonds,2026-08-01T18:05:45+00:00
cds_kr_5y,2025-05-31,2025-05-31,29.58,,29.58,worldgovernmentbonds,2026-08-01T18:05:45+00:00
cds_kr_5y,2025-06-01,2025-06-01,29.58,,29.58,worldgovernmentbonds,2026-08-01T18:10:14+00:00
cds_kr_5y,2025-06-02,2025-06-02,29.12,,29.58,worldgovernmentbonds,2026-08-01T18:05:45+00:00
cds_kr_5y,2025-06-03,2025-06-03,29.08,,29.12,worldgovernmentbonds,2026-08-01T18:05:45+00:00
cds_kr_5y,2025-06-04,2025-06-04,29.16,,29.08,worldgovernmentbonds,2026-08-01T18:05:45+00:00
cds_kr_5y,2025-06-05,2025-06-05,28.57,,29.16,worldgovernmentbonds,2026-08-01T18:05:45+00:00
cds_kr_5y,2025-06-06,2025-06-06,28.57,,28.57,worldgovernmentbonds,2026-08-01T18:05:45+00:00
cds_kr_5y,2025-06-07,2025-06-07,28.57,,28.57,worldgovernmentbonds,2026-08-01T18:05:45+00:00
cds_kr_5y,2025-06-08,2025-06-08,28.12,,28.57,worldgovernmentbonds,2026-08-01T18:10:14+00:00
cds_kr_5y,2025-06-09,2025-06-09,28.09,,28.12,worldgovernmentbonds,2026-08-01T18:05:45+00:00
cds_kr_5y,2025-06-10,2025-06-10,27.65,,28.09,worldgovernmentbonds,2026-08-01T18:05:45+00:00
cds_kr_5y,2025-06-11,2025-06-11,27.65,,27.65,worldgovernmentbonds,2026-08-01T18:05:45+00:00
cds_kr_5y,2025-06-12,2025-06-12,27.16,,27.65,worldgovernmentbonds,2026-08-01T18:05:45+00:00
cds_kr_5y,2025-06-13,2025-06-13,27.22,,27.16,worldgovernmentbonds,2026-08-01T18:05:45+00:00
cds_kr_5y,2025-06-14,2025-06-14,27.22,,27.22,worldgovernmentbonds,2026-08-01T18:05:45+00:00
cds_kr_5y,2025-06-15,2025-06-15,27.22,,27.22,worldgovernmentbonds,2026-08-01T18:10:14+00:00
cds_kr_5y,2025-06-16,2025-06-16,27.59,,27.22,worldgovernmentbonds,2026-08-01T18:05:45+00:00
cds_kr_5y,2025-06-17,2025-06-17,27.09,,27.59,worldgovernmentbonds,2026-08-01T18:05:45+00:00
cds_kr_5y,2025-06-18,2025-06-18,27.17,,27.09,worldgovernmentbonds,2026-08-01T18:05:45+00:00
cds_kr_5y,2025-06-19,2025-06-19,27.61,,27.17,worldgovernmentbonds,2026-08-01T18:05:45+00:00
cds_kr_5y,2025-06-20,2025-06-20,27.62,,27.61,worldgovernmentbonds,2026-08-01T18:05:45+00:00
cds_kr_5y,2025-06-21,2025-06-21,27.62,,27.62,worldgovernmentbonds,2026-08-01T18:05:45+00:00
cds_kr_5y,2025-06-22,2025-06-22,27.62,,27.62,worldgovernmentbonds,2026-08-01T18:10:14+00:00
cds_kr_5y,2025-06-23,2025-06-23,27.56,,27.62,worldgovernmentbonds,2026-08-01T18:05:45+00:00
cds_kr_5y,2025-06-24,2025-06-24,27.6,,27.56,worldgovernmentbonds,2026-08-01T18:05:45+00:00
cds_kr_5y,2025-06-25,2025-06-25,27.14,,27.6,worldgovernmentbonds,2026-08-01T18:05:45+00:00
cds_kr_5y,2025-06-26,2025-06-26,27.11,,27.14,worldgovernmentbonds,2026-08-01T18:05:45+00:00
cds_kr_5y,2025-06-27,2025-06-27,27.15,,27.11,worldgovernmentbonds,2026-08-01T18:05:45+00:00
cds_kr_5y,2025-06-28,2025-06-28,27.15,,27.15,worldgovernmentbonds,2026-08-01T18:05:45+00:00
cds_kr_5y,2025-06-29,2025-06-29,27.15,,27.15,worldgovernmentbonds,2026-08-01T18:10:14+00:00
cds_kr_5y,2025-06-30,2025-06-30,26.81,,27.15,worldgovernmentbonds,2026-08-01T18:05:45+00:00
cds_kr_5y,2025-07-01,2025-07-01,26.64,,26.81,worldgovernmentbonds,2026-08-01T18:05:45+00:00
cds_kr_5y,2025-07-02,2025-07-02,26.67,,26.64,worldgovernmentbonds,2026-08-01T18:05:45+00:00
cds_kr_5y,2025-07-03,2025-07-03,26.15,,26.67,worldgovernmentbonds,2026-08-01T18:05:45+00:00
cds_kr_5y,2025-07-04,2025-07-04,25.93,,26.15,worldgovernmentbonds,2026-08-01T18:05:45+00:00
cds_kr_5y,2025-07-05,2025-07-05,25.93,,25.93,worldgovernmentbonds,2026-08-01T18:05:45+00:00
cds_kr_5y,2025-07-06,2025-07-06,25.93,,25.93,worldgovernmentbonds,2026-08-01T18:10:14+00:00
cds_kr_5y,2025-07-07,2025-07-07,25.63,,25.93,worldgovernmentbonds,2026-08-01T18:05:45+00:00
cds_kr_5y,2025-07-08,2025-07-08,25.63,,25.63,worldgovernmentbonds,2026-08-01T18:05:45+00:00
cds_kr_5y,2025-07-09,2025-07-09,25.61,,25.63,worldgovernmentbonds,2026-08-01T18:05:45+00:00
cds_kr_5y,2025-07-10,2025-07-10,25.61,,25.61,worldgovernmentbonds,2026-08-01T18:05:45+00:00
cds_kr_5y,2025-07-11,2025-07-11,25.61,,25.61,worldgovernmentbonds,2026-08-01T18:05:45+00:00
cds_kr_5y,2025-07-12,2025-07-12,25.61,,25.61,worldgovernmentbonds,2026-08-01T18:05:45+00:00
cds_kr_5y,2025-07-13,2025-07-13,25.61,,25.61,worldgovernmentbonds,2026-08-01T18:10:14+00:00
cds_kr_5y,2025-07-14,2025-07-14,25.59,,25.61,worldgovernmentbonds,2026-08-01T18:05:45+00:00
cds_kr_5y,2025-07-15,2025-07-15,25.61,,25.59,worldgovernmentbonds,2026-08-01T18:05:45+00:00
cds_kr_5y,2025-07-16,2025-07-16,25.63,,25.61,worldgovernmentbonds,2026-08-01T18:05:45+00:00
cds_kr_5y,2025-07-17,2025-07-17,25.63,,25.63,worldgovernmentbonds,2026-08-01T18:05:45+00:00
cds_kr_5y,2025-07-18,2025-07-18,25.59,,25.63,worldgovernmentbonds,2026-08-01T18:05:45+00:00
cds_kr_5y,2025-07-19,2025-07-19,25.59,,25.59,worldgovernmentbonds,2026-08-01T18:05:45+00:00
cds_kr_5y,2025-07-20,2025-07-20,25.59,,25.59,worldgovernmentbonds,2026-08-01T18:10:14+00:00
cds_kr_5y,2025-07-21,2025-07-21,25.17,,25.59,worldgovernmentbonds,2026-08-01T18:05:45+00:00
cds_kr_5y,2025-07-22,2025-07-22,24.18,,25.17,worldgovernmentbonds,2026-08-01T18:05:45+00:00
cds_kr_5y,2025-07-23,2025-07-23,24.14,,24.18,worldgovernmentbonds,2026-08-01T18:05:45+00:00
cds_kr_5y,2025-07-24,2025-07-24,23.58,,24.14,worldgovernmentbonds,2026-08-01T18:05:45+00:00
cds_kr_5y,2025-07-25,2025-07-25,22.61,,23.58,worldgovernmentbonds,2026-08-01T18:05:45+00:00
cds_kr_5y,2025-07-26,2025-07-26,22.61,,22.61,worldgovernmentbonds,2026-08-01T18:05:45+00:00
cds_kr_5y,2025-07-27,2025-07-27,22.61,,22.61,worldgovernmentbonds,2026-08-01T18:10:14+00:00
cds_kr_5y,2025-07-28,2025-07-28,22.61,,22.61,worldgovernmentbonds,2026-08-01T18:05:45+00:00
cds_kr_5y,2025-07-29,2025-07-29,22.12,,22.61,worldgovernmentbonds,2026-08-01T18:05:45+00:00
cds_kr_5y,2025-07-30,2025-07-30,22.16,,22.12,worldgovernmentbonds,2026-08-01T18:05:45+00:00
cds_kr_5y,2025-07-31,2025-07-31,22.1,,22.16,worldgovernmentbonds,2026-08-01T18:05:45+00:00
cds_kr_5y,2025-08-01,2025-08-01,21.64,,22.1,worldgovernmentbonds,2026-08-01T18:05:45+00:00
cds_kr_5y,2025-08-02,2025-08-02,21.64,,21.64,worldgovernmentbonds,2026-08-01T18:05:45+00:00
cds_kr_5y,2025-08-03,2025-08-03,21.64,,21.64,worldgovernmentbonds,2026-08-01T18:10:14+00:00
cds_kr_5y,2025-08-04,2025-08-04,22.4,,21.64,worldgovernmentbonds,2026-08-01T18:05:45+00:00
cds_kr_5y,2025-08-05,2025-08-05,22.64,,22.4,worldgovernmentbonds,2026-08-01T18:05:45+00:00
cds_kr_5y,2025-08-06,2025-08-06,22.6,,22.64,worldgovernmentbonds,2026-08-01T18:05:45+00:00
cds_kr_5y,2025-08-07,2025-08-07,22.36,,22.6,worldgovernmentbonds,2026-08-01T18:05:45+00:00
cds_kr_5y,2025-08-08,2025-08-08,22.11,,22.36,worldgovernmentbonds,2026-08-01T18:05:45+00:00
cds_kr_5y,2025-08-09,2025-08-09,22.11,,22.11,worldgovernmentbonds,2026-08-01T18:05:45+00:00
cds_kr_5y,2025-08-10,2025-08-10,22.11,,22.11,worldgovernmentbonds,2026-08-01T18:10:14+00:00
cds_kr_5y,2025-08-11,2025-08-11,22.09,,22.11,worldgovernmentbonds,2026-08-01T18:05:45+00:00
cds_kr_5y,2025-08-12,2025-08-12,22.15,,22.09,worldgovernmentbonds,2026-08-01T18:05:45+00:00
cds_kr_5y,2025-08-13,2025-08-13,22.12,,22.15,worldgovernmentbonds,2026-08-01T18:05:45+00:00
cds_kr_5y,2025-08-14,2025-08-14,21.68,,22.12,worldgovernmentbonds,2026-08-01T18:05:45+00:00
cds_kr_5y,2025-08-15,2025-08-15,21.61,,21.68,worldgovernmentbonds,2026-08-01T18:05:45+00:00
cds_kr_5y,2025-08-16,2025-08-16,21.61,,21.61,worldgovernmentbonds,2026-08-01T18:05:45+00:00
cds_kr_5y,2025-08-17,2025-08-17,21.61,,21.61,worldgovernmentbonds,2026-08-01T18:10:14+00:00
cds_kr_5y,2025-08-18,2025-08-18,21.61,,21.61,worldgovernmentbonds,2026-08-01T18:05:45+00:00
cds_kr_5y,2025-08-19,2025-08-19,21.15,,21.61,worldgovernmentbonds,2026-08-01T18:05:45+00:00
cds_kr_5y,2025-08-20,2025-08-20,21.14,,21.15,worldgovernmentbonds,2026-08-01T18:05:45+00:00
cds_kr_5y,2025-08-21,2025-08-21,20.62,,21.14,worldgovernmentbonds,2026-08-01T18:05:45+00:00
cds_kr_5y,2025-08-22,2025-08-22,20.59,,20.62,worldgovernmentbonds,2026-08-01T18:05:45+00:00
cds_kr_5y,2025-08-23,2025-08-23,20.59,,20.59,worldgovernmentbonds,2026-08-01T18:05:45+00:00
cds_kr_5y,2025-08-24,2025-08-24,20.59,,20.59,worldgovernmentbonds,2026-08-01T18:10:14+00:00
cds_kr_5y,2025-08-25,2025-08-25,20.6,,20.59,worldgovernmentbonds,2026-08-01T18:05:45+00:00
cds_kr_5y,2025-08-26,2025-08-26,20.04,,20.6,worldgovernmentbonds,2026-08-01T18:05:45+00:00
cds_kr_5y,2025-08-27,2025-08-27,20.1,,20.04,worldgovernmentbonds,2026-08-01T18:05:45+00:00
cds_kr_5y,2025-08-28,2025-08-28,20.1,,20.1,worldgovernmentbonds,2026-08-01T18:05:45+00:00
cds_kr_5y,2025-08-29,2025-08-29,20.09,,20.1,worldgovernmentbonds,2026-08-01T18:05:45+00:00
cds_kr_5y,2025-08-30,2025-08-30,20.09,,20.09,worldgovernmentbonds,2026-08-01T18:05:45+00:00
cds_kr_5y,2025-08-31,2025-08-31,20.09,,20.09,worldgovernmentbonds,2026-08-01T18:10:14+00:00
cds_kr_5y,2025-09-01,2025-09-01,20.09,,20.09,worldgovernmentbonds,2026-08-01T18:05:45+00:00
cds_kr_5y,2025-09-02,2025-09-02,19.99,,20.09,worldgovernmentbonds,2026-08-01T18:05:45+00:00
cds_kr_5y,2025-09-04,2025-09-04,19.88,,19.99,worldgovernmentbonds,2026-08-01T18:05:45+00:00
cds_kr_5y,2025-09-05,2025-09-05,19.88,,19.88,worldgovernmentbonds,2026-08-01T18:05:45+00:00
cds_kr_5y,2025-09-06,2025-09-06,19.88,,19.88,worldgovernmentbonds,2026-08-01T18:05:45+00:00
cds_kr_5y,2025-09-07,2025-09-07,19.88,,19.88,worldgovernmentbonds,2026-08-01T18:10:14+00:00
cds_kr_5y,2025-09-08,2025-09-08,19.08,,19.88,worldgovernmentbonds,2026-08-01T18:05:45+00:00
cds_kr_5y,2025-09-09,2025-09-09,18.97,,19.08,worldgovernmentbonds,2026-08-01T18:05:45+00:00
cds_kr_5y,2025-09-10,2025-09-10,18.86,,18.97,worldgovernmentbonds,2026-08-01T18:05:45+00:00
cds_kr_5y,2025-09-11,2025-09-11,18.46,,18.86,worldgovernmentbonds,2026-08-01T18:05:45+00:00
cds_kr_5y,2025-09-12,2025-09-12,17.86,,18.46,worldgovernmentbonds,2026-08-01T18:05:45+00:00
cds_kr_5y,2025-09-13,2025-09-13,17.86,,17.86,worldgovernmentbonds,2026-08-01T18:05:45+00:00
cds_kr_5y,2025-09-14,2025-09-14,17.86,,17.86,worldgovernmentbonds,2026-08-01T18:10:14+00:00
cds_kr_5y,2025-09-15,2025-09-15,17.52,,17.86,worldgovernmentbonds,2026-08-01T18:05:45+00:00
cds_kr_5y,2025-09-16,2025-09-16,17.5,,17.52,worldgovernmentbonds,2026-08-01T18:05:45+00:00
cds_kr_5y,2025-09-17,2025-09-17,17.7,,17.5,worldgovernmentbonds,2026-08-01T18:05:45+00:00
cds_kr_5y,2025-09-18,2025-09-18,18.18,,17.7,worldgovernmentbonds,2026-08-01T18:05:45+00:00
cds_kr_5y,2025-09-19,2025-09-19,18.61,,18.18,worldgovernmentbonds,2026-08-01T18:05:45+00:00
cds_kr_5y,2025-09-20,2025-09-20,18.61,,18.61,worldgovernmentbonds,2026-08-01T18:05:45+00:00
cds_kr_5y,2025-09-21,2025-09-21,18.61,,18.61,worldgovernmentbonds,2026-08-01T18:10:14+00:00
cds_kr_5y,2025-09-22,2025-09-22,18.86,,18.61,worldgovernmentbonds,2026-08-01T18:05:45+00:00
cds_kr_5y,2025-09-23,2025-09-23,20.37,,18.86,worldgovernmentbonds,2026-08-01T18:05:45+00:00
cds_kr_5y,2025-09-24,2025-09-24,21.88,,20.37,worldgovernmentbonds,2026-08-01T18:05:45+00:00
cds_kr_5y,2025-09-25,2025-09-25,22.62,,21.88,worldgovernmentbonds,2026-08-01T18:05:45+00:00
cds_kr_5y,2025-09-26,2025-09-26,23.32,,22.62,worldgovernmentbonds,2026-08-01T18:05:45+00:00
cds_kr_5y,2025-09-27,2025-09-27,23.32,,23.32,worldgovernmentbonds,2026-08-01T18:05:45+00:00
cds_kr_5y,2025-09-28,2025-09-28,23.32,,23.32,worldgovernmentbonds,2026-08-01T18:10:14+00:00
cds_kr_5y,2025-09-29,2025-09-29,24.62,,23.32,worldgovernmentbonds,2026-08-01T18:05:45+00:00
cds_kr_5y,2025-09-30,2025-09-30,24.51,,24.62,worldgovernmentbonds,2026-08-01T18:05:45+00:00
cds_kr_5y,2025-10-01,2025-10-01,24.57,,24.51,worldgovernmentbonds,2026-08-01T18:05:45+00:00
cds_kr_5y,2025-10-02,2025-10-02,24.56,,24.57,worldgovernmentbonds,2026-08-01T18:05:45+00:00
cds_kr_5y,2025-10-03,2025-10-03,24.3,,24.56,worldgovernmentbonds,2026-08-01T18:05:45+00:00
cds_kr_5y,2025-10-04,2025-10-04,24.3,,24.3,worldgovernmentbonds,2026-08-01T18:05:45+00:00
cds_kr_5y,2025-10-05,2025-10-05,24.3,,24.3,worldgovernmentbonds,2026-08-01T18:10:14+00:00
cds_kr_5y,2025-10-06,2025-10-06,23.63,,24.3,worldgovernmentbonds,2026-08-01T18:05:45+00:00
cds_kr_5y,2025-10-07,2025-10-07,23.67,,23.63,worldgovernmentbonds,2026-08-01T18:05:45+00:00
cds_kr_5y,2025-10-08,2025-10-08,23.5,,23.67,worldgovernmentbonds,2026-08-01T18:05:45+00:00
cds_kr_5y,2025-10-09,2025-10-09,24.06,,23.5,worldgovernmentbonds,2026-08-01T18:05:45+00:00
cds_kr_5y,2025-10-10,2025-10-10,23.64,,24.06,worldgovernmentbonds,2026-08-01T18:05:45+00:00
cds_kr_5y,2025-10-11,2025-10-11,23.64,,23.64,worldgovernmentbonds,2026-08-01T18:05:45+00:00
cds_kr_5y,2025-10-12,2025-10-12,23.64,,23.64,worldgovernmentbonds,2026-08-01T18:10:14+00:00
cds_kr_5y,2025-10-13,2025-10-13,23.82,,23.64,worldgovernmentbonds,2026-08-01T18:05:45+00:00
cds_kr_5y,2025-10-14,2025-10-14,24.59,,23.82,worldgovernmentbonds,2026-08-01T18:05:45+00:00
cds_kr_5y,2025-10-15,2025-10-15,25.17,,24.59,worldgovernmentbonds,2026-08-01T18:05:45+00:00
cds_kr_5y,2025-10-16,2025-10-16,23.89,,25.17,worldgovernmentbonds,2026-08-01T18:05:45+00:00
cds_kr_5y,2025-10-17,2025-10-17,23.64,,23.89,worldgovernmentbonds,2026-08-01T18:05:45+00:00
cds_kr_5y,2025-10-18,2025-10-18,23.64,,23.64,worldgovernmentbonds,2026-08-01T18:05:45+00:00
cds_kr_5y,2025-10-19,2025-10-19,23.64,,23.64,worldgovernmentbonds,2026-08-01T18:10:14+00:00
cds_kr_5y,2025-10-20,2025-10-20,24.53,,23.64,worldgovernmentbonds,2026-08-01T18:05:45+00:00
cds_kr_5y,2025-10-21,2025-10-21,24.3,,24.53,worldgovernmentbonds,2026-08-01T18:05:45+00:00
cds_kr_5y,2025-10-22,2025-10-22,24.3,,24.3,worldgovernmentbonds,2026-08-01T18:05:45+00:00
cds_kr_5y,2025-10-23,2025-10-23,24.39,,24.3,worldgovernmentbonds,2026-08-01T18:05:45+00:00
cds_kr_5y,2025-10-24,2025-10-24,24.54,,24.39,worldgovernmentbonds,2026-08-01T18:05:45+00:00
cds_kr_5y,2025-10-25,2025-10-25,24.54,,24.54,worldgovernmentbonds,2026-08-01T18:05:45+00:00
cds_kr_5y,2025-10-26,2025-10-26,24.54,,24.54,worldgovernmentbonds,2026-08-01T18:10:14+00:00
cds_kr_5y,2025-10-27,2025-10-27,24.55,,24.54,worldgovernmentbonds,2026-08-01T18:05:45+00:00
cds_kr_5y,2025-10-28,2025-10-28,23.45,,24.55,worldgovernmentbonds,2026-08-01T18:05:45+00:00
cds_kr_5y,2025-10-29,2025-10-29,22.68,,23.45,worldgovernmentbonds,2026-08-01T18:05:45+00:00
cds_kr_5y,2025-10-30,2025-10-30,22.54,,22.68,worldgovernmentbonds,2026-08-01T18:05:45+00:00
cds_kr_5y,2025-10-31,2025-10-31,21.98,,22.54,worldgovernmentbonds,2026-08-01T18:05:45+00:00
cds_kr_5y,2025-11-01,2025-11-01,21.98,,21.98,worldgovernmentbonds,2026-08-01T18:05:45+00:00
cds_kr_5y,2025-11-02,2025-11-02,21.98,,21.98,worldgovernmentbonds,2026-08-01T18:10:14+00:00
cds_kr_5y,2025-11-03,2025-11-03,21.54,,21.98,worldgovernmentbonds,2026-08-01T18:05:45+00:00
cds_kr_5y,2025-11-04,2025-11-04,22.07,,21.54,worldgovernmentbonds,2026-08-01T18:05:45+00:00
cds_kr_5y,2025-11-05,2025-11-05,23.23,,22.07,worldgovernmentbonds,2026-08-01T18:05:45+00:00
cds_kr_5y,2025-11-06,2025-11-06,22.9,,23.23,worldgovernmentbonds,2026-08-01T18:05:45+00:00
cds_kr_5y,2025-11-07,2025-11-07,22.74,,22.9,worldgovernmentbonds,2026-08-01T18:05:45+00:00
cds_kr_5y,2025-11-08,2025-11-08,22.74,,22.74,worldgovernmentbonds,2026-08-01T18:05:45+00:00
cds_kr_5y,2025-11-09,2025-11-09,22.74,,22.74,worldgovernmentbonds,2026-08-01T18:10:14+00:00
cds_kr_5y,2025-11-11,2025-11-11,22.53,,22.74,worldgovernmentbonds,2026-08-01T18:05:45+00:00
cds_kr_5y,2025-11-12,2025-11-12,22.64,,22.53,worldgovernmentbonds,2026-08-01T18:05:45+00:00
cds_kr_5y,2025-11-13,2025-11-13,22.07,,22.64,worldgovernmentbonds,2026-08-01T18:05:45+00:00
cds_kr_5y,2025-11-14,2025-11-14,22.21,,22.07,worldgovernmentbonds,2026-08-01T18:05:45+00:00
cds_kr_5y,2025-11-15,2025-11-15,22.21,,22.21,worldgovernmentbonds,2026-08-01T18:05:45+00:00
cds_kr_5y,2025-11-16,2025-11-16,22.21,,22.21,worldgovernmentbonds,2026-08-01T18:10:14+00:00
cds_kr_5y,2025-11-17,2025-11-17,22.6,,22.21,worldgovernmentbonds,2026-08-01T18:05:45+00:00
cds_kr_5y,2025-11-18,2025-11-18,22.59,,22.6,worldgovernmentbonds,2026-08-01T18:05:45+00:00
cds_kr_5y,2025-11-19,2025-11-19,23.16,,22.59,worldgovernmentbonds,2026-08-01T18:05:45+00:00
cds_kr_5y,2025-11-20,2025-11-20,23.55,,23.16,worldgovernmentbonds,2026-08-01T18:05:45+00:00
cds_kr_5y,2025-11-21,2025-11-21,22.62,,23.55,worldgovernmentbonds,2026-08-01T18:05:45+00:00
cds_kr_5y,2025-11-22,2025-11-22,22.62,,22.62,worldgovernmentbonds,2026-08-01T18:05:45+00:00
cds_kr_5y,2025-11-23,2025-11-23,22.62,,22.62,worldgovernmentbonds,2026-08-01T18:10:14+00:00
cds_kr_5y,2025-11-24,2025-11-24,23.4,,22.62,worldgovernmentbonds,2026-08-01T18:05:45+00:00
cds_kr_5y,2025-11-25,2025-11-25,23.3,,23.4,worldgovernmentbonds,2026-08-01T18:05:45+00:00
cds_kr_5y,2025-11-26,2025-11-26,23.06,,23.3,worldgovernmentbonds,2026-08-01T18:05:45+00:00
cds_kr_5y,2025-11-27,2025-11-27,22.72,,23.06,worldgovernmentbonds,2026-08-01T18:05:45+00:00
cds_kr_5y,2025-11-28,2025-11-28,23.06,,22.72,worldgovernmentbonds,2026-08-01T18:05:45+00:00
cds_kr_5y,2025-11-29,2025-11-29,23.06,,23.06,worldgovernmentbonds,2026-08-01T18:05:45+00:00
cds_kr_5y,2025-11-30,2025-11-30,23.06,,23.06,worldgovernmentbonds,2026-08-01T18:10:14+00:00
cds_kr_5y,2025-12-01,2025-12-01,23.05,,23.06,worldgovernmentbonds,2026-08-01T18:05:45+00:00
cds_kr_5y,2025-12-02,2025-12-02,23.05,,23.05,worldgovernmentbonds,2026-08-01T18:05:45+00:00
cds_kr_5y,2025-12-03,2025-12-03,23.06,,23.05,worldgovernmentbonds,2026-08-01T18:05:45+00:00
cds_kr_5y,2025-12-04,2025-12-04,22.65,,23.06,worldgovernmentbonds,2026-08-01T18:05:45+00:00
cds_kr_5y,2025-12-05,2025-12-05,22.21,,22.65,worldgovernmentbonds,2026-08-01T18:05:45+00:00
cds_kr_5y,2025-12-06,2025-12-06,22.21,,22.21,worldgovernmentbonds,2026-08-01T18:05:45+00:00
cds_kr_5y,2025-12-07,2025-12-07,22.21,,22.21,worldgovernmentbonds,2026-08-01T18:10:14+00:00
cds_kr_5y,2025-12-08,2025-12-08,22.05,,22.21,worldgovernmentbonds,2026-08-01T18:05:45+00:00
cds_kr_5y,2025-12-09,2025-12-09,21.92,,22.05,worldgovernmentbonds,2026-08-01T18:05:45+00:00
cds_kr_5y,2025-12-10,2025-12-10,22.12,,21.92,worldgovernmentbonds,2026-08-01T18:05:45+00:00
cds_kr_5y,2025-12-11,2025-12-11,22.38,,22.12,worldgovernmentbonds,2026-08-01T18:05:45+00:00
cds_kr_5y,2025-12-12,2025-12-12,22.31,,22.38,worldgovernmentbonds,2026-08-01T18:05:45+00:00
cds_kr_5y,2025-12-13,2025-12-13,22.31,,22.31,worldgovernmentbonds,2026-08-01T18:05:45+00:00
cds_kr_5y,2025-12-14,2025-12-14,22.31,,22.31,worldgovernmentbonds,2026-08-01T18:10:14+00:00
cds_kr_5y,2025-12-15,2025-12-15,22.22,,22.31,worldgovernmentbonds,2026-08-01T18:05:45+00:00
cds_kr_5y,2025-12-16,2025-12-16,22.01,,22.22,worldgovernmentbonds,2026-08-01T18:05:45+00:00
cds_kr_5y,2025-12-17,2025-12-17,22.07,,22.01,worldgovernmentbonds,2026-08-01T18:05:45+00:00
cds_kr_5y,2025-12-18,2025-12-18,21.88,,22.07,worldgovernmentbonds,2026-08-01T18:05:45+00:00
cds_kr_5y,2025-12-19,2025-12-19,22.17,,21.88,worldgovernmentbonds,2026-08-01T18:05:45+00:00
cds_kr_5y,2025-12-20,2025-12-20,22.17,,22.17,worldgovernmentbonds,2026-08-01T18:05:45+00:00
cds_kr_5y,2025-12-21,2025-12-21,22.17,,22.17,worldgovernmentbonds,2026-08-01T18:10:14+00:00
cds_kr_5y,2025-12-22,2025-12-22,22.05,,22.17,worldgovernmentbonds,2026-08-01T18:05:45+00:00
cds_kr_5y,2025-12-23,2025-12-23,22.07,,22.05,worldgovernmentbonds,2026-08-01T18:05:45+00:00
cds_kr_5y,2025-12-24,2025-12-24,21.91,,22.07,worldgovernmentbonds,2026-08-01T18:05:45+00:00
cds_kr_5y,2025-12-25,2025-12-25,21.9,,21.91,worldgovernmentbonds,2026-08-01T18:05:45+00:00
cds_kr_5y,2025-12-26,2025-12-26,21.9,,21.9,worldgovernmentbonds,2026-08-01T18:05:45+00:00
cds_kr_5y,2025-12-27,2025-12-27,21.9,,21.9,worldgovernmentbonds,2026-08-01T18:05:45+00:00
cds_kr_5y,2025-12-28,2025-12-28,21.9,,21.9,worldgovernmentbonds,2026-08-01T18:10:14+00:00
cds_kr_5y,2025-12-29,2025-12-29,21.89,,21.9,worldgovernmentbonds,2026-08-01T18:05:45+00:00
cds_kr_5y,2025-12-30,2025-12-30,22.07,,21.89,worldgovernmentbonds,2026-08-01T18:05:45+00:00
cds_kr_5y,2025-12-31,2025-12-31,21.9,,22.07,worldgovernmentbonds,2026-08-01T18:05:45+00:00
cds_kr_5y,2026-01-01,2026-01-01,21.9,,21.9,worldgovernmentbonds,2026-08-01T18:05:45+00:00
cds_kr_5y,2026-01-02,2026-01-02,21.9,,21.9,worldgovernmentbonds,2026-08-01T18:05:45+00:00
cds_kr_5y,2026-01-03,2026-01-03,21.9,,21.9,worldgovernmentbonds,2026-08-01T18:05:45+00:00
cds_kr_5y,2026-01-04,2026-01-04,21.9,,21.9,worldgovernmentbonds,2026-08-01T18:10:14+00:00
cds_kr_5y,2026-01-05,2026-01-05,21.9,,21.9,worldgovernmentbonds,2026-08-01T18:05:45+00:00
cds_kr_5y,2026-01-06,2026-01-06,21.6,,21.9,worldgovernmentbonds,2026-08-01T18:05:45+00:00
cds_kr_5y,2026-01-07,2026-01-07,21.47,,21.6,worldgovernmentbonds,2026-08-01T18:05:45+00:00
cds_kr_5y,2026-01-08,2026-01-08,21.4,,21.47,worldgovernmentbonds,2026-08-01T18:05:45+00:00
cds_kr_5y,2026-01-09,2026-01-09,21.43,,21.4,worldgovernmentbonds,2026-08-01T18:05:45+00:00
cds_kr_5y,2026-01-10,2026-01-10,21.43,,21.43,worldgovernmentbonds,2026-08-01T18:05:45+00:00
cds_kr_5y,2026-01-11,2026-01-11,21.43,,21.43,worldgovernmentbonds,2026-08-01T18:10:14+00:00
cds_kr_5y,2026-01-12,2026-01-12,21.09,,21.43,worldgovernmentbonds,2026-08-01T18:05:45+00:00
cds_kr_5y,2026-01-13,2026-01-13,20.99,,21.09,worldgovernmentbonds,2026-08-01T18:05:45+00:00
cds_kr_5y,2026-01-14,2026-01-14,20.83,,20.99,worldgovernmentbonds,2026-08-01T18:05:45+00:00
cds_kr_5y,2026-01-15,2026-01-15,20.81,,20.83,worldgovernmentbonds,2026-08-01T18:05:45+00:00
cds_kr_5y,2026-01-16,2026-01-16,20.9,,20.81,worldgovernmentbonds,2026-08-01T18:05:45+00:00
cds_kr_5y,2026-01-17,2026-01-17,20.9,,20.9,worldgovernmentbonds,2026-08-01T18:05:45+00:00
cds_kr_5y,2026-01-18,2026-01-18,20.9,,20.9,worldgovernmentbonds,2026-08-01T18:10:14+00:00
cds_kr_5y,2026-01-19,2026-01-19,20.66,,20.9,worldgovernmentbonds,2026-08-01T18:05:45+00:00
cds_kr_5y,2026-01-20,2026-01-20,21.07,,20.66,worldgovernmentbonds,2026-08-01T18:05:45+00:00
cds_kr_5y,2026-01-21,2026-01-21,21.06,,21.07,worldgovernmentbonds,2026-08-01T18:05:45+00:00
cds_kr_5y,2026-01-22,2026-01-22,21.1,,21.06,worldgovernmentbonds,2026-08-01T18:05:45+00:00
cds_kr_5y,2026-01-23,2026-01-23,20.93,,21.1,worldgovernmentbonds,2026-08-01T18:05:45+00:00
cds_kr_5y,2026-01-24,2026-01-24,20.93,,20.93,worldgovernmentbonds,2026-08-01T18:05:45+00:00
cds_kr_5y,2026-01-25,2026-01-25,20.93,,20.93,worldgovernmentbonds,2026-08-01T18:10:14+00:00
cds_kr_5y,2026-01-26,2026-01-26,20.9,,20.93,worldgovernmentbonds,2026-08-01T18:05:45+00:00
cds_kr_5y,2026-01-27,2026-01-27,21.0,,20.9,worldgovernmentbonds,2026-08-01T18:05:45+00:00
cds_kr_5y,2026-01-28,2026-01-28,21.1,,21.0,worldgovernmentbonds,2026-08-01T18:05:45+00:00
cds_kr_5y,2026-01-29,2026-01-29,21.11,,21.1,worldgovernmentbonds,2026-08-01T18:05:45+00:00
cds_kr_5y,2026-01-30,2026-01-30,21.56,,21.11,worldgovernmentbonds,2026-08-01T18:05:45+00:00
cds_kr_5y,2026-01-31,2026-01-31,21.56,,21.56,worldgovernmentbonds,2026-08-01T18:05:45+00:00
cds_kr_5y,2026-02-01,2026-02-01,21.56,,21.56,worldgovernmentbonds,2026-08-01T18:10:14+00:00
cds_kr_5y,2026-02-02,2026-02-02,21.51,,21.56,worldgovernmentbonds,2026-08-01T18:05:45+00:00
cds_kr_5y,2026-02-03,2026-02-03,21.54,,21.51,worldgovernmentbonds,2026-08-01T18:05:45+00:00
cds_kr_5y,2026-02-06,2026-02-06,21.33,,21.54,worldgovernmentbonds,2026-08-01T18:05:45+00:00
cds_kr_5y,2026-02-07,2026-02-07,21.33,,21.33,worldgovernmentbonds,2026-08-01T18:05:45+00:00
cds_kr_5y,2026-02-08,2026-02-08,22.52,,22.59,excel,2026-08-01T17:47:59+00:00
cds_kr_5y,2026-02-09,2026-02-09,22.59,,21.33,worldgovernmentbonds,2026-08-01T18:05:45+00:00
cds_kr_5y,2026-02-10,2026-02-10,22.1,,22.59,worldgovernmentbonds,2026-08-01T18:05:45+00:00
cds_kr_5y,2026-02-11,2026-02-11,21.77,,22.1,worldgovernmentbonds,2026-08-01T18:05:45+00:00
cds_kr_5y,2026-02-12,2026-02-12,22.04,,21.77,worldgovernmentbonds,2026-08-01T18:05:45+00:00
cds_kr_5y,2026-02-13,2026-02-13,22.08,,22.04,worldgovernmentbonds,2026-08-01T18:05:45+00:00
cds_kr_5y,2026-02-14,2026-02-14,22.08,,22.08,worldgovernmentbonds,2026-08-01T18:05:45+00:00
cds_kr_5y,2026-02-15,2026-02-15,22.52,,22.08,worldgovernmentbonds,2026-08-01T18:10:14+00:00
cds_kr_5y,2026-02-16,2026-02-16,22.52,,22.52,worldgovernmentbonds,2026-08-01T18:05:45+00:00
cds_kr_5y,2026-02-17,2026-02-17,22.53,,22.52,worldgovernmentbonds,2026-08-01T18:05:45+00:00
cds_kr_5y,2026-02-18,2026-02-18,22.54,,22.53,worldgovernmentbonds,2026-08-01T18:05:45+00:00
cds_kr_5y,2026-02-19,2026-02-19,22.52,,22.54,worldgovernmentbonds,2026-08-01T18:05:45+00:00
cds_kr_5y,2026-02-20,2026-02-20,22.52,,22.52,worldgovernmentbonds,2026-08-01T18:05:45+00:00
cds_kr_5y,2026-02-21,2026-02-21,22.52,,22.52,worldgovernmentbonds,2026-08-01T18:05:45+00:00
cds_kr_5y,2026-02-22,2026-02-22,22.52,,22.52,worldgovernmentbonds,2026-08-01T18:10:14+00:00
cds_kr_5y,2026-02-23,2026-02-23,22.52,,22.52,worldgovernmentbonds,2026-08-01T18:05:45+00:00
cds_kr_5y,2026-02-24,2026-02-24,22.91,,22.52,worldgovernmentbonds,2026-08-01T18:05:45+00:00
cds_kr_5y,2026-02-25,2026-02-25,23.06,,22.91,worldgovernmentbonds,2026-08-01T18:05:45+00:00
cds_kr_5y,2026-02-26,2026-02-26,23.31,,23.06,worldgovernmentbonds,2026-08-01T18:05:45+00:00
cds_kr_5y,2026-02-27,2026-02-27,23.49,,23.31,worldgovernmentbonds,2026-08-01T18:05:45+00:00
cds_kr_5y,2026-02-28,2026-02-28,23.49,,23.49,worldgovernmentbonds,2026-08-01T18:05:45+00:00
cds_kr_5y,2026-03-01,2026-03-01,24.41,,23.49,worldgovernmentbonds,2026-08-01T18:10:14+00:00
cds_kr_5y,2026-03-02,2026-03-02,24.41,,24.41,worldgovernmentbonds,2026-08-01T18:05:45+00:00
cds_kr_5y,2026-03-03,2026-03-03,25.72,,24.41,worldgovernmentbonds,2026-08-01T18:05:45+00:00
cds_kr_5y,2026-03-04,2026-03-04,25.36,,25.72,worldgovernmentbonds,2026-08-01T18:05:45+00:00
cds_kr_5y,2026-03-05,2026-03-05,27.3,,25.36,worldgovernmentbonds,2026-08-01T18:05:45+00:00
cds_kr_5y,2026-03-06,2026-03-06,25.64,,27.3,worldgovernmentbonds,2026-08-01T18:05:45+00:00
cds_kr_5y,2026-03-07,2026-03-07,25.64,,25.64,worldgovernmentbonds,2026-08-01T18:05:45+00:00
cds_kr_5y,2026-03-08,2026-03-08,25.64,,25.64,worldgovernmentbonds,2026-08-01T18:10:14+00:00
cds_kr_5y,2026-03-09,2026-03-09,25.13,,25.64,worldgovernmentbonds,2026-08-01T18:05:45+00:00
cds_kr_5y,2026-03-10,2026-03-10,28.13,,25.13,worldgovernmentbonds,2026-08-01T18:05:45+00:00
cds_kr_5y,2026-03-11,2026-03-11,26.82,,28.13,worldgovernmentbonds,2026-08-01T18:05:45+00:00
cds_kr_5y,2026-03-12,2026-03-12,26.69,,26.82,worldgovernmentbonds,2026-08-01T18:05:45+00:00
cds_kr_5y,2026-03-13,2026-03-13,27.9,,26.69,worldgovernmentbonds,2026-08-01T18:05:45+00:00
cds_kr_5y,2026-03-14,2026-03-14,27.9,,27.9,worldgovernmentbonds,2026-08-01T18:05:45+00:00
cds_kr_5y,2026-03-15,2026-03-15,27.9,,27.9,worldgovernmentbonds,2026-08-01T18:10:14+00:00
cds_kr_5y,2026-03-16,2026-03-16,28.73,,27.9,worldgovernmentbonds,2026-08-01T18:05:45+00:00
cds_kr_5y,2026-03-17,2026-03-17,29.18,,28.73,worldgovernmentbonds,2026-08-01T18:05:45+00:00
cds_kr_5y,2026-03-18,2026-03-18,28.95,,29.18,worldgovernmentbonds,2026-08-01T18:05:45+00:00
cds_kr_5y,2026-03-19,2026-03-19,27.91,,28.95,worldgovernmentbonds,2026-08-01T18:05:45+00:00
cds_kr_5y,2026-03-20,2026-03-20,30.72,,27.91,worldgovernmentbonds,2026-08-01T18:05:45+00:00
cds_kr_5y,2026-03-21,2026-03-21,30.72,,30.72,worldgovernmentbonds,2026-08-01T18:05:45+00:00
cds_kr_5y,2026-03-22,2026-03-22,30.72,,30.72,worldgovernmentbonds,2026-08-01T18:10:14+00:00
cds_kr_5y,2026-03-23,2026-03-23,32.17,,30.72,worldgovernmentbonds,2026-08-01T18:05:45+00:00
cds_kr_5y,2026-03-24,2026-03-24,35.61,,32.17,worldgovernmentbonds,2026-08-01T18:05:45+00:00
cds_kr_5y,2026-03-25,2026-03-25,35.31,,35.61,worldgovernmentbonds,2026-08-01T18:05:45+00:00
cds_kr_5y,2026-03-26,2026-03-26,31.95,,35.31,worldgovernmentbonds,2026-08-01T18:05:45+00:00
cds_kr_5y,2026-03-27,2026-03-27,33.84,,31.95,worldgovernmentbonds,2026-08-01T18:05:45+00:00
cds_kr_5y,2026-03-28,2026-03-28,33.84,,33.84,worldgovernmentbonds,2026-08-01T18:05:45+00:00
cds_kr_5y,2026-03-29,2026-03-29,33.84,,33.84,worldgovernmentbonds,2026-08-01T18:10:14+00:00
cds_kr_5y,2026-03-30,2026-03-30,33.1,,33.84,worldgovernmentbonds,2026-08-01T18:05:45+00:00
cds_kr_5y,2026-03-31,2026-03-31,35.6,,33.1,worldgovernmentbonds,2026-08-01T18:05:45+00:00
cds_kr_5y,2026-04-01,2026-04-01,36.1,,35.6,worldgovernmentbonds,2026-08-01T18:05:45+00:00
cds_kr_5y,2026-04-02,2026-04-02,34.95,,36.1,worldgovernmentbonds,2026-08-01T18:05:45+00:00
cds_kr_5y,2026-04-03,2026-04-03,34.91,,34.95,worldgovernmentbonds,2026-08-01T18:05:45+00:00
cds_kr_5y,2026-04-04,2026-04-04,34.91,,34.91,worldgovernmentbonds,2026-08-01T18:05:45+00:00
cds_kr_5y,2026-04-05,2026-04-05,34.91,,34.91,worldgovernmentbonds,2026-08-01T18:10:14+00:00
cds_kr_5y,2026-04-06,2026-04-06,34.93,,34.91,worldgovernmentbonds,2026-08-01T18:05:45+00:00
cds_kr_5y,2026-04-07,2026-04-07,34.92,,34.93,worldgovernmentbonds,2026-08-01T18:05:45+00:00
cds_kr_5y,2026-04-08,2026-04-08,34.93,,34.92,worldgovernmentbonds,2026-08-01T18:05:45+00:00
cds_kr_5y,2026-04-09,2026-04-09,31.96,,34.93,worldgovernmentbonds,2026-08-01T18:05:45+00:00
cds_kr_5y,2026-04-10,2026-04-10,32.43,,31.96,worldgovernmentbonds,2026-08-01T18:05:45+00:00
cds_kr_5y,2026-04-11,2026-04-11,32.43,,32.43,worldgovernmentbonds,2026-08-01T18:05:45+00:00
cds_kr_5y,2026-04-12,2026-04-12,32.43,,32.43,worldgovernmentbonds,2026-08-01T18:10:14+00:00
cds_kr_5y,2026-04-13,2026-04-13,32.09,,32.43,worldgovernmentbonds,2026-08-01T18:05:45+00:00
cds_kr_5y,2026-04-14,2026-04-14,32.75,,32.09,worldgovernmentbonds,2026-08-01T18:05:45+00:00
cds_kr_5y,2026-04-15,2026-04-15,32.26,,32.75,worldgovernmentbonds,2026-08-01T18:05:45+00:00
cds_kr_5y,2026-04-16,2026-04-16,32.25,,32.26,worldgovernmentbonds,2026-08-01T18:05:45+00:00
cds_kr_5y,2026-04-17,2026-04-17,31.93,,32.25,worldgovernmentbonds,2026-08-01T18:05:45+00:00
cds_kr_5y,2026-04-18,2026-04-18,31.93,,31.93,worldgovernmentbonds,2026-08-01T18:05:45+00:00
cds_kr_5y,2026-04-19,2026-04-19,31.93,,31.93,worldgovernmentbonds,2026-08-01T18:10:14+00:00
cds_kr_5y,2026-04-20,2026-04-20,32.1,,31.93,worldgovernmentbonds,2026-08-01T18:05:45+00:00
cds_kr_5y,2026-04-21,2026-04-21,31.91,,32.1,worldgovernmentbonds,2026-08-01T18:05:45+00:00
cds_kr_5y,2026-04-22,2026-04-22,31.92,,31.91,worldgovernmentbonds,2026-08-01T18:05:45+00:00
cds_kr_5y,2026-04-23,2026-04-23,31.6,,31.92,worldgovernmentbonds,2026-08-01T18:05:45+00:00
cds_kr_5y,2026-04-25,2026-04-25,31.42,,31.6,worldgovernmentbonds,2026-08-01T18:05:45+00:00
cds_kr_5y,2026-04-26,2026-04-26,31.42,,31.42,worldgovernmentbonds,2026-08-01T18:10:14+00:00
cds_kr_5y,2026-04-27,2026-04-27,31.42,,31.42,worldgovernmentbonds,2026-08-01T18:05:45+00:00
cds_kr_5y,2026-04-28,2026-04-28,31.42,,31.42,worldgovernmentbonds,2026-08-01T18:05:45+00:00
cds_kr_5y,2026-04-29,2026-04-29,31.16,,31.42,worldgovernmentbonds,2026-08-01T18:05:45+00:00
cds_kr_5y,2026-04-30,2026-04-30,31.17,,31.16,worldgovernmentbonds,2026-08-01T18:05:45+00:00
cds_kr_5y,2026-05-01,2026-05-01,31.17,,31.17,worldgovernmentbonds,2026-08-01T18:05:45+00:00
cds_kr_5y,2026-05-02,2026-05-02,31.17,,31.17,worldgovernmentbonds,2026-08-01T18:05:45+00:00
cds_kr_5y,2026-05-03,2026-05-03,31.17,,31.17,worldgovernmentbonds,2026-08-01T18:10:14+00:00
cds_kr_5y,2026-05-04,2026-05-04,28.76,,31.17,worldgovernmentbonds,2026-08-01T18:05:45+00:00
cds_kr_5y,2026-05-05,2026-05-05,29.0,,28.76,worldgovernmentbonds,2026-08-01T18:05:45+00:00
cds_kr_5y,2026-05-06,2026-05-06,28.77,,29.0,worldgovernmentbonds,2026-08-01T18:05:45+00:00
cds_kr_5y,2026-05-07,2026-05-07,28.77,,28.77,worldgovernmentbonds,2026-08-01T18:05:45+00:00
cds_kr_5y,2026-05-08,2026-05-08,26.66,,28.77,worldgovernmentbonds,2026-08-01T18:05:45+00:00
cds_kr_5y,2026-05-09,2026-05-09,26.66,,26.66,worldgovernmentbonds,2026-08-01T18:05:45+00:00
cds_kr_5y,2026-05-10,2026-05-10,26.66,,26.66,worldgovernmentbonds,2026-08-01T18:10:14+00:00
cds_kr_5y,2026-05-11,2026-05-11,25.41,,26.66,worldgovernmentbonds,2026-08-01T18:05:45+00:00
cds_kr_5y,2026-05-12,2026-05-12,25.12,,25.41,worldgovernmentbonds,2026-08-01T18:05:45+00:00
cds_kr_5y,2026-05-13,2026-05-13,24.57,,25.12,worldgovernmentbonds,2026-08-01T18:05:45+00:00
cds_kr_5y,2026-05-14,2026-05-14,24.4,,24.57,worldgovernmentbonds,2026-08-01T18:05:45+00:00
cds_kr_5y,2026-05-15,2026-05-15,24.4,,24.4,worldgovernmentbonds,2026-08-01T18:05:45+00:00
cds_kr_5y,2026-05-16,2026-05-16,24.4,,24.4,worldgovernmentbonds,2026-08-01T18:05:45+00:00
cds_kr_5y,2026-05-17,2026-05-17,24.4,,24.4,worldgovernmentbonds,2026-08-01T18:10:14+00:00
cds_kr_5y,2026-05-18,2026-05-18,24.09,,24.4,worldgovernmentbonds,2026-08-01T18:05:45+00:00
cds_kr_5y,2026-05-19,2026-05-19,24.39,,24.09,worldgovernmentbonds,2026-08-01T18:05:45+00:00
cds_kr_5y,2026-05-20,2026-05-20,24.38,,24.39,worldgovernmentbonds,2026-08-01T18:05:45+00:00
cds_kr_5y,2026-05-21,2026-05-21,24.66,,24.38,worldgovernmentbonds,2026-08-01T18:05:45+00:00
cds_kr_5y,2026-05-22,2026-05-22,23.12,,24.66,worldgovernmentbonds,2026-08-01T18:05:45+00:00
cds_kr_5y,2026-05-23,2026-05-23,23.12,,23.12,worldgovernmentbonds,2026-08-01T18:05:45+00:00
cds_kr_5y,2026-05-24,2026-05-24,22.38,,23.12,worldgovernmentbonds,2026-08-01T18:10:14+00:00
cds_kr_5y,2026-05-25,2026-05-25,22.38,,22.38,worldgovernmentbonds,2026-08-01T18:05:45+00:00
cds_kr_5y,2026-05-26,2026-05-26,22.42,,22.38,worldgovernmentbonds,2026-08-01T18:05:45+00:00
cds_kr_5y,2026-05-27,2026-05-27,21.93,,22.42,worldgovernmentbonds,2026-08-01T18:05:45+00:00
cds_kr_5y,2026-05-28,2026-05-28,21.9,,21.93,worldgovernmentbonds,2026-08-01T18:05:45+00:00
cds_kr_5y,2026-05-29,2026-05-29,22.36,,21.9,worldgovernmentbonds,2026-08-01T18:05:45+00:00
cds_kr_5y,2026-05-30,2026-05-30,22.36,,22.36,worldgovernmentbonds,2026-08-01T18:05:45+00:00
cds_kr_5y,2026-05-31,2026-05-31,22.36,,22.36,worldgovernmentbonds,2026-08-01T18:10:14+00:00
cds_kr_5y,2026-06-01,2026-06-01,22.38,,22.36,worldgovernmentbonds,2026-08-01T18:05:45+00:00
cds_kr_5y,2026-06-02,2026-06-02,22.22,,22.38,worldgovernmentbonds,2026-08-01T18:05:45+00:00
cds_kr_5y,2026-06-03,2026-06-03,22.65,,22.22,worldgovernmentbonds,2026-08-01T18:05:45+00:00
cds_kr_5y,2026-06-04,2026-06-04,22.72,,22.65,worldgovernmentbonds,2026-08-01T18:05:45+00:00
cds_kr_5y,2026-06-05,2026-06-05,23.14,,22.72,worldgovernmentbonds,2026-08-01T18:05:45+00:00
cds_kr_5y,2026-06-06,2026-06-06,23.14,,23.14,worldgovernmentbonds,2026-08-01T18:05:45+00:00
cds_kr_5y,2026-06-07,2026-06-07,23.14,,23.14,worldgovernmentbonds,2026-08-01T18:10:14+00:00
cds_kr_5y,2026-06-08,2026-06-08,23.14,,23.14,worldgovernmentbonds,2026-08-01T18:05:45+00:00
cds_kr_5y,2026-06-09,2026-06-09,23.84,,23.14,worldgovernmentbonds,2026-08-01T18:05:45+00:00
cds_kr_5y,2026-06-10,2026-06-10,23.84,,23.84,worldgovernmentbonds,2026-08-01T18:05:45+00:00
cds_kr_5y,2026-06-11,2026-06-11,23.61,,23.84,worldgovernmentbonds,2026-08-01T18:05:45+00:00
cds_kr_5y,2026-06-12,2026-06-12,23.62,,23.61,worldgovernmentbonds,2026-08-01T18:05:45+00:00
cds_kr_5y,2026-06-13,2026-06-13,23.62,,23.62,worldgovernmentbonds,2026-08-01T18:05:45+00:00
cds_kr_5y,2026-06-14,2026-06-14,23.62,,23.62,worldgovernmentbonds,2026-08-01T18:10:14+00:00
cds_kr_5y,2026-06-15,2026-06-15,22.88,,23.62,worldgovernmentbonds,2026-08-01T18:05:45+00:00
cds_kr_5y,2026-06-16,2026-06-16,21.91,,22.88,worldgovernmentbonds,2026-08-01T18:05:45+00:00
cds_kr_5y,2026-06-17,2026-06-17,21.65,,21.91,worldgovernmentbonds,2026-08-01T18:05:45+00:00
cds_kr_5y,2026-06-18,2026-06-18,21.62,,21.65,worldgovernmentbonds,2026-08-01T18:05:45+00:00
cds_kr_5y,2026-06-19,2026-06-19,21.92,,21.62,worldgovernmentbonds,2026-08-01T18:05:45+00:00
cds_kr_5y,2026-06-20,2026-06-20,21.92,,21.92,worldgovernmentbonds,2026-08-01T18:05:45+00:00
cds_kr_5y,2026-06-21,2026-06-21,21.92,,21.92,worldgovernmentbonds,2026-08-01T18:10:14+00:00
cds_kr_5y,2026-06-22,2026-06-22,22.12,,21.92,worldgovernmentbonds,2026-08-01T18:05:45+00:00
cds_kr_5y,2026-06-23,2026-06-23,21.58,,22.12,worldgovernmentbonds,2026-08-01T18:05:45+00:00
cds_kr_5y,2026-06-24,2026-06-24,22.66,,21.58,worldgovernmentbonds,2026-08-01T18:05:45+00:00
cds_kr_5y,2026-06-25,2026-06-25,22.62,,22.66,worldgovernmentbonds,2026-08-01T18:05:45+00:00
cds_kr_5y,2026-06-26,2026-06-26,22.36,,22.62,worldgovernmentbonds,2026-08-01T18:05:45+00:00
cds_kr_5y,2026-06-27,2026-06-27,22.36,,22.36,worldgovernmentbonds,2026-08-01T18:05:45+00:00
cds_kr_5y,2026-06-28,2026-06-28,22.36,,22.36,worldgovernmentbonds,2026-08-01T18:10:14+00:00
cds_kr_5y,2026-06-29,2026-06-29,22.4,,22.36,worldgovernmentbonds,2026-08-01T18:05:45+00:00
cds_kr_5y,2026-06-30,2026-06-30,22.85,,22.4,worldgovernmentbonds,2026-08-01T18:05:45+00:00
cds_kr_5y,2026-07-01,2026-07-01,22.61,,22.85,worldgovernmentbonds,2026-08-01T18:05:45+00:00
cds_kr_5y,2026-07-02,2026-07-02,22.6,,22.61,worldgovernmentbonds,2026-08-01T18:05:45+00:00
cds_kr_5y,2026-07-03,2026-07-03,22.36,,22.6,worldgovernmentbonds,2026-08-01T18:05:45+00:00
cds_kr_5y,2026-07-04,2026-07-04,22.36,,22.36,worldgovernmentbonds,2026-08-01T18:05:45+00:00
cds_kr_5y,2026-07-05,2026-07-05,22.36,,22.36,worldgovernmentbonds,2026-08-01T18:10:14+00:00
cds_kr_5y,2026-07-06,2026-07-06,22.62,,22.36,worldgovernmentbonds,2026-08-01T18:05:45+00:00
cds_kr_5y,2026-07-07,2026-07-07,22.39,,22.62,worldgovernmentbonds,2026-08-01T18:05:45+00:00
cds_kr_5y,2026-07-08,2026-07-08,22.34,,22.39,worldgovernmentbonds,2026-08-01T18:05:45+00:00
cds_kr_5y,2026-07-09,2026-07-09,22.58,,22.34,worldgovernmentbonds,2026-08-01T18:05:45+00:00
cds_kr_5y,2026-07-10,2026-07-10,22.62,,22.58,worldgovernmentbonds,2026-08-01T18:05:45+00:00
cds_kr_5y,2026-07-11,2026-07-11,22.62,,22.62,worldgovernmentbonds,2026-08-01T18:05:45+00:00
cds_kr_5y,2026-07-12,2026-07-12,22.62,,22.62,worldgovernmentbonds,2026-08-01T18:10:14+00:00
cds_kr_5y,2026-07-13,2026-07-13,22.63,,22.62,worldgovernmentbonds,2026-08-01T18:05:45+00:00
cds_kr_5y,2026-07-14,2026-07-14,22.61,,22.63,worldgovernmentbonds,2026-08-01T18:05:45+00:00
cds_kr_5y,2026-07-15,2026-07-15,22.61,,22.61,worldgovernmentbonds,2026-08-01T18:05:45+00:00
cds_kr_5y,2026-07-16,2026-07-16,22.6,,22.61,worldgovernmentbonds,2026-08-01T18:05:45+00:00
cds_kr_5y,2026-07-17,2026-07-17,22.86,,22.6,worldgovernmentbonds,2026-08-01T18:05:45+00:00
cds_kr_5y,2026-07-18,2026-07-18,22.86,,22.86,worldgovernmentbonds,2026-08-01T18:05:45+00:00
cds_kr_5y,2026-07-19,2026-07-19,22.86,,22.86,worldgovernmentbonds,2026-08-01T18:10:14+00:00
cds_kr_5y,2026-07-20,2026-07-20,22.9,,22.86,worldgovernmentbonds,2026-08-01T18:05:45+00:00
cds_kr_5y,2026-07-21,2026-07-21,23.11,,22.9,worldgovernmentbonds,2026-08-01T18:05:45+00:00
cds_kr_5y,2026-07-22,2026-07-22,23.12,,23.11,worldgovernmentbonds,2026-08-01T18:05:45+00:00
cds_kr_5y,2026-07-23,2026-07-23,23.13,,23.12,worldgovernmentbonds,2026-08-01T18:05:45+00:00
cds_kr_5y,2026-07-24,2026-07-24,22.85,,23.13,worldgovernmentbonds,2026-08-01T18:05:45+00:00
cds_kr_5y,2026-07-25,2026-07-25,22.85,,22.85,worldgovernmentbonds,2026-08-01T18:05:45+00:00
cds_kr_5y,2026-07-26,2026-07-26,22.85,,22.85,worldgovernmentbonds,2026-08-01T18:10:14+00:00
cds_kr_5y,2026-07-27,2026-07-27,23.64,,22.85,worldgovernmentbonds,2026-08-01T18:05:45+00:00
cds_kr_5y,2026-07-28,2026-07-28,23.14,,23.64,worldgovernmentbonds,2026-08-01T18:05:45+00:00
cds_kr_5y,2026-07-29,2026-07-29,23.39,,23.14,worldgovernmentbonds,2026-08-01T18:05:45+00:00
cds_kr_5y,2026-07-30,2026-07-30,23.1,,23.39,worldgovernmentbonds,2026-08-01T18:05:45+00:00
cds_kr_5y,2026-08-01,2026-08-01,23.6,,23.1,worldgovernmentbonds,2026-08-01T18:05:45+00:00
cds_us_5y,2017-04-16,2017-04-16,21.1,,,worldgovernmentbonds,2026-08-01T18:05:16+00:00
cds_us_5y,2017-04-17,2017-04-17,21.1,,21.1,worldgovernmentbonds,2026-08-01T18:05:16+00:00
cds_us_5y,2017-04-18,2017-04-18,21.6,,21.1,worldgovernmentbonds,2026-08-01T18:05:16+00:00
cds_us_5y,2017-04-19,2017-04-19,22.5,,21.6,worldgovernmentbonds,2026-08-01T18:05:16+00:00
cds_us_5y,2017-04-20,2017-04-20,23.3,,22.5,worldgovernmentbonds,2026-08-01T18:05:16+00:00
cds_us_5y,2017-04-21,2017-04-21,22.4,,23.3,worldgovernmentbonds,2026-08-01T18:05:16+00:00
cds_us_5y,2017-04-22,2017-04-22,22.4,,22.4,worldgovernmentbonds,2026-08-01T18:05:16+00:00
cds_us_5y,2017-04-23,2017-04-23,22.4,,22.4,worldgovernmentbonds,2026-08-01T18:05:16+00:00
cds_us_5y,2017-04-24,2017-04-24,22.4,,22.4,worldgovernmentbonds,2026-08-01T18:05:16+00:00
cds_us_5y,2017-04-25,2017-04-25,23.2,,22.4,worldgovernmentbonds,2026-08-01T18:05:16+00:00
cds_us_5y,2017-04-26,2017-04-26,23.2,,23.2,worldgovernmentbonds,2026-08-01T18:05:16+00:00
cds_us_5y,2017-04-27,2017-04-27,22.6,,23.2,worldgovernmentbonds,2026-08-01T18:05:16+00:00
cds_us_5y,2017-04-28,2017-04-28,22.2,,22.6,worldgovernmentbonds,2026-08-01T18:05:16+00:00
cds_us_5y,2017-04-29,2017-04-29,22.3,,22.2,worldgovernmentbonds,2026-08-01T18:05:16+00:00
cds_us_5y,2017-04-30,2017-04-30,22.3,,22.3,worldgovernmentbonds,2026-08-01T18:05:16+00:00
cds_us_5y,2017-05-01,2017-05-01,22.3,,22.3,worldgovernmentbonds,2026-08-01T18:05:16+00:00
cds_us_5y,2017-05-02,2017-05-02,21.9,,22.3,worldgovernmentbonds,2026-08-01T18:05:16+00:00
cds_us_5y,2017-05-03,2017-05-03,22.3,,21.9,worldgovernmentbonds,2026-08-01T18:05:16+00:00
cds_us_5y,2017-05-04,2017-05-04,22.3,,22.3,worldgovernmentbonds,2026-08-01T18:05:16+00:00
cds_us_5y,2017-05-05,2017-05-05,22.3,,22.3,worldgovernmentbonds,2026-08-01T18:05:16+00:00
cds_us_5y,2017-05-06,2017-05-06,22.1,,22.3,worldgovernmentbonds,2026-08-01T18:05:16+00:00
cds_us_5y,2017-05-07,2017-05-07,22.1,,22.1,worldgovernmentbonds,2026-08-01T18:05:16+00:00
cds_us_5y,2017-05-08,2017-05-08,22.1,,22.1,worldgovernmentbonds,2026-08-01T18:05:16+00:00
cds_us_5y,2017-05-09,2017-05-09,21.9,,22.1,worldgovernmentbonds,2026-08-01T18:05:16+00:00
cds_us_5y,2017-05-10,2017-05-10,21.8,,21.9,worldgovernmentbonds,2026-08-01T18:05:16+00:00
cds_us_5y,2017-05-11,2017-05-11,22.2,,21.8,worldgovernmentbonds,2026-08-01T18:05:16+00:00
cds_us_5y,2017-05-12,2017-05-12,22.2,,22.2,worldgovernmentbonds,2026-08-01T18:05:16+00:00
cds_us_5y,2017-05-13,2017-05-13,22.2,,22.2,worldgovernmentbonds,2026-08-01T18:05:16+00:00
cds_us_5y,2017-05-14,2017-05-14,22.2,,22.2,worldgovernmentbonds,2026-08-01T18:05:16+00:00
cds_us_5y,2017-05-15,2017-05-15,22.2,,22.2,worldgovernmentbonds,2026-08-01T18:05:16+00:00
cds_us_5y,2017-05-16,2017-05-16,22.1,,22.2,worldgovernmentbonds,2026-08-01T18:05:16+00:00
cds_us_5y,2017-05-17,2017-05-17,22.4,,22.1,worldgovernmentbonds,2026-08-01T18:05:16+00:00
cds_us_5y,2017-05-18,2017-05-18,22.5,,22.4,worldgovernmentbonds,2026-08-01T18:05:16+00:00
cds_us_5y,2017-05-19,2017-05-19,22.5,,22.5,worldgovernmentbonds,2026-08-01T18:05:16+00:00
cds_us_5y,2017-05-20,2017-05-20,22.5,,22.5,worldgovernmentbonds,2026-08-01T18:05:16+00:00
cds_us_5y,2017-05-21,2017-05-21,22.5,,22.5,worldgovernmentbonds,2026-08-01T18:05:16+00:00
cds_us_5y,2017-05-22,2017-05-22,22.5,,22.5,worldgovernmentbonds,2026-08-01T18:05:16+00:00
cds_us_5y,2017-05-23,2017-05-23,22.0,,22.5,worldgovernmentbonds,2026-08-01T18:05:16+00:00
cds_us_5y,2017-05-24,2017-05-24,21.9,,22.0,worldgovernmentbonds,2026-08-01T18:05:16+00:00
cds_us_5y,2017-05-25,2017-05-25,21.9,,21.9,worldgovernmentbonds,2026-08-01T18:05:16+00:00
cds_us_5y,2017-05-26,2017-05-26,21.9,,21.9,worldgovernmentbonds,2026-08-01T18:05:16+00:00
cds_us_5y,2017-05-27,2017-05-27,21.9,,21.9,worldgovernmentbonds,2026-08-01T18:05:16+00:00
cds_us_5y,2017-05-28,2017-05-28,21.9,,21.9,worldgovernmentbonds,2026-08-01T18:05:16+00:00
cds_us_5y,2017-05-29,2017-05-29,21.9,,21.9,worldgovernmentbonds,2026-08-01T18:05:16+00:00
cds_us_5y,2017-05-30,2017-05-30,21.9,,21.9,worldgovernmentbonds,2026-08-01T18:05:16+00:00
cds_us_5y,2017-05-31,2017-05-31,21.5,,21.9,worldgovernmentbonds,2026-08-01T18:05:16+00:00
cds_us_5y,2017-06-01,2017-06-01,21.6,,21.5,worldgovernmentbonds,2026-08-01T18:05:16+00:00
cds_us_5y,2017-06-02,2017-06-02,21.7,,21.6,worldgovernmentbonds,2026-08-01T18:05:16+00:00
cds_us_5y,2017-06-03,2017-06-03,21.7,,21.7,worldgovernmentbonds,2026-08-01T18:05:16+00:00
cds_us_5y,2017-06-04,2017-06-04,21.7,,21.7,worldgovernmentbonds,2026-08-01T18:05:16+00:00
cds_us_5y,2017-06-05,2017-06-05,21.7,,21.7,worldgovernmentbonds,2026-08-01T18:05:16+00:00
cds_us_5y,2017-06-06,2017-06-06,21.8,,21.7,worldgovernmentbonds,2026-08-01T18:05:16+00:00
cds_us_5y,2017-06-07,2017-06-07,21.4,,21.8,worldgovernmentbonds,2026-08-01T18:05:16+00:00
cds_us_5y,2017-06-08,2017-06-08,21.4,,21.4,worldgovernmentbonds,2026-08-01T18:05:16+00:00
cds_us_5y,2017-06-09,2017-06-09,21.4,,21.4,worldgovernmentbonds,2026-08-01T18:05:16+00:00
cds_us_5y,2017-06-10,2017-06-10,21.4,,21.4,worldgovernmentbonds,2026-08-01T18:05:16+00:00
cds_us_5y,2017-06-11,2017-06-11,21.4,,21.4,worldgovernmentbonds,2026-08-01T18:05:16+00:00
cds_us_5y,2017-06-12,2017-06-12,21.4,,21.4,worldgovernmentbonds,2026-08-01T18:05:16+00:00
cds_us_5y,2017-06-13,2017-06-13,21.4,,21.4,worldgovernmentbonds,2026-08-01T18:05:16+00:00
cds_us_5y,2017-06-14,2017-06-14,21.4,,21.4,worldgovernmentbonds,2026-08-01T18:05:16+00:00
cds_us_5y,2017-06-15,2017-06-15,21.7,,21.4,worldgovernmentbonds,2026-08-01T18:05:16+00:00
cds_us_5y,2017-06-16,2017-06-16,22.1,,21.7,worldgovernmentbonds,2026-08-01T18:05:16+00:00
cds_us_5y,2017-06-17,2017-06-17,21.5,,22.1,worldgovernmentbonds,2026-08-01T18:05:16+00:00
cds_us_5y,2017-06-18,2017-06-18,21.5,,21.5,worldgovernmentbonds,2026-08-01T18:05:16+00:00
cds_us_5y,2017-06-19,2017-06-19,21.5,,21.5,worldgovernmentbonds,2026-08-01T18:05:16+00:00
cds_us_5y,2017-06-20,2017-06-20,21.4,,21.5,worldgovernmentbonds,2026-08-01T18:05:16+00:00
cds_us_5y,2017-06-21,2017-06-21,23.4,,21.4,worldgovernmentbonds,2026-08-01T18:05:16+00:00
cds_us_5y,2017-06-22,2017-06-22,23.4,,23.4,worldgovernmentbonds,2026-08-01T18:05:16+00:00
cds_us_5y,2017-06-23,2017-06-23,23.4,,23.4,worldgovernmentbonds,2026-08-01T18:05:16+00:00
cds_us_5y,2017-06-24,2017-06-24,23.4,,23.4,worldgovernmentbonds,2026-08-01T18:05:16+00:00
cds_us_5y,2017-06-25,2017-06-25,23.4,,23.4,worldgovernmentbonds,2026-08-01T18:05:16+00:00
cds_us_5y,2017-06-26,2017-06-26,23.4,,23.4,worldgovernmentbonds,2026-08-01T18:05:16+00:00
cds_us_5y,2017-06-27,2017-06-27,23.4,,23.4,worldgovernmentbonds,2026-08-01T18:05:16+00:00
cds_us_5y,2017-06-28,2017-06-28,23.4,,23.4,worldgovernmentbonds,2026-08-01T18:05:16+00:00
cds_us_5y,2017-06-29,2017-06-29,23.4,,23.4,worldgovernmentbonds,2026-08-01T18:05:16+00:00
cds_us_5y,2017-06-30,2017-06-30,23.4,,23.4,worldgovernmentbonds,2026-08-01T18:05:16+00:00
cds_us_5y,2017-07-01,2017-07-01,23.3,,23.4,worldgovernmentbonds,2026-08-01T18:05:16+00:00
cds_us_5y,2017-07-02,2017-07-02,23.3,,23.3,worldgovernmentbonds,2026-08-01T18:05:16+00:00
cds_us_5y,2017-07-03,2017-07-03,23.3,,23.3,worldgovernmentbonds,2026-08-01T18:05:16+00:00
cds_us_5y,2017-07-04,2017-07-04,23.3,,23.3,worldgovernmentbonds,2026-08-01T18:05:16+00:00
cds_us_5y,2017-07-05,2017-07-05,23.3,,23.3,worldgovernmentbonds,2026-08-01T18:05:16+00:00
cds_us_5y,2017-07-06,2017-07-06,23.3,,23.3,worldgovernmentbonds,2026-08-01T18:05:16+00:00
cds_us_5y,2017-07-07,2017-07-07,23.3,,23.3,worldgovernmentbonds,2026-08-01T18:05:16+00:00
cds_us_5y,2017-07-08,2017-07-08,23.3,,23.3,worldgovernmentbonds,2026-08-01T18:05:16+00:00
cds_us_5y,2017-07-09,2017-07-09,23.3,,23.3,worldgovernmentbonds,2026-08-01T18:05:16+00:00
cds_us_5y,2017-07-10,2017-07-10,23.3,,23.3,worldgovernmentbonds,2026-08-01T18:05:16+00:00
cds_us_5y,2017-07-11,2017-07-11,23.3,,23.3,worldgovernmentbonds,2026-08-01T18:05:16+00:00
cds_us_5y,2017-07-12,2017-07-12,23.2,,23.3,worldgovernmentbonds,2026-08-01T18:05:16+00:00
cds_us_5y,2017-07-13,2017-07-13,23.3,,23.2,worldgovernmentbonds,2026-08-01T18:05:16+00:00
cds_us_5y,2017-07-14,2017-07-14,22.0,,23.3,worldgovernmentbonds,2026-08-01T18:05:16+00:00
cds_us_5y,2017-07-15,2017-07-15,21.6,,22.0,worldgovernmentbonds,2026-08-01T18:05:16+00:00
cds_us_5y,2017-07-16,2017-07-16,21.6,,21.6,worldgovernmentbonds,2026-08-01T18:05:16+00:00
cds_us_5y,2017-07-17,2017-07-17,21.6,,21.6,worldgovernmentbonds,2026-08-01T18:05:16+00:00
cds_us_5y,2017-07-18,2017-07-18,20.9,,21.6,worldgovernmentbonds,2026-08-01T18:05:16+00:00
cds_us_5y,2017-07-19,2017-07-19,19.7,,20.9,worldgovernmentbonds,2026-08-01T18:05:16+00:00
cds_us_5y,2017-07-20,2017-07-20,20.1,,19.7,worldgovernmentbonds,2026-08-01T18:05:16+00:00
cds_us_5y,2017-07-21,2017-07-21,20.0,,20.1,worldgovernmentbonds,2026-08-01T18:05:16+00:00
cds_us_5y,2017-07-22,2017-07-22,22.2,,20.0,worldgovernmentbonds,2026-08-01T18:05:16+00:00
cds_us_5y,2017-07-23,2017-07-23,22.2,,22.2,worldgovernmentbonds,2026-08-01T18:05:16+00:00
cds_us_5y,2017-07-24,2017-07-24,22.2,,22.2,worldgovernmentbonds,2026-08-01T18:05:16+00:00
cds_us_5y,2017-07-25,2017-07-25,23.2,,22.2,worldgovernmentbonds,2026-08-01T18:05:16+00:00
cds_us_5y,2017-07-26,2017-07-26,23.7,,23.2,worldgovernmentbonds,2026-08-01T18:05:16+00:00
cds_us_5y,2017-07-27,2017-07-27,23.9,,23.7,worldgovernmentbonds,2026-08-01T18:05:16+00:00
cds_us_5y,2017-07-28,2017-07-28,23.9,,23.9,worldgovernmentbonds,2026-08-01T18:05:16+00:00
cds_us_5y,2017-07-29,2017-07-29,22.6,,23.9,worldgovernmentbonds,2026-08-01T18:05:16+00:00
cds_us_5y,2017-07-30,2017-07-30,22.6,,22.6,worldgovernmentbonds,2026-08-01T18:05:16+00:00
cds_us_5y,2017-07-31,2017-07-31,22.6,,22.6,worldgovernmentbonds,2026-08-01T18:05:16+00:00
cds_us_5y,2017-08-01,2017-08-01,23.6,,22.6,worldgovernmentbonds,2026-08-01T18:05:16+00:00
cds_us_5y,2017-08-02,2017-08-02,23.2,,23.6,worldgovernmentbonds,2026-08-01T18:05:16+00:00
cds_us_5y,2017-08-03,2017-08-03,23.0,,23.2,worldgovernmentbonds,2026-08-01T18:05:16+00:00
cds_us_5y,2017-08-04,2017-08-04,22.9,,23.0,worldgovernmentbonds,2026-08-01T18:05:16+00:00
cds_us_5y,2017-08-05,2017-08-05,23.0,,22.9,worldgovernmentbonds,2026-08-01T18:05:16+00:00
cds_us_5y,2017-08-06,2017-08-06,23.0,,23.0,worldgovernmentbonds,2026-08-01T18:05:16+00:00
cds_us_5y,2017-08-07,2017-08-07,23.0,,23.0,worldgovernmentbonds,2026-08-01T18:05:16+00:00
cds_us_5y,2017-08-08,2017-08-08,23.0,,23.0,worldgovernmentbonds,2026-08-01T18:05:16+00:00
cds_us_5y,2017-08-09,2017-08-09,23.0,,23.0,worldgovernmentbonds,2026-08-01T18:05:16+00:00
cds_us_5y,2017-08-10,2017-08-10,23.0,,23.0,worldgovernmentbonds,2026-08-01T18:05:16+00:00
cds_us_5y,2017-08-11,2017-08-11,21.9,,23.0,worldgovernmentbonds,2026-08-01T18:05:16+00:00
cds_us_5y,2017-08-12,2017-08-12,24.2,,21.9,worldgovernmentbonds,2026-08-01T18:05:16+00:00
cds_us_5y,2017-08-13,2017-08-13,24.2,,24.2,worldgovernmentbonds,2026-08-01T18:05:16+00:00
cds_us_5y,2017-08-14,2017-08-14,24.2,,24.2,worldgovernmentbonds,2026-08-01T18:05:16+00:00
cds_us_5y,2017-08-15,2017-08-15,23.3,,24.2,worldgovernmentbonds,2026-08-01T18:05:16+00:00
cds_us_5y,2017-08-16,2017-08-16,22.7,,23.3,worldgovernmentbonds,2026-08-01T18:05:16+00:00
cds_us_5y,2017-08-17,2017-08-17,22.5,,22.7,worldgovernmentbonds,2026-08-01T18:05:16+00:00
cds_us_5y,2017-08-18,2017-08-18,22.7,,22.5,worldgovernmentbonds,2026-08-01T18:05:16+00:00
cds_us_5y,2017-08-19,2017-08-19,21.7,,22.7,worldgovernmentbonds,2026-08-01T18:05:16+00:00
cds_us_5y,2017-08-20,2017-08-20,21.7,,21.7,worldgovernmentbonds,2026-08-01T18:05:16+00:00
cds_us_5y,2017-08-21,2017-08-21,21.7,,21.7,worldgovernmentbonds,2026-08-01T18:05:16+00:00
cds_us_5y,2017-08-22,2017-08-22,20.8,,21.7,worldgovernmentbonds,2026-08-01T18:05:16+00:00
cds_us_5y,2017-08-23,2017-08-23,20.8,,20.8,worldgovernmentbonds,2026-08-01T18:05:16+00:00
cds_us_5y,2017-08-24,2017-08-24,20.5,,20.8,worldgovernmentbonds,2026-08-01T18:05:16+00:00
cds_us_5y,2017-08-25,2017-08-25,20.6,,20.5,worldgovernmentbonds,2026-08-01T18:05:16+00:00
cds_us_5y,2017-08-26,2017-08-26,20.4,,20.6,worldgovernmentbonds,2026-08-01T18:05:16+00:00
cds_us_5y,2017-08-27,2017-08-27,20.4,,20.4,worldgovernmentbonds,2026-08-01T18:05:16+00:00
cds_us_5y,2017-08-28,2017-08-28,20.4,,20.4,worldgovernmentbonds,2026-08-01T18:05:16+00:00
cds_us_5y,2017-08-29,2017-08-29,20.4,,20.4,worldgovernmentbonds,2026-08-01T18:05:16+00:00
cds_us_5y,2017-08-30,2017-08-30,20.6,,20.4,worldgovernmentbonds,2026-08-01T18:05:16+00:00
cds_us_5y,2017-08-31,2017-08-31,21.1,,20.6,worldgovernmentbonds,2026-08-01T18:05:16+00:00
cds_us_5y,2017-09-01,2017-09-01,20.8,,21.1,worldgovernmentbonds,2026-08-01T18:05:16+00:00
cds_us_5y,2017-09-02,2017-09-02,20.6,,20.8,worldgovernmentbonds,2026-08-01T18:05:16+00:00
cds_us_5y,2017-09-03,2017-09-03,20.6,,20.6,worldgovernmentbonds,2026-08-01T18:05:16+00:00
cds_us_5y,2017-09-04,2017-09-04,20.6,,20.6,worldgovernmentbonds,2026-08-01T18:05:16+00:00
cds_us_5y,2017-09-05,2017-09-05,20.5,,20.6,worldgovernmentbonds,2026-08-01T18:05:16+00:00
cds_us_5y,2017-09-06,2017-09-06,20.5,,20.5,worldgovernmentbonds,2026-08-01T18:05:16+00:00
cds_us_5y,2017-09-07,2017-09-07,20.5,,20.5,worldgovernmentbonds,2026-08-01T18:05:16+00:00
cds_us_5y,2017-09-08,2017-09-08,22.5,,20.5,worldgovernmentbonds,2026-08-01T18:05:16+00:00
cds_us_5y,2017-09-09,2017-09-09,22.9,,22.5,worldgovernmentbonds,2026-08-01T18:05:16+00:00
cds_us_5y,2017-09-10,2017-09-10,22.9,,22.9,worldgovernmentbonds,2026-08-01T18:05:16+00:00
cds_us_5y,2017-09-11,2017-09-11,22.9,,22.9,worldgovernmentbonds,2026-08-01T18:05:16+00:00
cds_us_5y,2017-09-12,2017-09-12,22.2,,22.9,worldgovernmentbonds,2026-08-01T18:05:16+00:00
cds_us_5y,2017-09-13,2017-09-13,21.9,,22.2,worldgovernmentbonds,2026-08-01T18:05:16+00:00
cds_us_5y,2017-09-14,2017-09-14,21.6,,21.9,worldgovernmentbonds,2026-08-01T18:05:16+00:00
cds_us_5y,2017-09-15,2017-09-15,21.5,,21.6,worldgovernmentbonds,2026-08-01T18:05:16+00:00
cds_us_5y,2017-09-16,2017-09-16,21.6,,21.5,worldgovernmentbonds,2026-08-01T18:05:16+00:00
cds_us_5y,2017-09-17,2017-09-17,21.6,,21.6,worldgovernmentbonds,2026-08-01T18:05:16+00:00
cds_us_5y,2017-09-18,2017-09-18,21.6,,21.6,worldgovernmentbonds,2026-08-01T18:05:16+00:00
cds_us_5y,2017-09-19,2017-09-19,21.8,,21.6,worldgovernmentbonds,2026-08-01T18:05:16+00:00
cds_us_5y,2017-09-20,2017-09-20,21.6,,21.8,worldgovernmentbonds,2026-08-01T18:05:16+00:00
cds_us_5y,2017-09-21,2017-09-21,22.0,,21.6,worldgovernmentbonds,2026-08-01T18:05:16+00:00
cds_us_5y,2017-09-22,2017-09-22,21.7,,22.0,worldgovernmentbonds,2026-08-01T18:05:16+00:00
cds_us_5y,2017-09-23,2017-09-23,21.7,,21.7,worldgovernmentbonds,2026-08-01T18:05:16+00:00
cds_us_5y,2017-09-24,2017-09-24,21.7,,21.7,worldgovernmentbonds,2026-08-01T18:05:16+00:00
cds_us_5y,2017-09-25,2017-09-25,21.7,,21.7,worldgovernmentbonds,2026-08-01T18:05:16+00:00
cds_us_5y,2017-09-26,2017-09-26,21.8,,21.7,worldgovernmentbonds,2026-08-01T18:05:16+00:00
cds_us_5y,2017-09-27,2017-09-27,21.9,,21.8,worldgovernmentbonds,2026-08-01T18:05:16+00:00
cds_us_5y,2017-09-28,2017-09-28,21.9,,21.9,worldgovernmentbonds,2026-08-01T18:05:16+00:00
cds_us_5y,2017-09-29,2017-09-29,21.9,,21.9,worldgovernmentbonds,2026-08-01T18:05:16+00:00
cds_us_5y,2017-09-30,2017-09-30,21.3,,21.9,worldgovernmentbonds,2026-08-01T18:05:16+00:00
cds_us_5y,2017-10-01,2017-10-01,21.3,,21.3,worldgovernmentbonds,2026-08-01T18:05:16+00:00
cds_us_5y,2017-10-02,2017-10-02,21.3,,21.3,worldgovernmentbonds,2026-08-01T18:05:16+00:00
cds_us_5y,2017-10-03,2017-10-03,21.7,,21.3,worldgovernmentbonds,2026-08-01T18:05:16+00:00
cds_us_5y,2017-10-04,2017-10-04,21.8,,21.7,worldgovernmentbonds,2026-08-01T18:05:16+00:00
cds_us_5y,2017-10-05,2017-10-05,21.6,,21.8,worldgovernmentbonds,2026-08-01T18:05:16+00:00
cds_us_5y,2017-10-06,2017-10-06,21.6,,21.6,worldgovernmentbonds,2026-08-01T18:05:16+00:00
cds_us_5y,2017-10-07,2017-10-07,21.5,,21.6,worldgovernmentbonds,2026-08-01T18:05:16+00:00
cds_us_5y,2017-10-08,2017-10-08,21.5,,21.5,worldgovernmentbonds,2026-08-01T18:05:16+00:00
cds_us_5y,2017-10-09,2017-10-09,21.5,,21.5,worldgovernmentbonds,2026-08-01T18:05:16+00:00
cds_us_5y,2017-10-10,2017-10-10,21.6,,21.5,worldgovernmentbonds,2026-08-01T18:05:16+00:00
cds_us_5y,2017-10-11,2017-10-11,21.3,,21.6,worldgovernmentbonds,2026-08-01T18:05:16+00:00
cds_us_5y,2017-10-12,2017-10-12,21.3,,21.3,worldgovernmentbonds,2026-08-01T18:05:16+00:00
cds_us_5y,2017-10-13,2017-10-13,21.3,,21.3,worldgovernmentbonds,2026-08-01T18:05:16+00:00
cds_us_5y,2017-10-14,2017-10-14,21.0,,21.3,worldgovernmentbonds,2026-08-01T18:05:16+00:00
cds_us_5y,2017-10-15,2017-10-15,21.0,,21.0,worldgovernmentbonds,2026-08-01T18:05:16+00:00
cds_us_5y,2017-10-16,2017-10-16,21.0,,21.0,worldgovernmentbonds,2026-08-01T18:05:16+00:00
cds_us_5y,2017-10-17,2017-10-17,20.9,,21.0,worldgovernmentbonds,2026-08-01T18:05:16+00:00
cds_us_5y,2017-10-18,2017-10-18,21.1,,20.9,worldgovernmentbonds,2026-08-01T18:05:16+00:00
cds_us_5y,2017-10-19,2017-10-19,19.3,,21.1,worldgovernmentbonds,2026-08-01T18:05:16+00:00
cds_us_5y,2017-10-20,2017-10-20,20.1,,19.3,worldgovernmentbonds,2026-08-01T18:05:16+00:00
cds_us_5y,2017-10-21,2017-10-21,20.3,,20.1,worldgovernmentbonds,2026-08-01T18:05:16+00:00
cds_us_5y,2017-10-22,2017-10-22,20.3,,20.3,worldgovernmentbonds,2026-08-01T18:05:16+00:00
cds_us_5y,2017-10-23,2017-10-23,20.3,,20.3,worldgovernmentbonds,2026-08-01T18:05:16+00:00
cds_us_5y,2017-10-24,2017-10-24,19.8,,20.3,worldgovernmentbonds,2026-08-01T18:05:16+00:00
cds_us_5y,2017-10-25,2017-10-25,19.8,,19.8,worldgovernmentbonds,2026-08-01T18:05:16+00:00
cds_us_5y,2017-10-26,2017-10-26,19.8,,19.8,worldgovernmentbonds,2026-08-01T18:05:16+00:00
cds_us_5y,2017-10-27,2017-10-27,19.7,,19.8,worldgovernmentbonds,2026-08-01T18:05:16+00:00
cds_us_5y,2017-10-28,2017-10-28,19.8,,19.7,worldgovernmentbonds,2026-08-01T18:05:16+00:00
cds_us_5y,2017-10-29,2017-10-29,19.8,,19.8,worldgovernmentbonds,2026-08-01T18:05:16+00:00
cds_us_5y,2017-10-30,2017-10-30,19.8,,19.8,worldgovernmentbonds,2026-08-01T18:05:16+00:00
cds_us_5y,2017-10-31,2017-10-31,20.5,,19.8,worldgovernmentbonds,2026-08-01T18:05:16+00:00
cds_us_5y,2017-11-01,2017-11-01,19.8,,20.5,worldgovernmentbonds,2026-08-01T18:05:16+00:00
cds_us_5y,2017-11-03,2017-11-03,17.9,,19.8,worldgovernmentbonds,2026-08-01T18:05:16+00:00
cds_us_5y,2017-11-04,2017-11-04,17.5,,17.9,worldgovernmentbonds,2026-08-01T18:05:16+00:00
cds_us_5y,2017-11-05,2017-11-05,17.5,,17.5,worldgovernmentbonds,2026-08-01T18:05:16+00:00
cds_us_5y,2017-11-06,2017-11-06,17.5,,17.5,worldgovernmentbonds,2026-08-01T18:05:16+00:00
cds_us_5y,2017-11-07,2017-11-07,16.6,,17.5,worldgovernmentbonds,2026-08-01T18:05:16+00:00
cds_us_5y,2017-11-08,2017-11-08,16.4,,16.6,worldgovernmentbonds,2026-08-01T18:05:16+00:00
cds_us_5y,2017-11-09,2017-11-09,15.9,,16.4,worldgovernmentbonds,2026-08-01T18:05:16+00:00
cds_us_5y,2017-11-10,2017-11-10,15.8,,15.9,worldgovernmentbonds,2026-08-01T18:05:16+00:00
cds_us_5y,2017-11-11,2017-11-11,16.8,,15.8,worldgovernmentbonds,2026-08-01T18:05:16+00:00
cds_us_5y,2017-11-12,2017-11-12,16.8,,16.8,worldgovernmentbonds,2026-08-01T18:05:16+00:00
cds_us_5y,2017-11-13,2017-11-13,16.8,,16.8,worldgovernmentbonds,2026-08-01T18:05:16+00:00
cds_us_5y,2017-11-14,2017-11-14,16.1,,16.8,worldgovernmentbonds,2026-08-01T18:05:16+00:00
cds_us_5y,2017-11-15,2017-11-15,15.9,,16.1,worldgovernmentbonds,2026-08-01T18:05:16+00:00
cds_us_5y,2017-11-17,2017-11-17,15.8,,15.9,worldgovernmentbonds,2026-08-01T18:05:16+00:00
cds_us_5y,2017-11-18,2017-11-18,16.1,,15.8,worldgovernmentbonds,2026-08-01T18:05:16+00:00
cds_us_5y,2017-11-19,2017-11-19,16.1,,16.1,worldgovernmentbonds,2026-08-01T18:05:16+00:00
cds_us_5y,2017-11-20,2017-11-20,16.1,,16.1,worldgovernmentbonds,2026-08-01T18:05:16+00:00
cds_us_5y,2017-11-21,2017-11-21,16.3,,16.1,worldgovernmentbonds,2026-08-01T18:05:16+00:00
cds_us_5y,2017-11-22,2017-11-22,16.2,,16.3,worldgovernmentbonds,2026-08-01T18:05:16+00:00
cds_us_5y,2017-11-23,2017-11-23,16.9,,16.2,worldgovernmentbonds,2026-08-01T18:05:16+00:00
cds_us_5y,2017-11-24,2017-11-24,17.4,,16.9,worldgovernmentbonds,2026-08-01T18:05:16+00:00
cds_us_5y,2017-11-25,2017-11-25,17.5,,17.4,worldgovernmentbonds,2026-08-01T18:05:16+00:00
cds_us_5y,2017-11-26,2017-11-26,17.5,,17.5,worldgovernmentbonds,2026-08-01T18:05:16+00:00
cds_us_5y,2017-11-27,2017-11-27,17.5,,17.5,worldgovernmentbonds,2026-08-01T18:05:16+00:00
cds_us_5y,2017-11-28,2017-11-28,17.4,,17.5,worldgovernmentbonds,2026-08-01T18:05:16+00:00
cds_us_5y,2017-11-29,2017-11-29,17.4,,17.4,worldgovernmentbonds,2026-08-01T18:05:16+00:00
cds_us_5y,2017-11-30,2017-11-30,16.5,,17.4,worldgovernmentbonds,2026-08-01T18:05:16+00:00
cds_us_5y,2017-12-01,2017-12-01,16.5,,16.5,worldgovernmentbonds,2026-08-01T18:05:16+00:00
cds_us_5y,2017-12-02,2017-12-02,16.4,,16.5,worldgovernmentbonds,2026-08-01T18:05:16+00:00
cds_us_5y,2017-12-03,2017-12-03,16.4,,16.4,worldgovernmentbonds,2026-08-01T18:05:16+00:00
cds_us_5y,2017-12-04,2017-12-04,16.4,,16.4,worldgovernmentbonds,2026-08-01T18:05:16+00:00
cds_us_5y,2017-12-05,2017-12-05,16.3,,16.4,worldgovernmentbonds,2026-08-01T18:05:16+00:00
cds_us_5y,2017-12-06,2017-12-06,16.2,,16.3,worldgovernmentbonds,2026-08-01T18:05:16+00:00
cds_us_5y,2017-12-07,2017-12-07,16.4,,16.2,worldgovernmentbonds,2026-08-01T18:05:16+00:00
cds_us_5y,2017-12-08,2017-12-08,16.2,,16.4,worldgovernmentbonds,2026-08-01T18:05:16+00:00
cds_us_5y,2017-12-09,2017-12-09,16.2,,16.2,worldgovernmentbonds,2026-08-01T18:05:16+00:00
cds_us_5y,2017-12-10,2017-12-10,16.2,,16.2,worldgovernmentbonds,2026-08-01T18:05:16+00:00
cds_us_5y,2017-12-11,2017-12-11,16.2,,16.2,worldgovernmentbonds,2026-08-01T18:05:16+00:00
cds_us_5y,2017-12-12,2017-12-12,16.2,,16.2,worldgovernmentbonds,2026-08-01T18:05:16+00:00
cds_us_5y,2017-12-13,2017-12-13,16.4,,16.2,worldgovernmentbonds,2026-08-01T18:05:16+00:00
cds_us_5y,2017-12-14,2017-12-14,16.5,,16.4,worldgovernmentbonds,2026-08-01T18:05:16+00:00
cds_us_5y,2017-12-15,2017-12-15,17.0,,16.5,worldgovernmentbonds,2026-08-01T18:05:16+00:00
cds_us_5y,2017-12-16,2017-12-16,17.6,,17.0,worldgovernmentbonds,2026-08-01T18:05:16+00:00
cds_us_5y,2017-12-17,2017-12-17,17.6,,17.6,worldgovernmentbonds,2026-08-01T18:05:16+00:00
cds_us_5y,2017-12-18,2017-12-18,17.6,,17.6,worldgovernmentbonds,2026-08-01T18:05:16+00:00
cds_us_5y,2017-12-19,2017-12-19,17.8,,17.6,worldgovernmentbonds,2026-08-01T18:05:16+00:00
cds_us_5y,2017-12-20,2017-12-20,17.9,,17.8,worldgovernmentbonds,2026-08-01T18:05:16+00:00
cds_us_5y,2017-12-21,2017-12-21,17.9,,17.9,worldgovernmentbonds,2026-08-01T18:05:16+00:00
cds_us_5y,2017-12-22,2017-12-22,17.9,,17.9,worldgovernmentbonds,2026-08-01T18:05:16+00:00
cds_us_5y,2017-12-23,2017-12-23,18.2,,17.9,worldgovernmentbonds,2026-08-01T18:05:16+00:00
cds_us_5y,2017-12-24,2017-12-24,18.2,,18.2,worldgovernmentbonds,2026-08-01T18:05:16+00:00
cds_us_5y,2017-12-25,2017-12-25,18.2,,18.2,worldgovernmentbonds,2026-08-01T18:05:16+00:00
cds_us_5y,2017-12-26,2017-12-26,18.2,,18.2,worldgovernmentbonds,2026-08-01T18:05:16+00:00
cds_us_5y,2017-12-27,2017-12-27,18.2,,18.2,worldgovernmentbonds,2026-08-01T18:05:16+00:00
cds_us_5y,2017-12-28,2017-12-28,18.0,,18.2,worldgovernmentbonds,2026-08-01T18:05:16+00:00
cds_us_5y,2017-12-29,2017-12-29,18.0,,18.0,worldgovernmentbonds,2026-08-01T18:05:16+00:00
cds_us_5y,2017-12-30,2017-12-30,18.0,,18.0,worldgovernmentbonds,2026-08-01T18:05:16+00:00
cds_us_5y,2017-12-31,2017-12-31,18.0,,18.0,worldgovernmentbonds,2026-08-01T18:05:16+00:00
cds_us_5y,2018-01-01,2018-01-01,18.0,,18.0,worldgovernmentbonds,2026-08-01T18:05:16+00:00
cds_us_5y,2018-01-02,2018-01-02,18.0,,18.0,worldgovernmentbonds,2026-08-01T18:05:16+00:00
cds_us_5y,2018-01-03,2018-01-03,17.9,,18.0,worldgovernmentbonds,2026-08-01T18:05:16+00:00
cds_us_5y,2018-01-04,2018-01-04,17.9,,17.9,worldgovernmentbonds,2026-08-01T18:05:16+00:00
cds_us_5y,2018-01-05,2018-01-05,17.9,,17.9,worldgovernmentbonds,2026-08-01T18:05:16+00:00
cds_us_5y,2018-01-06,2018-01-06,17.9,,17.9,worldgovernmentbonds,2026-08-01T18:05:16+00:00
cds_us_5y,2018-01-07,2018-01-07,17.9,,17.9,worldgovernmentbonds,2026-08-01T18:05:16+00:00
cds_us_5y,2018-01-08,2018-01-08,17.9,,17.9,worldgovernmentbonds,2026-08-01T18:05:16+00:00
cds_us_5y,2018-01-09,2018-01-09,17.9,,17.9,worldgovernmentbonds,2026-08-01T18:05:16+00:00
cds_us_5y,2018-01-10,2018-01-10,18.0,,17.9,worldgovernmentbonds,2026-08-01T18:05:16+00:00
cds_us_5y,2018-01-11,2018-01-11,18.0,,18.0,worldgovernmentbonds,2026-08-01T18:05:16+00:00
cds_us_5y,2018-01-12,2018-01-12,18.0,,18.0,worldgovernmentbonds,2026-08-01T18:05:16+00:00
cds_us_5y,2018-01-13,2018-01-13,18.0,,18.0,worldgovernmentbonds,2026-08-01T18:05:16+00:00
cds_us_5y,2018-01-14,2018-01-14,18.0,,18.0,worldgovernmentbonds,2026-08-01T18:05:16+00:00
cds_us_5y,2018-01-15,2018-01-15,18.0,,18.0,worldgovernmentbonds,2026-08-01T18:05:16+00:00
cds_us_5y,2018-01-16,2018-01-16,18.4,,18.0,worldgovernmentbonds,2026-08-01T18:05:16+00:00
cds_us_5y,2018-01-17,2018-01-17,18.4,,18.4,worldgovernmentbonds,2026-08-01T18:05:16+00:00
cds_us_5y,2018-01-18,2018-01-18,18.4,,18.4,worldgovernmentbonds,2026-08-01T18:05:16+00:00
cds_us_5y,2018-01-19,2018-01-19,18.4,,18.4,worldgovernmentbonds,2026-08-01T18:05:16+00:00
cds_us_5y,2018-01-20,2018-01-20,18.4,,18.4,worldgovernmentbonds,2026-08-01T18:05:16+00:00
cds_us_5y,2018-01-21,2018-01-21,18.4,,18.4,worldgovernmentbonds,2026-08-01T18:05:16+00:00
cds_us_5y,2018-01-22,2018-01-22,18.4,,18.4,worldgovernmentbonds,2026-08-01T18:05:16+00:00
cds_us_5y,2018-01-23,2018-01-23,18.4,,18.4,worldgovernmentbonds,2026-08-01T18:05:16+00:00
cds_us_5y,2018-01-24,2018-01-24,18.4,,18.4,worldgovernmentbonds,2026-08-01T18:05:16+00:00
cds_us_5y,2018-01-25,2018-01-25,18.4,,18.4,worldgovernmentbonds,2026-08-01T18:05:16+00:00
cds_us_5y,2018-01-26,2018-01-26,18.4,,18.4,worldgovernmentbonds,2026-08-01T18:05:16+00:00
cds_us_5y,2018-01-27,2018-01-27,18.8,,18.4,worldgovernmentbonds,2026-08-01T18:05:16+00:00
cds_us_5y,2018-01-28,2018-01-28,18.8,,18.8,worldgovernmentbonds,2026-08-01T18:05:16+00:00
cds_us_5y,2018-01-29,2018-01-29,18.8,,18.8,worldgovernmentbonds,2026-08-01T18:05:16+00:00
cds_us_5y,2018-01-30,2018-01-30,18.4,,18.8,worldgovernmentbonds,2026-08-01T18:05:16+00:00
cds_us_5y,2018-01-31,2018-01-31,19.0,,18.4,worldgovernmentbonds,2026-08-01T18:05:16+00:00
cds_us_5y,2018-02-01,2018-02-01,19.0,,19.0,worldgovernmentbonds,2026-08-01T18:05:16+00:00
cds_us_5y,2018-02-02,2018-02-02,19.0,,19.0,worldgovernmentbonds,2026-08-01T18:05:16+00:00
cds_us_5y,2018-02-03,2018-02-03,19.0,,19.0,worldgovernmentbonds,2026-08-01T18:05:16+00:00
cds_us_5y,2018-02-04,2018-02-04,19.0,,19.0,worldgovernmentbonds,2026-08-01T18:05:16+00:00
cds_us_5y,2018-02-05,2018-02-05,19.0,,19.0,worldgovernmentbonds,2026-08-01T18:05:16+00:00
cds_us_5y,2018-02-06,2018-02-06,19.0,,19.0,worldgovernmentbonds,2026-08-01T18:05:16+00:00
cds_us_5y,2018-02-07,2018-02-07,19.0,,19.0,worldgovernmentbonds,2026-08-01T18:05:16+00:00
cds_us_5y,2018-02-08,2018-02-08,19.0,,19.0,worldgovernmentbonds,2026-08-01T18:05:16+00:00
cds_us_5y,2018-02-09,2018-02-09,19.0,,19.0,worldgovernmentbonds,2026-08-01T18:05:16+00:00
cds_us_5y,2018-02-10,2018-02-10,19.0,,19.0,worldgovernmentbonds,2026-08-01T18:05:16+00:00
cds_us_5y,2018-02-11,2018-02-11,19.0,,19.0,worldgovernmentbonds,2026-08-01T18:05:16+00:00
cds_us_5y,2018-02-12,2018-02-12,19.0,,19.0,worldgovernmentbonds,2026-08-01T18:05:16+00:00
cds_us_5y,2018-02-13,2018-02-13,19.0,,19.0,worldgovernmentbonds,2026-08-01T18:05:16+00:00
cds_us_5y,2018-02-14,2018-02-14,19.4,,19.0,worldgovernmentbonds,2026-08-01T18:05:16+00:00
cds_us_5y,2018-02-15,2018-02-15,19.4,,19.4,worldgovernmentbonds,2026-08-01T18:05:16+00:00
cds_us_5y,2018-02-16,2018-02-16,18.9,,19.4,worldgovernmentbonds,2026-08-01T18:05:16+00:00
cds_us_5y,2018-02-17,2018-02-17,18.8,,18.9,worldgovernmentbonds,2026-08-01T18:05:16+00:00
cds_us_5y,2018-02-18,2018-02-18,18.8,,18.8,worldgovernmentbonds,2026-08-01T18:05:16+00:00
cds_us_5y,2018-02-19,2018-02-19,18.8,,18.8,worldgovernmentbonds,2026-08-01T18:05:16+00:00
cds_us_5y,2018-02-20,2018-02-20,18.8,,18.8,worldgovernmentbonds,2026-08-01T18:05:16+00:00
cds_us_5y,2018-02-21,2018-02-21,18.8,,18.8,worldgovernmentbonds,2026-08-01T18:05:16+00:00
cds_us_5y,2018-02-22,2018-02-22,19.2,,18.8,worldgovernmentbonds,2026-08-01T18:05:16+00:00
cds_us_5y,2018-02-24,2018-02-24,19.3,,19.2,worldgovernmentbonds,2026-08-01T18:05:16+00:00
cds_us_5y,2018-02-25,2018-02-25,19.3,,19.3,worldgovernmentbonds,2026-08-01T18:05:16+00:00
cds_us_5y,2018-02-26,2018-02-26,19.3,,19.3,worldgovernmentbonds,2026-08-01T18:05:16+00:00
cds_us_5y,2018-02-27,2018-02-27,19.3,,19.3,worldgovernmentbonds,2026-08-01T18:05:16+00:00
cds_us_5y,2018-02-28,2018-02-28,19.0,,19.3,worldgovernmentbonds,2026-08-01T18:05:16+00:00
cds_us_5y,2018-03-01,2018-03-01,18.8,,19.0,worldgovernmentbonds,2026-08-01T18:05:16+00:00
cds_us_5y,2018-03-02,2018-03-02,18.9,,18.8,worldgovernmentbonds,2026-08-01T18:05:16+00:00
cds_us_5y,2018-03-03,2018-03-03,18.9,,18.9,worldgovernmentbonds,2026-08-01T18:05:16+00:00
cds_us_5y,2018-03-04,2018-03-04,18.9,,18.9,worldgovernmentbonds,2026-08-01T18:05:16+00:00
cds_us_5y,2018-03-05,2018-03-05,18.9,,18.9,worldgovernmentbonds,2026-08-01T18:05:16+00:00
cds_us_5y,2018-03-06,2018-03-06,18.9,,18.9,worldgovernmentbonds,2026-08-01T18:05:16+00:00
cds_us_5y,2018-03-07,2018-03-07,18.9,,18.9,worldgovernmentbonds,2026-08-01T18:05:16+00:00
cds_us_5y,2018-03-08,2018-03-08,18.9,,18.9,worldgovernmentbonds,2026-08-01T18:05:16+00:00
cds_us_5y,2018-03-09,2018-03-09,18.9,,18.9,worldgovernmentbonds,2026-08-01T18:05:16+00:00
cds_us_5y,2018-03-10,2018-03-10,18.9,,18.9,worldgovernmentbonds,2026-08-01T18:05:16+00:00
cds_us_5y,2018-03-11,2018-03-11,18.9,,18.9,worldgovernmentbonds,2026-08-01T18:05:16+00:00
cds_us_5y,2018-03-12,2018-03-12,18.9,,18.9,worldgovernmentbonds,2026-08-01T18:05:16+00:00
cds_us_5y,2018-03-13,2018-03-13,18.9,,18.9,worldgovernmentbonds,2026-08-01T18:05:16+00:00
cds_us_5y,2018-03-14,2018-03-14,18.9,,18.9,worldgovernmentbonds,2026-08-01T18:05:16+00:00
cds_us_5y,2018-03-15,2018-03-15,18.8,,18.9,worldgovernmentbonds,2026-08-01T18:05:16+00:00
cds_us_5y,2018-03-16,2018-03-16,18.8,,18.8,worldgovernmentbonds,2026-08-01T18:05:16+00:00
cds_us_5y,2018-03-17,2018-03-17,18.8,,18.8,worldgovernmentbonds,2026-08-01T18:05:16+00:00
cds_us_5y,2018-03-18,2018-03-18,18.8,,18.8,worldgovernmentbonds,2026-08-01T18:05:16+00:00
cds_us_5y,2018-03-19,2018-03-19,18.8,,18.8,worldgovernmentbonds,2026-08-01T18:05:16+00:00
cds_us_5y,2018-03-20,2018-03-20,18.8,,18.8,worldgovernmentbonds,2026-08-01T18:05:16+00:00
cds_us_5y,2018-05-03,2018-05-03,18.8,,18.8,worldgovernmentbonds,2026-08-01T18:05:16+00:00
cds_us_5y,2018-05-04,2018-05-04,18.8,,18.8,worldgovernmentbonds,2026-08-01T18:05:16+00:00
cds_us_5y,2018-05-05,2018-05-05,18.8,,18.8,worldgovernmentbonds,2026-08-01T18:05:16+00:00
cds_us_5y,2018-05-06,2018-05-06,18.8,,18.8,worldgovernmentbonds,2026-08-01T18:05:16+00:00
cds_us_5y,2018-05-07,2018-05-07,18.8,,18.8,worldgovernmentbonds,2026-08-01T18:05:16+00:00
cds_us_5y,2018-05-08,2018-05-08,18.8,,18.8,worldgovernmentbonds,2026-08-01T18:05:16+00:00
cds_us_5y,2018-05-09,2018-05-09,18.8,,18.8,worldgovernmentbonds,2026-08-01T18:05:16+00:00
cds_us_5y,2018-05-10,2018-05-10,19.4,,18.8,worldgovernmentbonds,2026-08-01T18:05:16+00:00
cds_us_5y,2018-05-11,2018-05-11,18.5,,19.4,worldgovernmentbonds,2026-08-01T18:05:16+00:00
cds_us_5y,2018-05-12,2018-05-12,18.1,,18.5,worldgovernmentbonds,2026-08-01T18:05:16+00:00
cds_us_5y,2018-05-13,2018-05-13,18.1,,18.1,worldgovernmentbonds,2026-08-01T18:05:16+00:00
cds_us_5y,2018-05-14,2018-05-14,18.1,,18.1,worldgovernmentbonds,2026-08-01T18:05:16+00:00
cds_us_5y,2018-05-15,2018-05-15,17.9,,18.1,worldgovernmentbonds,2026-08-01T18:05:16+00:00
cds_us_5y,2018-05-16,2018-05-16,17.9,,17.9,worldgovernmentbonds,2026-08-01T18:05:16+00:00
cds_us_5y,2018-05-17,2018-05-17,17.8,,17.9,worldgovernmentbonds,2026-08-01T18:05:16+00:00
cds_us_5y,2018-05-18,2018-05-18,17.8,,17.8,worldgovernmentbonds,2026-08-01T18:05:16+00:00
cds_us_5y,2018-05-19,2018-05-19,17.7,,17.8,worldgovernmentbonds,2026-08-01T18:05:16+00:00
cds_us_5y,2018-05-20,2018-05-20,17.7,,17.7,worldgovernmentbonds,2026-08-01T18:05:16+00:00
cds_us_5y,2018-05-21,2018-05-21,17.7,,17.7,worldgovernmentbonds,2026-08-01T18:05:16+00:00
cds_us_5y,2018-05-22,2018-05-22,17.7,,17.7,worldgovernmentbonds,2026-08-01T18:05:16+00:00
cds_us_5y,2018-05-23,2018-05-23,17.7,,17.7,worldgovernmentbonds,2026-08-01T18:05:16+00:00
cds_us_5y,2018-05-24,2018-05-24,17.7,,17.7,worldgovernmentbonds,2026-08-01T18:05:16+00:00
cds_us_5y,2018-05-25,2018-05-25,17.7,,17.7,worldgovernmentbonds,2026-08-01T18:05:16+00:00
cds_us_5y,2018-05-26,2018-05-26,17.7,,17.7,worldgovernmentbonds,2026-08-01T18:05:16+00:00
cds_us_5y,2018-05-27,2018-05-27,17.7,,17.7,worldgovernmentbonds,2026-08-01T18:05:16+00:00
cds_us_5y,2018-05-28,2018-05-28,17.7,,17.7,worldgovernmentbonds,2026-08-01T18:05:16+00:00
cds_us_5y,2018-05-29,2018-05-29,17.8,,17.7,worldgovernmentbonds,2026-08-01T18:05:16+00:00
cds_us_5y,2018-05-30,2018-05-30,18.0,,17.8,worldgovernmentbonds,2026-08-01T18:05:16+00:00
cds_us_5y,2018-05-31,2018-05-31,18.1,,18.0,worldgovernmentbonds,2026-08-01T18:05:16+00:00
cds_us_5y,2018-06-01,2018-06-01,18.1,,18.1,worldgovernmentbonds,2026-08-01T18:05:16+00:00
cds_us_5y,2018-06-02,2018-06-02,18.2,,18.1,worldgovernmentbonds,2026-08-01T18:05:16+00:00
cds_us_5y,2018-06-03,2018-06-03,18.2,,18.2,worldgovernmentbonds,2026-08-01T18:05:16+00:00
cds_us_5y,2018-06-04,2018-06-04,18.2,,18.2,worldgovernmentbonds,2026-08-01T18:05:16+00:00
cds_us_5y,2018-06-05,2018-06-05,18.2,,18.2,worldgovernmentbonds,2026-08-01T18:05:16+00:00
cds_us_5y,2018-06-06,2018-06-06,18.2,,18.2,worldgovernmentbonds,2026-08-01T18:05:16+00:00
cds_us_5y,2018-06-07,2018-06-07,18.2,,18.2,worldgovernmentbonds,2026-08-01T18:05:16+00:00
cds_us_5y,2018-06-08,2018-06-08,18.2,,18.2,worldgovernmentbonds,2026-08-01T18:05:16+00:00
cds_us_5y,2018-06-09,2018-06-09,18.2,,18.2,worldgovernmentbonds,2026-08-01T18:05:16+00:00
cds_us_5y,2018-06-10,2018-06-10,18.2,,18.2,worldgovernmentbonds,2026-08-01T18:05:16+00:00
cds_us_5y,2018-06-11,2018-06-11,18.2,,18.2,worldgovernmentbonds,2026-08-01T18:05:16+00:00
cds_us_5y,2018-06-12,2018-06-12,18.2,,18.2,worldgovernmentbonds,2026-08-01T18:05:16+00:00
cds_us_5y,2018-06-13,2018-06-13,18.2,,18.2,worldgovernmentbonds,2026-08-01T18:05:16+00:00
cds_us_5y,2018-06-14,2018-06-14,18.2,,18.2,worldgovernmentbonds,2026-08-01T18:05:16+00:00
cds_us_5y,2018-06-15,2018-06-15,18.2,,18.2,worldgovernmentbonds,2026-08-01T18:05:16+00:00
cds_us_5y,2018-06-16,2018-06-16,18.2,,18.2,worldgovernmentbonds,2026-08-01T18:05:16+00:00
cds_us_5y,2018-06-17,2018-06-17,18.2,,18.2,worldgovernmentbonds,2026-08-01T18:05:16+00:00
cds_us_5y,2018-06-18,2018-06-18,18.2,,18.2,worldgovernmentbonds,2026-08-01T18:05:16+00:00
cds_us_5y,2018-06-19,2018-06-19,18.2,,18.2,worldgovernmentbonds,2026-08-01T18:05:16+00:00
cds_us_5y,2018-06-20,2018-06-20,18.2,,18.2,worldgovernmentbonds,2026-08-01T18:05:16+00:00
cds_us_5y,2018-06-21,2018-06-21,18.2,,18.2,worldgovernmentbonds,2026-08-01T18:05:16+00:00
cds_us_5y,2018-06-22,2018-06-22,18.2,,18.2,worldgovernmentbonds,2026-08-01T18:05:16+00:00
cds_us_5y,2018-06-23,2018-06-23,18.2,,18.2,worldgovernmentbonds,2026-08-01T18:05:16+00:00
cds_us_5y,2018-06-24,2018-06-24,18.2,,18.2,worldgovernmentbonds,2026-08-01T18:05:16+00:00
cds_us_5y,2018-06-25,2018-06-25,18.2,,18.2,worldgovernmentbonds,2026-08-01T18:05:16+00:00
cds_us_5y,2018-06-26,2018-06-26,18.2,,18.2,worldgovernmentbonds,2026-08-01T18:05:16+00:00
cds_us_5y,2018-06-27,2018-06-27,18.2,,18.2,worldgovernmentbonds,2026-08-01T18:05:16+00:00
cds_us_5y,2018-06-28,2018-06-28,18.2,,18.2,worldgovernmentbonds,2026-08-01T18:05:16+00:00
cds_us_5y,2018-06-29,2018-06-29,18.2,,18.2,worldgovernmentbonds,2026-08-01T18:05:16+00:00
cds_us_5y,2018-06-30,2018-06-30,18.2,,18.2,worldgovernmentbonds,2026-08-01T18:05:16+00:00
cds_us_5y,2018-07-01,2018-07-01,18.2,,18.2,worldgovernmentbonds,2026-08-01T18:05:16+00:00
cds_us_5y,2018-07-02,2018-07-02,18.2,,18.2,worldgovernmentbonds,2026-08-01T18:05:16+00:00
cds_us_5y,2018-07-03,2018-07-03,18.2,,18.2,worldgovernmentbonds,2026-08-01T18:05:16+00:00
cds_us_5y,2018-07-04,2018-07-04,18.2,,18.2,worldgovernmentbonds,2026-08-01T18:05:16+00:00
cds_us_5y,2018-07-05,2018-07-05,18.2,,18.2,worldgovernmentbonds,2026-08-01T18:05:16+00:00
cds_us_5y,2018-07-06,2018-07-06,18.2,,18.2,worldgovernmentbonds,2026-08-01T18:05:16+00:00
cds_us_5y,2018-07-07,2018-07-07,18.2,,18.2,worldgovernmentbonds,2026-08-01T18:05:16+00:00
cds_us_5y,2018-07-08,2018-07-08,18.2,,18.2,worldgovernmentbonds,2026-08-01T18:05:16+00:00
cds_us_5y,2018-07-09,2018-07-09,18.2,,18.2,worldgovernmentbonds,2026-08-01T18:05:16+00:00
cds_us_5y,2018-07-10,2018-07-10,18.2,,18.2,worldgovernmentbonds,2026-08-01T18:05:16+00:00
cds_us_5y,2018-07-11,2018-07-11,18.2,,18.2,worldgovernmentbonds,2026-08-01T18:05:16+00:00
cds_us_5y,2018-07-12,2018-07-12,18.2,,18.2,worldgovernmentbonds,2026-08-01T18:05:16+00:00
cds_us_5y,2018-07-13,2018-07-13,18.2,,18.2,worldgovernmentbonds,2026-08-01T18:05:16+00:00
cds_us_5y,2018-07-14,2018-07-14,18.2,,18.2,worldgovernmentbonds,2026-08-01T18:05:16+00:00
cds_us_5y,2018-07-15,2018-07-15,18.2,,18.2,worldgovernmentbonds,2026-08-01T18:05:16+00:00
cds_us_5y,2018-07-16,2018-07-16,18.2,,18.2,worldgovernmentbonds,2026-08-01T18:05:16+00:00
cds_us_5y,2018-07-17,2018-07-17,18.2,,18.2,worldgovernmentbonds,2026-08-01T18:05:16+00:00
cds_us_5y,2018-07-18,2018-07-18,18.2,,18.2,worldgovernmentbonds,2026-08-01T18:05:16+00:00
cds_us_5y,2018-07-19,2018-07-19,18.2,,18.2,worldgovernmentbonds,2026-08-01T18:05:16+00:00
cds_us_5y,2018-07-20,2018-07-20,18.2,,18.2,worldgovernmentbonds,2026-08-01T18:05:16+00:00
cds_us_5y,2018-07-21,2018-07-21,18.2,,18.2,worldgovernmentbonds,2026-08-01T18:05:16+00:00
cds_us_5y,2018-07-22,2018-07-22,18.2,,18.2,worldgovernmentbonds,2026-08-01T18:05:16+00:00
cds_us_5y,2018-07-23,2018-07-23,18.2,,18.2,worldgovernmentbonds,2026-08-01T18:05:16+00:00
cds_us_5y,2018-07-24,2018-07-24,18.2,,18.2,worldgovernmentbonds,2026-08-01T18:05:16+00:00
cds_us_5y,2018-07-25,2018-07-25,18.2,,18.2,worldgovernmentbonds,2026-08-01T18:05:16+00:00
cds_us_5y,2018-07-26,2018-07-26,18.2,,18.2,worldgovernmentbonds,2026-08-01T18:05:16+00:00
cds_us_5y,2018-07-27,2018-07-27,18.2,,18.2,worldgovernmentbonds,2026-08-01T18:05:16+00:00
cds_us_5y,2018-07-28,2018-07-28,18.2,,18.2,worldgovernmentbonds,2026-08-01T18:05:16+00:00
cds_us_5y,2018-07-29,2018-07-29,18.2,,18.2,worldgovernmentbonds,2026-08-01T18:05:16+00:00
cds_us_5y,2018-07-30,2018-07-30,18.2,,18.2,worldgovernmentbonds,2026-08-01T18:05:16+00:00
cds_us_5y,2018-07-31,2018-07-31,18.2,,18.2,worldgovernmentbonds,2026-08-01T18:05:16+00:00
cds_us_5y,2018-08-01,2018-08-01,18.2,,18.2,worldgovernmentbonds,2026-08-01T18:05:16+00:00
cds_us_5y,2018-08-02,2018-08-02,18.2,,18.2,worldgovernmentbonds,2026-08-01T18:05:16+00:00
cds_us_5y,2018-08-03,2018-08-03,18.2,,18.2,worldgovernmentbonds,2026-08-01T18:05:16+00:00
cds_us_5y,2018-08-04,2018-08-04,18.2,,18.2,worldgovernmentbonds,2026-08-01T18:05:16+00:00
cds_us_5y,2018-08-05,2018-08-05,18.2,,18.2,worldgovernmentbonds,2026-08-01T18:05:16+00:00
cds_us_5y,2018-08-06,2018-08-06,18.2,,18.2,worldgovernmentbonds,2026-08-01T18:05:16+00:00
cds_us_5y,2018-08-07,2018-08-07,18.2,,18.2,worldgovernmentbonds,2026-08-01T18:05:16+00:00
cds_us_5y,2018-08-08,2018-08-08,18.2,,18.2,worldgovernmentbonds,2026-08-01T18:05:16+00:00
cds_us_5y,2018-08-09,2018-08-09,18.2,,18.2,worldgovernmentbonds,2026-08-01T18:05:16+00:00
cds_us_5y,2018-08-10,2018-08-10,18.2,,18.2,worldgovernmentbonds,2026-08-01T18:05:16+00:00
cds_us_5y,2018-08-11,2018-08-11,18.2,,18.2,worldgovernmentbonds,2026-08-01T18:05:16+00:00
cds_us_5y,2018-08-12,2018-08-12,18.2,,18.2,worldgovernmentbonds,2026-08-01T18:05:16+00:00
cds_us_5y,2018-08-13,2018-08-13,18.2,,18.2,worldgovernmentbonds,2026-08-01T18:05:16+00:00
cds_us_5y,2018-08-14,2018-08-14,18.2,,18.2,worldgovernmentbonds,2026-08-01T18:05:16+00:00
cds_us_5y,2018-08-15,2018-08-15,18.2,,18.2,worldgovernmentbonds,2026-08-01T18:05:16+00:00
cds_us_5y,2018-08-16,2018-08-16,18.2,,18.2,worldgovernmentbonds,2026-08-01T18:05:16+00:00
cds_us_5y,2018-08-17,2018-08-17,18.2,,18.2,worldgovernmentbonds,2026-08-01T18:05:16+00:00
cds_us_5y,2018-08-18,2018-08-18,18.2,,18.2,worldgovernmentbonds,2026-08-01T18:05:16+00:00
cds_us_5y,2018-08-19,2018-08-19,18.2,,18.2,worldgovernmentbonds,2026-08-01T18:05:16+00:00
cds_us_5y,2018-08-20,2018-08-20,18.2,,18.2,worldgovernmentbonds,2026-08-01T18:05:16+00:00
cds_us_5y,2018-08-21,2018-08-21,18.2,,18.2,worldgovernmentbonds,2026-08-01T18:05:16+00:00
cds_us_5y,2018-08-22,2018-08-22,18.2,,18.2,worldgovernmentbonds,2026-08-01T18:05:16+00:00
cds_us_5y,2018-08-23,2018-08-23,18.2,,18.2,worldgovernmentbonds,2026-08-01T18:05:16+00:00
cds_us_5y,2018-08-24,2018-08-24,18.2,,18.2,worldgovernmentbonds,2026-08-01T18:05:16+00:00
cds_us_5y,2018-08-25,2018-08-25,18.2,,18.2,worldgovernmentbonds,2026-08-01T18:05:16+00:00
cds_us_5y,2018-08-26,2018-08-26,18.2,,18.2,worldgovernmentbonds,2026-08-01T18:05:16+00:00
cds_us_5y,2018-08-27,2018-08-27,18.2,,18.2,worldgovernmentbonds,2026-08-01T18:05:16+00:00
cds_us_5y,2018-08-28,2018-08-28,18.2,,18.2,worldgovernmentbonds,2026-08-01T18:05:16+00:00
cds_us_5y,2018-08-29,2018-08-29,18.2,,18.2,worldgovernmentbonds,2026-08-01T18:05:16+00:00
cds_us_5y,2018-08-30,2018-08-30,18.2,,18.2,worldgovernmentbonds,2026-08-01T18:05:16+00:00
cds_us_5y,2018-08-31,2018-08-31,18.2,,18.2,worldgovernmentbonds,2026-08-01T18:05:16+00:00
cds_us_5y,2018-09-01,2018-09-01,18.2,,18.2,worldgovernmentbonds,2026-08-01T18:05:16+00:00
cds_us_5y,2018-09-02,2018-09-02,18.2,,18.2,worldgovernmentbonds,2026-08-01T18:05:16+00:00
cds_us_5y,2018-09-03,2018-09-03,18.2,,18.2,worldgovernmentbonds,2026-08-01T18:05:16+00:00
cds_us_5y,2018-09-04,2018-09-04,18.2,,18.2,worldgovernmentbonds,2026-08-01T18:05:16+00:00
cds_us_5y,2018-09-05,2018-09-05,18.2,,18.2,worldgovernmentbonds,2026-08-01T18:05:16+00:00
cds_us_5y,2018-09-06,2018-09-06,18.2,,18.2,worldgovernmentbonds,2026-08-01T18:05:16+00:00
cds_us_5y,2018-09-07,2018-09-07,18.2,,18.2,worldgovernmentbonds,2026-08-01T18:05:16+00:00
cds_us_5y,2018-09-08,2018-09-08,18.2,,18.2,worldgovernmentbonds,2026-08-01T18:05:16+00:00
cds_us_5y,2018-09-09,2018-09-09,18.2,,18.2,worldgovernmentbonds,2026-08-01T18:05:16+00:00
cds_us_5y,2018-09-10,2018-09-10,18.2,,18.2,worldgovernmentbonds,2026-08-01T18:05:16+00:00
cds_us_5y,2018-09-11,2018-09-11,18.2,,18.2,worldgovernmentbonds,2026-08-01T18:05:16+00:00
cds_us_5y,2018-09-12,2018-09-12,18.2,,18.2,worldgovernmentbonds,2026-08-01T18:05:16+00:00
cds_us_5y,2018-09-13,2018-09-13,18.2,,18.2,worldgovernmentbonds,2026-08-01T18:05:16+00:00
cds_us_5y,2018-09-14,2018-09-14,18.2,,18.2,worldgovernmentbonds,2026-08-01T18:05:16+00:00
cds_us_5y,2018-09-15,2018-09-15,18.2,,18.2,worldgovernmentbonds,2026-08-01T18:05:16+00:00
cds_us_5y,2018-09-16,2018-09-16,18.2,,18.2,worldgovernmentbonds,2026-08-01T18:05:16+00:00
cds_us_5y,2018-09-17,2018-09-17,18.2,,18.2,worldgovernmentbonds,2026-08-01T18:05:16+00:00
cds_us_5y,2018-09-18,2018-09-18,18.2,,18.2,worldgovernmentbonds,2026-08-01T18:05:16+00:00
cds_us_5y,2018-09-19,2018-09-19,18.2,,18.2,worldgovernmentbonds,2026-08-01T18:05:16+00:00
cds_us_5y,2018-09-20,2018-09-20,18.2,,18.2,worldgovernmentbonds,2026-08-01T18:05:16+00:00
cds_us_5y,2018-09-21,2018-09-21,20.9,,18.2,worldgovernmentbonds,2026-08-01T18:05:16+00:00
cds_us_5y,2018-09-22,2018-09-22,20.2,,20.9,worldgovernmentbonds,2026-08-01T18:05:16+00:00
cds_us_5y,2018-09-23,2018-09-23,20.2,,20.2,worldgovernmentbonds,2026-08-01T18:05:16+00:00
cds_us_5y,2018-09-24,2018-09-24,20.2,,20.2,worldgovernmentbonds,2026-08-01T18:05:16+00:00
cds_us_5y,2018-09-25,2018-09-25,18.2,,20.2,worldgovernmentbonds,2026-08-01T18:05:16+00:00
cds_us_5y,2018-09-26,2018-09-26,17.8,,18.2,worldgovernmentbonds,2026-08-01T18:05:16+00:00
cds_us_5y,2018-09-27,2018-09-27,17.7,,17.8,worldgovernmentbonds,2026-08-01T18:05:16+00:00
cds_us_5y,2018-09-28,2018-09-28,17.6,,17.7,worldgovernmentbonds,2026-08-01T18:05:16+00:00
cds_us_5y,2018-09-29,2018-09-29,17.5,,17.6,worldgovernmentbonds,2026-08-01T18:05:16+00:00
cds_us_5y,2018-09-30,2018-09-30,17.5,,17.5,worldgovernmentbonds,2026-08-01T18:05:16+00:00
cds_us_5y,2018-10-01,2018-10-01,17.5,,17.5,worldgovernmentbonds,2026-08-01T18:05:16+00:00
cds_us_5y,2018-10-02,2018-10-02,17.5,,17.5,worldgovernmentbonds,2026-08-01T18:05:16+00:00
cds_us_5y,2018-10-03,2018-10-03,17.5,,17.5,worldgovernmentbonds,2026-08-01T18:05:16+00:00
cds_us_5y,2018-10-04,2018-10-04,17.4,,17.5,worldgovernmentbonds,2026-08-01T18:05:16+00:00
cds_us_5y,2018-10-05,2018-10-05,17.4,,17.4,worldgovernmentbonds,2026-08-01T18:05:16+00:00
cds_us_5y,2018-10-06,2018-10-06,17.4,,17.4,worldgovernmentbonds,2026-08-01T18:05:16+00:00
cds_us_5y,2018-10-07,2018-10-07,17.4,,17.4,worldgovernmentbonds,2026-08-01T18:05:16+00:00
cds_us_5y,2018-10-08,2018-10-08,17.4,,17.4,worldgovernmentbonds,2026-08-01T18:05:16+00:00
cds_us_5y,2018-10-09,2018-10-09,17.5,,17.4,worldgovernmentbonds,2026-08-01T18:05:16+00:00
cds_us_5y,2018-10-10,2018-10-10,17.4,,17.5,worldgovernmentbonds,2026-08-01T18:05:16+00:00
cds_us_5y,2018-10-11,2018-10-11,17.8,,17.4,worldgovernmentbonds,2026-08-01T18:05:16+00:00
cds_us_5y,2018-10-12,2018-10-12,17.9,,17.8,worldgovernmentbonds,2026-08-01T18:05:16+00:00
cds_us_5y,2018-10-13,2018-10-13,18.0,,17.9,worldgovernmentbonds,2026-08-01T18:05:16+00:00
cds_us_5y,2018-10-14,2018-10-14,18.0,,18.0,worldgovernmentbonds,2026-08-01T18:05:16+00:00
cds_us_5y,2018-10-15,2018-10-15,18.0,,18.0,worldgovernmentbonds,2026-08-01T18:05:16+00:00
cds_us_5y,2018-10-16,2018-10-16,18.1,,18.0,worldgovernmentbonds,2026-08-01T18:05:16+00:00
cds_us_5y,2018-10-17,2018-10-17,18.1,,18.1,worldgovernmentbonds,2026-08-01T18:05:16+00:00
cds_us_5y,2018-10-18,2018-10-18,18.1,,18.1,worldgovernmentbonds,2026-08-01T18:05:16+00:00
cds_us_5y,2018-10-19,2018-10-19,18.1,,18.1,worldgovernmentbonds,2026-08-01T18:05:16+00:00
cds_us_5y,2018-10-20,2018-10-20,18.1,,18.1,worldgovernmentbonds,2026-08-01T18:05:16+00:00
cds_us_5y,2018-10-21,2018-10-21,18.1,,18.1,worldgovernmentbonds,2026-08-01T18:05:16+00:00
cds_us_5y,2018-10-22,2018-10-22,18.1,,18.1,worldgovernmentbonds,2026-08-01T18:05:16+00:00
cds_us_5y,2018-10-23,2018-10-23,18.2,,18.1,worldgovernmentbonds,2026-08-01T18:05:16+00:00
cds_us_5y,2018-10-24,2018-10-24,18.2,,18.2,worldgovernmentbonds,2026-08-01T18:05:16+00:00
cds_us_5y,2018-10-25,2018-10-25,18.2,,18.2,worldgovernmentbonds,2026-08-01T18:05:16+00:00
cds_us_5y,2018-10-26,2018-10-26,18.2,,18.2,worldgovernmentbonds,2026-08-01T18:05:16+00:00
cds_us_5y,2018-10-27,2018-10-27,18.2,,18.2,worldgovernmentbonds,2026-08-01T18:05:16+00:00
cds_us_5y,2018-10-28,2018-10-28,18.2,,18.2,worldgovernmentbonds,2026-08-01T18:05:16+00:00
cds_us_5y,2018-10-29,2018-10-29,18.2,,18.2,worldgovernmentbonds,2026-08-01T18:05:16+00:00
cds_us_5y,2018-10-30,2018-10-30,18.2,,18.2,worldgovernmentbonds,2026-08-01T18:05:16+00:00
cds_us_5y,2018-10-31,2018-10-31,18.2,,18.2,worldgovernmentbonds,2026-08-01T18:05:16+00:00
cds_us_5y,2018-11-01,2018-11-01,18.1,,18.2,worldgovernmentbonds,2026-08-01T18:05:16+00:00
cds_us_5y,2018-11-02,2018-11-02,18.0,,18.1,worldgovernmentbonds,2026-08-01T18:05:16+00:00
cds_us_5y,2018-11-03,2018-11-03,17.9,,18.0,worldgovernmentbonds,2026-08-01T18:05:16+00:00
cds_us_5y,2018-11-04,2018-11-04,17.9,,17.9,worldgovernmentbonds,2026-08-01T18:05:16+00:00
cds_us_5y,2018-11-05,2018-11-05,17.9,,17.9,worldgovernmentbonds,2026-08-01T18:05:16+00:00
cds_us_5y,2018-11-06,2018-11-06,17.9,,17.9,worldgovernmentbonds,2026-08-01T18:05:16+00:00
cds_us_5y,2018-11-07,2018-11-07,17.9,,17.9,worldgovernmentbonds,2026-08-01T18:05:16+00:00
cds_us_5y,2018-11-08,2018-11-08,18.0,,17.9,worldgovernmentbonds,2026-08-01T18:05:16+00:00
cds_us_5y,2018-11-09,2018-11-09,18.2,,18.0,worldgovernmentbonds,2026-08-01T18:05:16+00:00
cds_us_5y,2018-11-10,2018-11-10,18.0,,18.2,worldgovernmentbonds,2026-08-01T18:05:16+00:00
cds_us_5y,2018-11-11,2018-11-11,18.0,,18.0,worldgovernmentbonds,2026-08-01T18:05:16+00:00
cds_us_5y,2018-11-12,2018-11-12,18.0,,18.0,worldgovernmentbonds,2026-08-01T18:05:16+00:00
cds_us_5y,2018-11-13,2018-11-13,17.9,,18.0,worldgovernmentbonds,2026-08-01T18:05:16+00:00
cds_us_5y,2018-11-14,2018-11-14,17.9,,17.9,worldgovernmentbonds,2026-08-01T18:05:16+00:00
cds_us_5y,2018-11-15,2018-11-15,17.9,,17.9,worldgovernmentbonds,2026-08-01T18:05:16+00:00
cds_us_5y,2018-11-16,2018-11-16,17.9,,17.9,worldgovernmentbonds,2026-08-01T18:05:16+00:00
cds_us_5y,2018-11-17,2018-11-17,17.9,,17.9,worldgovernmentbonds,2026-08-01T18:05:16+00:00
cds_us_5y,2018-11-18,2018-11-18,17.9,,17.9,worldgovernmentbonds,2026-08-01T18:05:16+00:00
cds_us_5y,2018-11-19,2018-11-19,17.9,,17.9,worldgovernmentbonds,2026-08-01T18:05:16+00:00
cds_us_5y,2018-11-20,2018-11-20,17.4,,17.9,worldgovernmentbonds,2026-08-01T18:05:16+00:00
cds_us_5y,2018-11-21,2018-11-21,17.9,,17.4,worldgovernmentbonds,2026-08-01T18:05:16+00:00
cds_us_5y,2018-11-22,2018-11-22,17.9,,17.9,worldgovernmentbonds,2026-08-01T18:05:16+00:00
cds_us_5y,2018-11-23,2018-11-23,17.9,,17.9,worldgovernmentbonds,2026-08-01T18:05:16+00:00
cds_us_5y,2018-11-24,2018-11-24,17.4,,17.9,worldgovernmentbonds,2026-08-01T18:05:16+00:00
cds_us_5y,2018-11-25,2018-11-25,17.4,,17.4,worldgovernmentbonds,2026-08-01T18:05:16+00:00
cds_us_5y,2018-11-26,2018-11-26,17.4,,17.4,worldgovernmentbonds,2026-08-01T18:05:16+00:00
cds_us_5y,2018-11-27,2018-11-27,17.9,,17.4,worldgovernmentbonds,2026-08-01T18:05:16+00:00
cds_us_5y,2018-11-28,2018-11-28,17.9,,17.9,worldgovernmentbonds,2026-08-01T18:05:16+00:00
cds_us_5y,2018-11-29,2018-11-29,17.9,,17.9,worldgovernmentbonds,2026-08-01T18:05:16+00:00
cds_us_5y,2018-11-30,2018-11-30,17.9,,17.9,worldgovernmentbonds,2026-08-01T18:05:16+00:00
cds_us_5y,2018-12-01,2018-12-01,17.2,,17.9,worldgovernmentbonds,2026-08-01T18:05:16+00:00
cds_us_5y,2018-12-02,2018-12-02,17.2,,17.2,worldgovernmentbonds,2026-08-01T18:05:16+00:00
cds_us_5y,2018-12-03,2018-12-03,17.2,,17.2,worldgovernmentbonds,2026-08-01T18:05:16+00:00
cds_us_5y,2018-12-04,2018-12-04,17.2,,17.2,worldgovernmentbonds,2026-08-01T18:05:16+00:00
cds_us_5y,2018-12-05,2018-12-05,17.1,,17.2,worldgovernmentbonds,2026-08-01T18:05:16+00:00
cds_us_5y,2018-12-06,2018-12-06,17.0,,17.1,worldgovernmentbonds,2026-08-01T18:05:16+00:00
cds_us_5y,2018-12-07,2018-12-07,17.0,,17.0,worldgovernmentbonds,2026-08-01T18:05:16+00:00
cds_us_5y,2018-12-08,2018-12-08,17.0,,17.0,worldgovernmentbonds,2026-08-01T18:05:16+00:00
cds_us_5y,2018-12-09,2018-12-09,17.0,,17.0,worldgovernmentbonds,2026-08-01T18:05:16+00:00
cds_us_5y,2018-12-10,2018-12-10,17.0,,17.0,worldgovernmentbonds,2026-08-01T18:05:16+00:00
cds_us_5y,2018-12-11,2018-12-11,17.2,,17.0,worldgovernmentbonds,2026-08-01T18:05:16+00:00
cds_us_5y,2018-12-12,2018-12-12,17.2,,17.2,worldgovernmentbonds,2026-08-01T18:05:16+00:00
cds_us_5y,2018-12-13,2018-12-13,17.2,,17.2,worldgovernmentbonds,2026-08-01T18:05:16+00:00
cds_us_5y,2018-12-14,2018-12-14,17.2,,17.2,worldgovernmentbonds,2026-08-01T18:05:16+00:00
cds_us_5y,2018-12-15,2018-12-15,17.2,,17.2,worldgovernmentbonds,2026-08-01T18:05:16+00:00
cds_us_5y,2018-12-16,2018-12-16,17.2,,17.2,worldgovernmentbonds,2026-08-01T18:05:16+00:00
cds_us_5y,2018-12-17,2018-12-17,17.2,,17.2,worldgovernmentbonds,2026-08-01T18:05:16+00:00
cds_us_5y,2018-12-18,2018-12-18,17.2,,17.2,worldgovernmentbonds,2026-08-01T18:05:16+00:00
cds_us_5y,2018-12-19,2018-12-19,17.2,,17.2,worldgovernmentbonds,2026-08-01T18:05:16+00:00
cds_us_5y,2018-12-20,2018-12-20,17.4,,17.2,worldgovernmentbonds,2026-08-01T18:05:16+00:00
cds_us_5y,2018-12-21,2018-12-21,17.5,,17.4,worldgovernmentbonds,2026-08-01T18:05:16+00:00
cds_us_5y,2018-12-22,2018-12-22,18.0,,17.5,worldgovernmentbonds,2026-08-01T18:05:16+00:00
cds_us_5y,2018-12-23,2018-12-23,18.0,,18.0,worldgovernmentbonds,2026-08-01T18:05:16+00:00
cds_us_5y,2018-12-24,2018-12-24,18.0,,18.0,worldgovernmentbonds,2026-08-01T18:05:16+00:00
cds_us_5y,2018-12-25,2018-12-25,17.6,,18.0,worldgovernmentbonds,2026-08-01T18:05:16+00:00
cds_us_5y,2018-12-26,2018-12-26,17.5,,17.6,worldgovernmentbonds,2026-08-01T18:05:16+00:00
cds_us_5y,2018-12-27,2018-12-27,17.5,,17.5,worldgovernmentbonds,2026-08-01T18:05:16+00:00
cds_us_5y,2018-12-28,2018-12-28,18.1,,17.5,worldgovernmentbonds,2026-08-01T18:05:16+00:00
cds_us_5y,2018-12-29,2018-12-29,18.2,,18.1,worldgovernmentbonds,2026-08-01T18:05:16+00:00
cds_us_5y,2018-12-30,2018-12-30,18.2,,18.2,worldgovernmentbonds,2026-08-01T18:05:16+00:00
cds_us_5y,2018-12-31,2018-12-31,18.2,,18.2,worldgovernmentbonds,2026-08-01T18:05:16+00:00
cds_us_5y,2019-01-01,2019-01-01,18.2,,18.2,worldgovernmentbonds,2026-08-01T18:05:16+00:00
cds_us_5y,2019-01-02,2019-01-02,17.7,,18.2,worldgovernmentbonds,2026-08-01T18:05:16+00:00
cds_us_5y,2019-01-03,2019-01-03,18.6,,17.7,worldgovernmentbonds,2026-08-01T18:05:16+00:00
cds_us_5y,2019-01-04,2019-01-04,18.5,,18.6,worldgovernmentbonds,2026-08-01T18:05:16+00:00
cds_us_5y,2019-01-05,2019-01-05,17.9,,18.5,worldgovernmentbonds,2026-08-01T18:05:16+00:00
cds_us_5y,2019-01-06,2019-01-06,17.9,,17.9,worldgovernmentbonds,2026-08-01T18:05:16+00:00
cds_us_5y,2019-01-07,2019-01-07,17.9,,17.9,worldgovernmentbonds,2026-08-01T18:05:16+00:00
cds_us_5y,2019-01-08,2019-01-08,17.7,,17.9,worldgovernmentbonds,2026-08-01T18:05:16+00:00
cds_us_5y,2019-01-09,2019-01-09,17.6,,17.7,worldgovernmentbonds,2026-08-01T18:05:16+00:00
cds_us_5y,2019-01-10,2019-01-10,17.5,,17.6,worldgovernmentbonds,2026-08-01T18:05:16+00:00
cds_us_5y,2019-01-11,2019-01-11,18.1,,17.5,worldgovernmentbonds,2026-08-01T18:05:16+00:00
cds_us_5y,2019-01-12,2019-01-12,18.4,,18.1,worldgovernmentbonds,2026-08-01T18:05:16+00:00
cds_us_5y,2019-01-13,2019-01-13,18.4,,18.4,worldgovernmentbonds,2026-08-01T18:05:16+00:00
cds_us_5y,2019-01-14,2019-01-14,18.4,,18.4,worldgovernmentbonds,2026-08-01T18:05:16+00:00
cds_us_5y,2019-01-15,2019-01-15,18.0,,18.4,worldgovernmentbonds,2026-08-01T18:05:16+00:00
cds_us_5y,2019-01-16,2019-01-16,18.3,,18.0,worldgovernmentbonds,2026-08-01T18:05:16+00:00
cds_us_5y,2019-01-17,2019-01-17,18.2,,18.3,worldgovernmentbonds,2026-08-01T18:05:16+00:00
cds_us_5y,2019-01-18,2019-01-18,18.2,,18.2,worldgovernmentbonds,2026-08-01T18:05:16+00:00
cds_us_5y,2019-01-19,2019-01-19,18.3,,18.2,worldgovernmentbonds,2026-08-01T18:05:16+00:00
cds_us_5y,2019-01-20,2019-01-20,18.3,,18.3,worldgovernmentbonds,2026-08-01T18:05:16+00:00
cds_us_5y,2019-01-21,2019-01-21,18.3,,18.3,worldgovernmentbonds,2026-08-01T18:05:16+00:00
cds_us_5y,2019-01-22,2019-01-22,18.3,,18.3,worldgovernmentbonds,2026-08-01T18:05:16+00:00
cds_us_5y,2019-01-23,2019-01-23,18.4,,18.3,worldgovernmentbonds,2026-08-01T18:05:16+00:00
cds_us_5y,2019-01-24,2019-01-24,18.4,,18.4,worldgovernmentbonds,2026-08-01T18:05:16+00:00
cds_us_5y,2019-01-25,2019-01-25,18.5,,18.4,worldgovernmentbonds,2026-08-01T18:05:16+00:00
cds_us_5y,2019-01-26,2019-01-26,18.5,,18.5,worldgovernmentbonds,2026-08-01T18:05:16+00:00
cds_us_5y,2019-01-27,2019-01-27,18.5,,18.5,worldgovernmentbonds,2026-08-01T18:05:16+00:00
cds_us_5y,2019-01-28,2019-01-28,18.5,,18.5,worldgovernmentbonds,2026-08-01T18:05:16+00:00
cds_us_5y,2019-01-29,2019-01-29,18.1,,18.5,worldgovernmentbonds,2026-08-01T18:05:16+00:00
cds_us_5y,2019-01-30,2019-01-30,17.6,,18.1,worldgovernmentbonds,2026-08-01T18:05:16+00:00
cds_us_5y,2019-01-31,2019-01-31,17.3,,17.6,worldgovernmentbonds,2026-08-01T18:05:16+00:00
cds_us_5y,2019-02-01,2019-02-01,17.5,,17.3,worldgovernmentbonds,2026-08-01T18:05:16+00:00
cds_us_5y,2019-02-02,2019-02-02,17.6,,17.5,worldgovernmentbonds,2026-08-01T18:05:16+00:00
cds_us_5y,2019-02-03,2019-02-03,17.6,,17.6,worldgovernmentbonds,2026-08-01T18:05:16+00:00
cds_us_5y,2019-02-04,2019-02-04,17.6,,17.6,worldgovernmentbonds,2026-08-01T18:05:16+00:00
cds_us_5y,2019-02-05,2019-02-05,17.6,,17.6,worldgovernmentbonds,2026-08-01T18:05:16+00:00
cds_us_5y,2019-02-06,2019-02-06,17.6,,17.6,worldgovernmentbonds,2026-08-01T18:05:16+00:00
cds_us_5y,2019-02-07,2019-02-07,17.7,,17.6,worldgovernmentbonds,2026-08-01T18:05:16+00:00
cds_us_5y,2019-02-08,2019-02-08,17.7,,17.7,worldgovernmentbonds,2026-08-01T18:05:16+00:00
cds_us_5y,2019-02-09,2019-02-09,17.7,,17.7,worldgovernmentbonds,2026-08-01T18:05:16+00:00
cds_us_5y,2019-02-10,2019-02-10,17.7,,17.7,worldgovernmentbonds,2026-08-01T18:05:16+00:00
cds_us_5y,2019-02-11,2019-02-11,17.7,,17.7,worldgovernmentbonds,2026-08-01T18:05:16+00:00
cds_us_5y,2019-02-12,2019-02-12,17.7,,17.7,worldgovernmentbonds,2026-08-01T18:05:16+00:00
cds_us_5y,2019-02-13,2019-02-13,17.7,,17.7,worldgovernmentbonds,2026-08-01T18:05:16+00:00
cds_us_5y,2019-02-14,2019-02-14,17.8,,17.7,worldgovernmentbonds,2026-08-01T18:05:16+00:00
cds_us_5y,2019-02-15,2019-02-15,17.1,,17.8,worldgovernmentbonds,2026-08-01T18:05:16+00:00
cds_us_5y,2019-02-16,2019-02-16,16.9,,17.1,worldgovernmentbonds,2026-08-01T18:05:16+00:00
cds_us_5y,2019-02-17,2019-02-17,16.9,,16.9,worldgovernmentbonds,2026-08-01T18:05:16+00:00
cds_us_5y,2019-02-18,2019-02-18,16.9,,16.9,worldgovernmentbonds,2026-08-01T18:05:16+00:00
cds_us_5y,2019-02-19,2019-02-19,16.9,,16.9,worldgovernmentbonds,2026-08-01T18:05:16+00:00
cds_us_5y,2019-02-20,2019-02-20,16.8,,16.9,worldgovernmentbonds,2026-08-01T18:05:16+00:00
cds_us_5y,2019-02-21,2019-02-21,16.8,,16.8,worldgovernmentbonds,2026-08-01T18:05:16+00:00
cds_us_5y,2019-02-22,2019-02-22,16.7,,16.8,worldgovernmentbonds,2026-08-01T18:05:16+00:00
cds_us_5y,2019-02-23,2019-02-23,16.7,,16.7,worldgovernmentbonds,2026-08-01T18:05:16+00:00
cds_us_5y,2019-02-24,2019-02-24,16.7,,16.7,worldgovernmentbonds,2026-08-01T18:05:16+00:00
cds_us_5y,2019-02-25,2019-02-25,16.7,,16.7,worldgovernmentbonds,2026-08-01T18:05:16+00:00
cds_us_5y,2019-02-26,2019-02-26,16.7,,16.7,worldgovernmentbonds,2026-08-01T18:05:16+00:00
cds_us_5y,2019-02-27,2019-02-27,16.7,,16.7,worldgovernmentbonds,2026-08-01T18:05:16+00:00
cds_us_5y,2019-02-28,2019-02-28,16.7,,16.7,worldgovernmentbonds,2026-08-01T18:05:16+00:00
cds_us_5y,2019-03-01,2019-03-01,16.7,,16.7,worldgovernmentbonds,2026-08-01T18:05:16+00:00
cds_us_5y,2019-03-02,2019-03-02,16.7,,16.7,worldgovernmentbonds,2026-08-01T18:05:16+00:00
cds_us_5y,2019-03-03,2019-03-03,16.7,,16.7,worldgovernmentbonds,2026-08-01T18:05:16+00:00
cds_us_5y,2019-03-04,2019-03-04,16.7,,16.7,worldgovernmentbonds,2026-08-01T18:05:16+00:00
cds_us_5y,2019-03-05,2019-03-05,16.5,,16.7,worldgovernmentbonds,2026-08-01T18:05:16+00:00
cds_us_5y,2019-03-06,2019-03-06,16.5,,16.5,worldgovernmentbonds,2026-08-01T18:05:16+00:00
cds_us_5y,2019-03-07,2019-03-07,16.5,,16.5,worldgovernmentbonds,2026-08-01T18:05:16+00:00
cds_us_5y,2019-03-08,2019-03-08,16.4,,16.5,worldgovernmentbonds,2026-08-01T18:05:16+00:00
cds_us_5y,2019-03-09,2019-03-09,16.4,,16.4,worldgovernmentbonds,2026-08-01T18:05:16+00:00
cds_us_5y,2019-03-10,2019-03-10,16.4,,16.4,worldgovernmentbonds,2026-08-01T18:05:16+00:00
cds_us_5y,2019-03-11,2019-03-11,16.4,,16.4,worldgovernmentbonds,2026-08-01T18:05:16+00:00
cds_us_5y,2019-03-12,2019-03-12,16.4,,16.4,worldgovernmentbonds,2026-08-01T18:05:16+00:00
cds_us_5y,2019-03-13,2019-03-13,16.4,,16.4,worldgovernmentbonds,2026-08-01T18:05:16+00:00
cds_us_5y,2019-03-14,2019-03-14,16.4,,16.4,worldgovernmentbonds,2026-08-01T18:05:16+00:00
cds_us_5y,2019-03-15,2019-03-15,16.3,,16.4,worldgovernmentbonds,2026-08-01T18:05:16+00:00
cds_us_5y,2019-03-16,2019-03-16,16.4,,16.3,worldgovernmentbonds,2026-08-01T18:05:16+00:00
cds_us_5y,2019-03-17,2019-03-17,16.4,,16.4,worldgovernmentbonds,2026-08-01T18:05:16+00:00
cds_us_5y,2019-03-18,2019-03-18,16.4,,16.4,worldgovernmentbonds,2026-08-01T18:05:16+00:00
cds_us_5y,2019-03-19,2019-03-19,16.4,,16.4,worldgovernmentbonds,2026-08-01T18:05:16+00:00
cds_us_5y,2019-03-20,2019-03-20,17.7,,16.4,worldgovernmentbonds,2026-08-01T18:05:16+00:00
cds_us_5y,2019-03-21,2019-03-21,20.2,,17.7,worldgovernmentbonds,2026-08-01T18:05:16+00:00
cds_us_5y,2019-03-22,2019-03-22,20.1,,20.2,worldgovernmentbonds,2026-08-01T18:05:16+00:00
cds_us_5y,2019-03-23,2019-03-23,18.5,,20.1,worldgovernmentbonds,2026-08-01T18:05:16+00:00
cds_us_5y,2019-03-24,2019-03-24,18.5,,18.5,worldgovernmentbonds,2026-08-01T18:05:16+00:00
cds_us_5y,2019-03-25,2019-03-25,18.5,,18.5,worldgovernmentbonds,2026-08-01T18:05:16+00:00
cds_us_5y,2019-03-26,2019-03-26,18.0,,18.5,worldgovernmentbonds,2026-08-01T18:05:16+00:00
cds_us_5y,2019-03-27,2019-03-27,17.4,,18.0,worldgovernmentbonds,2026-08-01T18:05:16+00:00
cds_us_5y,2019-03-28,2019-03-28,17.2,,17.4,worldgovernmentbonds,2026-08-01T18:05:16+00:00
cds_us_5y,2019-03-29,2019-03-29,17.1,,17.2,worldgovernmentbonds,2026-08-01T18:05:16+00:00
cds_us_5y,2019-03-30,2019-03-30,16.4,,17.1,worldgovernmentbonds,2026-08-01T18:05:16+00:00
cds_us_5y,2019-03-31,2019-03-31,16.4,,16.4,worldgovernmentbonds,2026-08-01T18:05:16+00:00
cds_us_5y,2019-04-01,2019-04-01,16.4,,16.4,worldgovernmentbonds,2026-08-01T18:05:16+00:00
cds_us_5y,2019-04-02,2019-04-02,16.0,,16.4,worldgovernmentbonds,2026-08-01T18:05:16+00:00
cds_us_5y,2019-04-03,2019-04-03,15.5,,16.0,worldgovernmentbonds,2026-08-01T18:05:16+00:00
cds_us_5y,2019-04-04,2019-04-04,15.4,,15.5,worldgovernmentbonds,2026-08-01T18:05:16+00:00
cds_us_5y,2019-04-05,2019-04-05,15.3,,15.4,worldgovernmentbonds,2026-08-01T18:05:16+00:00
cds_us_5y,2019-04-06,2019-04-06,15.4,,15.3,worldgovernmentbonds,2026-08-01T18:05:16+00:00
cds_us_5y,2019-04-07,2019-04-07,15.4,,15.4,worldgovernmentbonds,2026-08-01T18:05:16+00:00
cds_us_5y,2019-04-08,2019-04-08,15.4,,15.4,worldgovernmentbonds,2026-08-01T18:05:16+00:00
cds_us_5y,2019-04-09,2019-04-09,15.1,,15.4,worldgovernmentbonds,2026-08-01T18:05:16+00:00
cds_us_5y,2019-04-10,2019-04-10,15.0,,15.1,worldgovernmentbonds,2026-08-01T18:05:16+00:00
cds_us_5y,2019-04-11,2019-04-11,14.7,,15.0,worldgovernmentbonds,2026-08-01T18:05:16+00:00
cds_us_5y,2019-04-12,2019-04-12,15.2,,14.7,worldgovernmentbonds,2026-08-01T18:05:16+00:00
cds_us_5y,2019-04-13,2019-04-13,15.4,,15.2,worldgovernmentbonds,2026-08-01T18:05:16+00:00
cds_us_5y,2019-04-14,2019-04-14,15.4,,15.4,worldgovernmentbonds,2026-08-01T18:05:16+00:00
cds_us_5y,2019-04-15,2019-04-15,15.4,,15.4,worldgovernmentbonds,2026-08-01T18:05:16+00:00
cds_us_5y,2019-04-16,2019-04-16,15.8,,15.4,worldgovernmentbonds,2026-08-01T18:05:16+00:00
cds_us_5y,2019-04-17,2019-04-17,15.9,,15.8,worldgovernmentbonds,2026-08-01T18:05:16+00:00
cds_us_5y,2019-04-18,2019-04-18,15.8,,15.9,worldgovernmentbonds,2026-08-01T18:05:16+00:00
cds_us_5y,2019-04-19,2019-04-19,15.8,,15.8,worldgovernmentbonds,2026-08-01T18:05:16+00:00
cds_us_5y,2019-04-20,2019-04-20,15.7,,15.8,worldgovernmentbonds,2026-08-01T18:05:16+00:00
cds_us_5y,2019-04-21,2019-04-21,15.7,,15.7,worldgovernmentbonds,2026-08-01T18:05:16+00:00
cds_us_5y,2019-04-22,2019-04-22,15.7,,15.7,worldgovernmentbonds,2026-08-01T18:05:16+00:00
cds_us_5y,2019-04-23,2019-04-23,16.0,,15.7,worldgovernmentbonds,2026-08-01T18:05:16+00:00
cds_us_5y,2019-04-24,2019-04-24,15.9,,16.0,worldgovernmentbonds,2026-08-01T18:05:16+00:00
cds_us_5y,2019-04-25,2019-04-25,16.0,,15.9,worldgovernmentbonds,2026-08-01T18:05:16+00:00
cds_us_5y,2019-04-26,2019-04-26,16.5,,16.0,worldgovernmentbonds,2026-08-01T18:05:16+00:00
cds_us_5y,2019-04-27,2019-04-27,16.9,,16.5,worldgovernmentbonds,2026-08-01T18:05:16+00:00
cds_us_5y,2019-04-28,2019-04-28,16.9,,16.9,worldgovernmentbonds,2026-08-01T18:05:16+00:00
cds_us_5y,2019-04-29,2019-04-29,16.9,,16.9,worldgovernmentbonds,2026-08-01T18:05:16+00:00
cds_us_5y,2019-04-30,2019-04-30,17.0,,16.9,worldgovernmentbonds,2026-08-01T18:05:16+00:00
cds_us_5y,2019-05-01,2019-05-01,16.7,,17.0,worldgovernmentbonds,2026-08-01T18:05:16+00:00
cds_us_5y,2019-05-02,2019-05-02,16.7,,16.7,worldgovernmentbonds,2026-08-01T18:05:16+00:00
cds_us_5y,2019-05-03,2019-05-03,18.8,,16.7,worldgovernmentbonds,2026-08-01T18:05:16+00:00
cds_us_5y,2019-05-04,2019-05-04,17.3,,18.8,worldgovernmentbonds,2026-08-01T18:05:16+00:00
cds_us_5y,2019-05-05,2019-05-05,17.3,,17.3,worldgovernmentbonds,2026-08-01T18:05:16+00:00
cds_us_5y,2019-05-06,2019-05-06,17.3,,17.3,worldgovernmentbonds,2026-08-01T18:05:16+00:00
cds_us_5y,2019-05-07,2019-05-07,17.2,,17.3,worldgovernmentbonds,2026-08-01T18:05:16+00:00
cds_us_5y,2019-05-08,2019-05-08,16.7,,17.2,worldgovernmentbonds,2026-08-01T18:05:16+00:00
cds_us_5y,2019-05-09,2019-05-09,16.4,,16.7,worldgovernmentbonds,2026-08-01T18:05:16+00:00
cds_us_5y,2019-05-10,2019-05-10,16.3,,16.4,worldgovernmentbonds,2026-08-01T18:05:16+00:00
cds_us_5y,2019-05-11,2019-05-11,16.3,,16.3,worldgovernmentbonds,2026-08-01T18:05:16+00:00
cds_us_5y,2019-05-12,2019-05-12,16.3,,16.3,worldgovernmentbonds,2026-08-01T18:05:16+00:00
cds_us_5y,2019-05-13,2019-05-13,16.3,,16.3,worldgovernmentbonds,2026-08-01T18:05:16+00:00
cds_us_5y,2019-05-14,2019-05-14,16.4,,16.3,worldgovernmentbonds,2026-08-01T18:05:16+00:00
cds_us_5y,2019-05-15,2019-05-15,16.3,,16.4,worldgovernmentbonds,2026-08-01T18:05:16+00:00
cds_us_5y,2019-05-16,2019-05-16,16.3,,16.3,worldgovernmentbonds,2026-08-01T18:05:16+00:00
cds_us_5y,2019-05-17,2019-05-17,16.3,,16.3,worldgovernmentbonds,2026-08-01T18:05:16+00:00
cds_us_5y,2019-05-18,2019-05-18,16.3,,16.3,worldgovernmentbonds,2026-08-01T18:05:16+00:00
cds_us_5y,2019-05-19,2019-05-19,16.3,,16.3,worldgovernmentbonds,2026-08-01T18:05:16+00:00
cds_us_5y,2019-05-20,2019-05-20,16.3,,16.3,worldgovernmentbonds,2026-08-01T18:05:16+00:00
cds_us_5y,2019-05-21,2019-05-21,15.7,,16.3,worldgovernmentbonds,2026-08-01T18:05:16+00:00
cds_us_5y,2019-05-22,2019-05-22,15.3,,15.7,worldgovernmentbonds,2026-08-01T18:05:16+00:00
cds_us_5y,2019-05-23,2019-05-23,15.3,,15.3,worldgovernmentbonds,2026-08-01T18:05:16+00:00
cds_us_5y,2019-05-24,2019-05-24,15.2,,15.3,worldgovernmentbonds,2026-08-01T18:05:16+00:00
cds_us_5y,2019-05-25,2019-05-25,15.0,,15.2,worldgovernmentbonds,2026-08-01T18:05:16+00:00
cds_us_5y,2019-05-26,2019-05-26,15.0,,15.0,worldgovernmentbonds,2026-08-01T18:05:16+00:00
cds_us_5y,2019-05-27,2019-05-27,15.0,,15.0,worldgovernmentbonds,2026-08-01T18:05:16+00:00
cds_us_5y,2019-05-28,2019-05-28,15.0,,15.0,worldgovernmentbonds,2026-08-01T18:05:16+00:00
cds_us_5y,2019-05-29,2019-05-29,14.7,,15.0,worldgovernmentbonds,2026-08-01T18:05:16+00:00
cds_us_5y,2019-05-30,2019-05-30,14.6,,14.7,worldgovernmentbonds,2026-08-01T18:05:16+00:00
cds_us_5y,2019-05-31,2019-05-31,14.4,,14.6,worldgovernmentbonds,2026-08-01T18:05:16+00:00
cds_us_5y,2019-06-01,2019-06-01,14.4,,14.4,worldgovernmentbonds,2026-08-01T18:05:16+00:00
cds_us_5y,2019-06-02,2019-06-02,14.4,,14.4,worldgovernmentbonds,2026-08-01T18:05:16+00:00
cds_us_5y,2019-06-03,2019-06-03,14.4,,14.4,worldgovernmentbonds,2026-08-01T18:05:16+00:00
cds_us_5y,2019-06-04,2019-06-04,14.3,,14.4,worldgovernmentbonds,2026-08-01T18:05:16+00:00
cds_us_5y,2019-06-05,2019-06-05,14.3,,14.3,worldgovernmentbonds,2026-08-01T18:05:16+00:00
cds_us_5y,2019-06-06,2019-06-06,14.3,,14.3,worldgovernmentbonds,2026-08-01T18:05:16+00:00
cds_us_5y,2019-06-07,2019-06-07,14.3,,14.3,worldgovernmentbonds,2026-08-01T18:05:16+00:00
cds_us_5y,2019-06-08,2019-06-08,15.1,,14.3,worldgovernmentbonds,2026-08-01T18:05:16+00:00
cds_us_5y,2019-06-09,2019-06-09,15.1,,15.1,worldgovernmentbonds,2026-08-01T18:05:16+00:00
cds_us_5y,2019-06-10,2019-06-10,15.1,,15.1,worldgovernmentbonds,2026-08-01T18:05:16+00:00
cds_us_5y,2019-06-11,2019-06-11,14.9,,15.1,worldgovernmentbonds,2026-08-01T18:05:16+00:00
cds_us_5y,2019-06-12,2019-06-12,14.7,,14.9,worldgovernmentbonds,2026-08-01T18:05:16+00:00
cds_us_5y,2019-06-13,2019-06-13,14.7,,14.7,worldgovernmentbonds,2026-08-01T18:05:16+00:00
cds_us_5y,2019-06-14,2019-06-14,14.6,,14.7,worldgovernmentbonds,2026-08-01T18:05:16+00:00
cds_us_5y,2019-06-15,2019-06-15,14.7,,14.6,worldgovernmentbonds,2026-08-01T18:05:16+00:00
cds_us_5y,2019-06-16,2019-06-16,14.7,,14.7,worldgovernmentbonds,2026-08-01T18:05:16+00:00
cds_us_5y,2019-06-17,2019-06-17,14.7,,14.7,worldgovernmentbonds,2026-08-01T18:05:16+00:00
cds_us_5y,2019-06-18,2019-06-18,14.7,,14.7,worldgovernmentbonds,2026-08-01T18:05:16+00:00
cds_us_5y,2019-06-19,2019-06-19,15.4,,14.7,worldgovernmentbonds,2026-08-01T18:05:16+00:00
cds_us_5y,2019-06-20,2019-06-20,15.1,,15.4,worldgovernmentbonds,2026-08-01T18:05:16+00:00
cds_us_5y,2019-06-21,2019-06-21,15.1,,15.1,worldgovernmentbonds,2026-08-01T18:05:16+00:00
cds_us_5y,2019-06-22,2019-06-22,15.1,,15.1,worldgovernmentbonds,2026-08-01T18:05:16+00:00
cds_us_5y,2019-06-23,2019-06-23,15.1,,15.1,worldgovernmentbonds,2026-08-01T18:05:16+00:00
cds_us_5y,2019-06-24,2019-06-24,15.1,,15.1,worldgovernmentbonds,2026-08-01T18:05:16+00:00
cds_us_5y,2019-06-25,2019-06-25,15.1,,15.1,worldgovernmentbonds,2026-08-01T18:05:16+00:00
cds_us_5y,2019-06-26,2019-06-26,14.7,,15.1,worldgovernmentbonds,2026-08-01T18:05:16+00:00
cds_us_5y,2019-06-27,2019-06-27,14.2,,14.7,worldgovernmentbonds,2026-08-01T18:05:16+00:00
cds_us_5y,2019-06-28,2019-06-28,14.1,,14.2,worldgovernmentbonds,2026-08-01T18:05:16+00:00
cds_us_5y,2019-06-29,2019-06-29,14.7,,14.1,worldgovernmentbonds,2026-08-01T18:05:16+00:00
cds_us_5y,2019-06-30,2019-06-30,14.7,,14.7,worldgovernmentbonds,2026-08-01T18:05:16+00:00
cds_us_5y,2019-07-01,2019-07-01,14.7,,14.7,worldgovernmentbonds,2026-08-01T18:05:16+00:00
cds_us_5y,2019-07-02,2019-07-02,14.4,,14.7,worldgovernmentbonds,2026-08-01T18:05:16+00:00
cds_us_5y,2019-07-03,2019-07-03,14.2,,14.4,worldgovernmentbonds,2026-08-01T18:05:16+00:00
cds_us_5y,2019-07-04,2019-07-04,14.0,,14.2,worldgovernmentbonds,2026-08-01T18:05:16+00:00
cds_us_5y,2019-07-05,2019-07-05,13.9,,14.0,worldgovernmentbonds,2026-08-01T18:05:16+00:00
cds_us_5y,2019-07-06,2019-07-06,13.9,,13.9,worldgovernmentbonds,2026-08-01T18:05:16+00:00
cds_us_5y,2019-07-07,2019-07-07,13.9,,13.9,worldgovernmentbonds,2026-08-01T18:05:16+00:00
cds_us_5y,2019-07-08,2019-07-08,13.9,,13.9,worldgovernmentbonds,2026-08-01T18:05:16+00:00
cds_us_5y,2019-07-09,2019-07-09,13.9,,13.9,worldgovernmentbonds,2026-08-01T18:05:16+00:00
cds_us_5y,2019-07-10,2019-07-10,13.8,,13.9,worldgovernmentbonds,2026-08-01T18:05:16+00:00
cds_us_5y,2019-07-11,2019-07-11,13.8,,13.8,worldgovernmentbonds,2026-08-01T18:05:16+00:00
cds_us_5y,2019-07-12,2019-07-12,13.8,,13.8,worldgovernmentbonds,2026-08-01T18:05:16+00:00
cds_us_5y,2019-07-13,2019-07-13,13.8,,13.8,worldgovernmentbonds,2026-08-01T18:05:16+00:00
cds_us_5y,2019-07-14,2019-07-14,13.8,,13.8,worldgovernmentbonds,2026-08-01T18:05:16+00:00
cds_us_5y,2019-07-15,2019-07-15,13.8,,13.8,worldgovernmentbonds,2026-08-01T18:05:16+00:00
cds_us_5y,2019-07-16,2019-07-16,13.8,,13.8,worldgovernmentbonds,2026-08-01T18:05:16+00:00
cds_us_5y,2019-07-17,2019-07-17,14.4,,13.8,worldgovernmentbonds,2026-08-01T18:05:16+00:00
cds_us_5y,2019-07-18,2019-07-18,14.4,,14.4,worldgovernmentbonds,2026-08-01T18:05:16+00:00
cds_us_5y,2019-07-19,2019-07-19,15.1,,14.4,worldgovernmentbonds,2026-08-01T18:05:16+00:00
cds_us_5y,2019-07-20,2019-07-20,15.3,,15.1,worldgovernmentbonds,2026-08-01T18:05:16+00:00
cds_us_5y,2019-07-21,2019-07-21,15.3,,15.3,worldgovernmentbonds,2026-08-01T18:05:16+00:00
cds_us_5y,2019-07-22,2019-07-22,15.3,,15.3,worldgovernmentbonds,2026-08-01T18:05:16+00:00
cds_us_5y,2019-07-23,2019-07-23,15.5,,15.3,worldgovernmentbonds,2026-08-01T18:05:16+00:00
cds_us_5y,2019-07-24,2019-07-24,15.5,,15.5,worldgovernmentbonds,2026-08-01T18:05:16+00:00
cds_us_5y,2019-07-25,2019-07-25,15.7,,15.5,worldgovernmentbonds,2026-08-01T18:05:16+00:00
cds_us_5y,2019-07-26,2019-07-26,15.8,,15.7,worldgovernmentbonds,2026-08-01T18:05:16+00:00
cds_us_5y,2019-07-27,2019-07-27,15.8,,15.8,worldgovernmentbonds,2026-08-01T18:05:16+00:00
cds_us_5y,2019-07-28,2019-07-28,15.8,,15.8,worldgovernmentbonds,2026-08-01T18:05:16+00:00
cds_us_5y,2019-07-29,2019-07-29,15.8,,15.8,worldgovernmentbonds,2026-08-01T18:05:16+00:00
cds_us_5y,2019-07-30,2019-07-30,15.9,,15.8,worldgovernmentbonds,2026-08-01T18:05:16+00:00
cds_us_5y,2019-07-31,2019-07-31,15.9,,15.9,worldgovernmentbonds,2026-08-01T18:05:16+00:00
cds_us_5y,2019-08-01,2019-08-01,15.9,,15.9,worldgovernmentbonds,2026-08-01T18:05:16+00:00
cds_us_5y,2019-08-02,2019-08-02,16.0,,15.9,worldgovernmentbonds,2026-08-01T18:05:16+00:00
cds_us_5y,2019-08-03,2019-08-03,16.0,,16.0,worldgovernmentbonds,2026-08-01T18:05:16+00:00
cds_us_5y,2019-08-04,2019-08-04,16.0,,16.0,worldgovernmentbonds,2026-08-01T18:05:16+00:00
cds_us_5y,2019-08-05,2019-08-05,16.0,,16.0,worldgovernmentbonds,2026-08-01T18:05:16+00:00
cds_us_5y,2019-08-06,2019-08-06,16.0,,16.0,worldgovernmentbonds,2026-08-01T18:05:16+00:00
cds_us_5y,2019-08-07,2019-08-07,16.0,,16.0,worldgovernmentbonds,2026-08-01T18:05:16+00:00
cds_us_5y,2019-08-08,2019-08-08,16.0,,16.0,worldgovernmentbonds,2026-08-01T18:05:16+00:00
cds_us_5y,2019-08-09,2019-08-09,16.0,,16.0,worldgovernmentbonds,2026-08-01T18:05:16+00:00
cds_us_5y,2019-08-10,2019-08-10,16.0,,16.0,worldgovernmentbonds,2026-08-01T18:05:16+00:00
cds_us_5y,2019-08-11,2019-08-11,16.0,,16.0,worldgovernmentbonds,2026-08-01T18:05:16+00:00
cds_us_5y,2019-08-12,2019-08-12,16.0,,16.0,worldgovernmentbonds,2026-08-01T18:05:16+00:00
cds_us_5y,2019-08-13,2019-08-13,16.0,,16.0,worldgovernmentbonds,2026-08-01T18:05:16+00:00
cds_us_5y,2019-08-14,2019-08-14,16.0,,16.0,worldgovernmentbonds,2026-08-01T18:05:16+00:00
cds_us_5y,2019-08-15,2019-08-15,16.0,,16.0,worldgovernmentbonds,2026-08-01T18:05:16+00:00
cds_us_5y,2019-08-16,2019-08-16,16.0,,16.0,worldgovernmentbonds,2026-08-01T18:05:16+00:00
cds_us_5y,2019-08-17,2019-08-17,16.0,,16.0,worldgovernmentbonds,2026-08-01T18:05:16+00:00
cds_us_5y,2019-08-18,2019-08-18,16.0,,16.0,worldgovernmentbonds,2026-08-01T18:05:16+00:00
cds_us_5y,2019-08-19,2019-08-19,16.0,,16.0,worldgovernmentbonds,2026-08-01T18:05:16+00:00
cds_us_5y,2019-08-20,2019-08-20,16.0,,16.0,worldgovernmentbonds,2026-08-01T18:05:16+00:00
cds_us_5y,2019-08-21,2019-08-21,16.0,,16.0,worldgovernmentbonds,2026-08-01T18:05:16+00:00
cds_us_5y,2019-08-22,2019-08-22,16.0,,16.0,worldgovernmentbonds,2026-08-01T18:05:16+00:00
cds_us_5y,2019-08-23,2019-08-23,16.0,,16.0,worldgovernmentbonds,2026-08-01T18:05:16+00:00
cds_us_5y,2019-08-24,2019-08-24,16.0,,16.0,worldgovernmentbonds,2026-08-01T18:05:16+00:00
cds_us_5y,2019-08-25,2019-08-25,16.0,,16.0,worldgovernmentbonds,2026-08-01T18:05:16+00:00
cds_us_5y,2019-08-26,2019-08-26,16.0,,16.0,worldgovernmentbonds,2026-08-01T18:05:16+00:00
cds_us_5y,2019-08-27,2019-08-27,16.0,,16.0,worldgovernmentbonds,2026-08-01T18:05:16+00:00
cds_us_5y,2019-08-28,2019-08-28,16.0,,16.0,worldgovernmentbonds,2026-08-01T18:05:16+00:00
cds_us_5y,2019-08-29,2019-08-29,16.0,,16.0,worldgovernmentbonds,2026-08-01T18:05:16+00:00
cds_us_5y,2019-08-30,2019-08-30,16.0,,16.0,worldgovernmentbonds,2026-08-01T18:05:16+00:00
cds_us_5y,2019-08-31,2019-08-31,16.4,,16.0,worldgovernmentbonds,2026-08-01T18:05:16+00:00
cds_us_5y,2019-09-01,2019-09-01,16.4,,16.4,worldgovernmentbonds,2026-08-01T18:05:16+00:00
cds_us_5y,2019-09-02,2019-09-02,16.4,,16.4,worldgovernmentbonds,2026-08-01T18:05:16+00:00
cds_us_5y,2019-09-03,2019-09-03,16.1,,16.4,worldgovernmentbonds,2026-08-01T18:05:16+00:00
cds_us_5y,2019-09-04,2019-09-04,15.9,,16.1,worldgovernmentbonds,2026-08-01T18:05:16+00:00
cds_us_5y,2019-09-05,2019-09-05,15.8,,15.9,worldgovernmentbonds,2026-08-01T18:05:16+00:00
cds_us_5y,2019-09-06,2019-09-06,15.8,,15.8,worldgovernmentbonds,2026-08-01T18:05:16+00:00
cds_us_5y,2019-09-07,2019-09-07,15.8,,15.8,worldgovernmentbonds,2026-08-01T18:05:16+00:00
cds_us_5y,2019-09-08,2019-09-08,15.8,,15.8,worldgovernmentbonds,2026-08-01T18:05:16+00:00
cds_us_5y,2019-09-09,2019-09-09,15.8,,15.8,worldgovernmentbonds,2026-08-01T18:05:16+00:00
cds_us_5y,2019-09-10,2019-09-10,15.7,,15.8,worldgovernmentbonds,2026-08-01T18:05:16+00:00
cds_us_5y,2019-09-11,2019-09-11,15.7,,15.7,worldgovernmentbonds,2026-08-01T18:05:16+00:00
cds_us_5y,2019-09-12,2019-09-12,15.7,,15.7,worldgovernmentbonds,2026-08-01T18:05:16+00:00
cds_us_5y,2019-09-13,2019-09-13,15.7,,15.7,worldgovernmentbonds,2026-08-01T18:05:16+00:00
cds_us_5y,2019-09-14,2019-09-14,15.0,,15.7,worldgovernmentbonds,2026-08-01T18:05:16+00:00
cds_us_5y,2019-09-15,2019-09-15,15.0,,15.0,worldgovernmentbonds,2026-08-01T18:05:16+00:00
cds_us_5y,2019-09-16,2019-09-16,15.0,,15.0,worldgovernmentbonds,2026-08-01T18:05:16+00:00
cds_us_5y,2019-09-17,2019-09-17,14.8,,15.0,worldgovernmentbonds,2026-08-01T18:05:16+00:00
cds_us_5y,2019-09-18,2019-09-18,14.7,,14.8,worldgovernmentbonds,2026-08-01T18:05:16+00:00
cds_us_5y,2019-09-19,2019-09-19,14.6,,14.7,worldgovernmentbonds,2026-08-01T18:05:16+00:00
cds_us_5y,2019-09-20,2019-09-20,14.6,,14.6,worldgovernmentbonds,2026-08-01T18:05:16+00:00
cds_us_5y,2019-09-21,2019-09-21,15.1,,14.6,worldgovernmentbonds,2026-08-01T18:05:16+00:00
cds_us_5y,2019-09-22,2019-09-22,15.1,,15.1,worldgovernmentbonds,2026-08-01T18:05:16+00:00
cds_us_5y,2019-09-23,2019-09-23,15.1,,15.1,worldgovernmentbonds,2026-08-01T18:05:16+00:00
cds_us_5y,2019-09-24,2019-09-24,15.1,,15.1,worldgovernmentbonds,2026-08-01T18:05:16+00:00
cds_us_5y,2019-09-25,2019-09-25,14.7,,15.1,worldgovernmentbonds,2026-08-01T18:05:16+00:00
cds_us_5y,2019-09-26,2019-09-26,14.9,,14.7,worldgovernmentbonds,2026-08-01T18:05:16+00:00
cds_us_5y,2019-09-27,2019-09-27,14.9,,14.9,worldgovernmentbonds,2026-08-01T18:05:16+00:00
cds_us_5y,2019-09-28,2019-09-28,14.6,,14.9,worldgovernmentbonds,2026-08-01T18:05:16+00:00
cds_us_5y,2019-09-29,2019-09-29,14.6,,14.6,worldgovernmentbonds,2026-08-01T18:05:16+00:00
cds_us_5y,2019-09-30,2019-09-30,14.6,,14.6,worldgovernmentbonds,2026-08-01T18:05:16+00:00
cds_us_5y,2019-10-01,2019-10-01,14.8,,14.6,worldgovernmentbonds,2026-08-01T18:05:16+00:00
cds_us_5y,2019-10-02,2019-10-02,14.8,,14.8,worldgovernmentbonds,2026-08-01T18:05:16+00:00
cds_us_5y,2019-10-03,2019-10-03,14.9,,14.8,worldgovernmentbonds,2026-08-01T18:05:16+00:00
cds_us_5y,2019-10-04,2019-10-04,14.9,,14.9,worldgovernmentbonds,2026-08-01T18:05:16+00:00
cds_us_5y,2019-10-05,2019-10-05,14.9,,14.9,worldgovernmentbonds,2026-08-01T18:05:16+00:00
cds_us_5y,2019-10-06,2019-10-06,14.9,,14.9,worldgovernmentbonds,2026-08-01T18:05:16+00:00
cds_us_5y,2019-10-07,2019-10-07,14.9,,14.9,worldgovernmentbonds,2026-08-01T18:05:16+00:00
cds_us_5y,2019-10-08,2019-10-08,14.8,,14.9,worldgovernmentbonds,2026-08-01T18:05:16+00:00
cds_us_5y,2019-10-09,2019-10-09,14.8,,14.8,worldgovernmentbonds,2026-08-01T18:05:16+00:00
cds_us_5y,2019-10-10,2019-10-10,14.9,,14.8,worldgovernmentbonds,2026-08-01T18:05:16+00:00
cds_us_5y,2019-10-11,2019-10-11,14.9,,14.9,worldgovernmentbonds,2026-08-01T18:05:16+00:00
cds_us_5y,2019-10-12,2019-10-12,14.9,,14.9,worldgovernmentbonds,2026-08-01T18:05:16+00:00
cds_us_5y,2019-10-13,2019-10-13,14.9,,14.9,worldgovernmentbonds,2026-08-01T18:05:16+00:00
cds_us_5y,2019-10-14,2019-10-14,14.9,,14.9,worldgovernmentbonds,2026-08-01T18:05:16+00:00
cds_us_5y,2019-10-15,2019-10-15,14.8,,14.9,worldgovernmentbonds,2026-08-01T18:05:16+00:00
cds_us_5y,2019-10-16,2019-10-16,14.9,,14.8,worldgovernmentbonds,2026-08-01T18:05:16+00:00
cds_us_5y,2019-10-17,2019-10-17,14.9,,14.9,worldgovernmentbonds,2026-08-01T18:05:16+00:00
cds_us_5y,2019-10-18,2019-10-18,15.1,,14.9,worldgovernmentbonds,2026-08-01T18:05:16+00:00
cds_us_5y,2019-10-19,2019-10-19,14.6,,15.1,worldgovernmentbonds,2026-08-01T18:05:16+00:00
cds_us_5y,2019-10-20,2019-10-20,14.6,,14.6,worldgovernmentbonds,2026-08-01T18:05:16+00:00
cds_us_5y,2019-10-21,2019-10-21,14.6,,14.6,worldgovernmentbonds,2026-08-01T18:05:16+00:00
cds_us_5y,2019-10-22,2019-10-22,14.4,,14.6,worldgovernmentbonds,2026-08-01T18:05:16+00:00
cds_us_5y,2019-10-23,2019-10-23,14.4,,14.4,worldgovernmentbonds,2026-08-01T18:05:16+00:00
cds_us_5y,2019-10-24,2019-10-24,14.4,,14.4,worldgovernmentbonds,2026-08-01T18:05:16+00:00
cds_us_5y,2019-10-25,2019-10-25,14.6,,14.4,worldgovernmentbonds,2026-08-01T18:05:16+00:00
cds_us_5y,2019-10-26,2019-10-26,14.6,,14.6,worldgovernmentbonds,2026-08-01T18:05:16+00:00
cds_us_5y,2019-10-27,2019-10-27,14.6,,14.6,worldgovernmentbonds,2026-08-01T18:05:16+00:00
cds_us_5y,2019-10-28,2019-10-28,14.6,,14.6,worldgovernmentbonds,2026-08-01T18:05:16+00:00
cds_us_5y,2019-10-29,2019-10-29,14.8,,14.6,worldgovernmentbonds,2026-08-01T18:05:16+00:00
cds_us_5y,2019-10-30,2019-10-30,14.9,,14.8,worldgovernmentbonds,2026-08-01T18:05:16+00:00
cds_us_5y,2019-10-31,2019-10-31,14.9,,14.9,worldgovernmentbonds,2026-08-01T18:05:16+00:00
cds_us_5y,2019-11-01,2019-11-01,14.9,,14.9,worldgovernmentbonds,2026-08-01T18:05:16+00:00
cds_us_5y,2019-11-02,2019-11-02,15.2,,14.9,worldgovernmentbonds,2026-08-01T18:05:16+00:00
cds_us_5y,2019-11-03,2019-11-03,15.2,,15.2,worldgovernmentbonds,2026-08-01T18:05:16+00:00
cds_us_5y,2019-11-04,2019-11-04,15.2,,15.2,worldgovernmentbonds,2026-08-01T18:05:16+00:00
cds_us_5y,2019-11-05,2019-11-05,15.3,,15.2,worldgovernmentbonds,2026-08-01T18:05:16+00:00
cds_us_5y,2019-11-06,2019-11-06,15.6,,15.3,worldgovernmentbonds,2026-08-01T18:05:16+00:00
cds_us_5y,2019-11-07,2019-11-07,15.7,,15.6,worldgovernmentbonds,2026-08-01T18:05:16+00:00
cds_us_5y,2019-11-08,2019-11-08,15.7,,15.7,worldgovernmentbonds,2026-08-01T18:05:16+00:00
cds_us_5y,2019-11-09,2019-11-09,15.7,,15.7,worldgovernmentbonds,2026-08-01T18:05:16+00:00
cds_us_5y,2019-11-10,2019-11-10,15.7,,15.7,worldgovernmentbonds,2026-08-01T18:05:16+00:00
cds_us_5y,2019-11-11,2019-11-11,15.7,,15.7,worldgovernmentbonds,2026-08-01T18:05:16+00:00
cds_us_5y,2019-11-12,2019-11-12,15.7,,15.7,worldgovernmentbonds,2026-08-01T18:05:16+00:00
cds_us_5y,2019-11-13,2019-11-13,15.7,,15.7,worldgovernmentbonds,2026-08-01T18:05:16+00:00
cds_us_5y,2019-11-14,2019-11-14,15.7,,15.7,worldgovernmentbonds,2026-08-01T18:05:16+00:00
cds_us_5y,2019-11-15,2019-11-15,15.7,,15.7,worldgovernmentbonds,2026-08-01T18:05:16+00:00
cds_us_5y,2019-11-16,2019-11-16,15.7,,15.7,worldgovernmentbonds,2026-08-01T18:05:16+00:00
cds_us_5y,2019-11-17,2019-11-17,15.7,,15.7,worldgovernmentbonds,2026-08-01T18:05:16+00:00
cds_us_5y,2019-11-18,2019-11-18,15.7,,15.7,worldgovernmentbonds,2026-08-01T18:05:16+00:00
cds_us_5y,2019-11-19,2019-11-19,15.7,,15.7,worldgovernmentbonds,2026-08-01T18:05:16+00:00
cds_us_5y,2019-11-20,2019-11-20,15.7,,15.7,worldgovernmentbonds,2026-08-01T18:05:16+00:00
cds_us_5y,2019-11-21,2019-11-21,15.7,,15.7,worldgovernmentbonds,2026-08-01T18:05:16+00:00
cds_us_5y,2019-11-22,2019-11-22,15.7,,15.7,worldgovernmentbonds,2026-08-01T18:05:16+00:00
cds_us_5y,2019-11-23,2019-11-23,15.7,,15.7,worldgovernmentbonds,2026-08-01T18:05:16+00:00
cds_us_5y,2019-11-24,2019-11-24,15.7,,15.7,worldgovernmentbonds,2026-08-01T18:05:16+00:00
cds_us_5y,2019-11-25,2019-11-25,15.7,,15.7,worldgovernmentbonds,2026-08-01T18:05:16+00:00
cds_us_5y,2019-11-26,2019-11-26,15.7,,15.7,worldgovernmentbonds,2026-08-01T18:05:16+00:00
cds_us_5y,2019-11-27,2019-11-27,15.7,,15.7,worldgovernmentbonds,2026-08-01T18:05:16+00:00
cds_us_5y,2019-11-28,2019-11-28,15.7,,15.7,worldgovernmentbonds,2026-08-01T18:05:16+00:00
cds_us_5y,2019-11-29,2019-11-29,15.7,,15.7,worldgovernmentbonds,2026-08-01T18:05:16+00:00
cds_us_5y,2019-11-30,2019-11-30,15.7,,15.7,worldgovernmentbonds,2026-08-01T18:05:16+00:00
cds_us_5y,2019-12-01,2019-12-01,15.7,,15.7,worldgovernmentbonds,2026-08-01T18:05:16+00:00
cds_us_5y,2019-12-02,2019-12-02,15.7,,15.7,worldgovernmentbonds,2026-08-01T18:05:16+00:00
cds_us_5y,2019-12-03,2019-12-03,15.7,,15.7,worldgovernmentbonds,2026-08-01T18:05:16+00:00
cds_us_5y,2019-12-04,2019-12-04,15.8,,15.7,worldgovernmentbonds,2026-08-01T18:05:16+00:00
cds_us_5y,2019-12-05,2019-12-05,15.8,,15.8,worldgovernmentbonds,2026-08-01T18:05:16+00:00
cds_us_5y,2019-12-06,2019-12-06,15.9,,15.8,worldgovernmentbonds,2026-08-01T18:05:16+00:00
cds_us_5y,2019-12-07,2019-12-07,15.9,,15.9,worldgovernmentbonds,2026-08-01T18:05:16+00:00
cds_us_5y,2019-12-08,2019-12-08,15.9,,15.9,worldgovernmentbonds,2026-08-01T18:05:16+00:00
cds_us_5y,2019-12-09,2019-12-09,15.9,,15.9,worldgovernmentbonds,2026-08-01T18:05:16+00:00
cds_us_5y,2019-12-10,2019-12-10,15.9,,15.9,worldgovernmentbonds,2026-08-01T18:05:16+00:00
cds_us_5y,2019-12-11,2019-12-11,15.7,,15.9,worldgovernmentbonds,2026-08-01T18:05:16+00:00
cds_us_5y,2019-12-12,2019-12-12,15.7,,15.7,worldgovernmentbonds,2026-08-01T18:05:16+00:00
cds_us_5y,2019-12-13,2019-12-13,15.7,,15.7,worldgovernmentbonds,2026-08-01T18:05:16+00:00
cds_us_5y,2019-12-14,2019-12-14,15.7,,15.7,worldgovernmentbonds,2026-08-01T18:05:16+00:00
cds_us_5y,2019-12-15,2019-12-15,15.7,,15.7,worldgovernmentbonds,2026-08-01T18:05:16+00:00
cds_us_5y,2019-12-16,2019-12-16,15.7,,15.7,worldgovernmentbonds,2026-08-01T18:05:16+00:00
cds_us_5y,2019-12-17,2019-12-17,15.7,,15.7,worldgovernmentbonds,2026-08-01T18:05:16+00:00
cds_us_5y,2019-12-18,2019-12-18,15.7,,15.7,worldgovernmentbonds,2026-08-01T18:05:16+00:00
cds_us_5y,2019-12-19,2019-12-19,15.7,,15.7,worldgovernmentbonds,2026-08-01T18:05:16+00:00
cds_us_5y,2019-12-20,2019-12-20,15.7,,15.7,worldgovernmentbonds,2026-08-01T18:05:16+00:00
cds_us_5y,2019-12-21,2019-12-21,15.7,,15.7,worldgovernmentbonds,2026-08-01T18:05:16+00:00
cds_us_5y,2019-12-22,2019-12-22,15.7,,15.7,worldgovernmentbonds,2026-08-01T18:05:16+00:00
cds_us_5y,2019-12-23,2019-12-23,15.7,,15.7,worldgovernmentbonds,2026-08-01T18:05:16+00:00
cds_us_5y,2019-12-24,2019-12-24,15.7,,15.7,worldgovernmentbonds,2026-08-01T18:05:16+00:00
cds_us_5y,2019-12-25,2019-12-25,15.7,,15.7,worldgovernmentbonds,2026-08-01T18:05:16+00:00
cds_us_5y,2019-12-26,2019-12-26,15.7,,15.7,worldgovernmentbonds,2026-08-01T18:05:16+00:00
cds_us_5y,2019-12-27,2019-12-27,15.7,,15.7,worldgovernmentbonds,2026-08-01T18:05:16+00:00
cds_us_5y,2019-12-28,2019-12-28,15.6,,15.7,worldgovernmentbonds,2026-08-01T18:05:16+00:00
cds_us_5y,2019-12-29,2019-12-29,15.6,,15.6,worldgovernmentbonds,2026-08-01T18:05:16+00:00
cds_us_5y,2019-12-30,2019-12-30,15.6,,15.6,worldgovernmentbonds,2026-08-01T18:05:16+00:00
cds_us_5y,2019-12-31,2019-12-31,15.5,,15.6,worldgovernmentbonds,2026-08-01T18:05:16+00:00
cds_us_5y,2020-01-01,2020-01-01,15.5,,15.5,worldgovernmentbonds,2026-08-01T18:05:16+00:00
cds_us_5y,2020-01-02,2020-01-02,15.5,,15.5,worldgovernmentbonds,2026-08-01T18:05:16+00:00
cds_us_5y,2020-01-03,2020-01-03,15.5,,15.5,worldgovernmentbonds,2026-08-01T18:05:16+00:00
cds_us_5y,2020-01-04,2020-01-04,15.5,,15.5,worldgovernmentbonds,2026-08-01T18:05:16+00:00
cds_us_5y,2020-01-05,2020-01-05,15.5,,15.5,worldgovernmentbonds,2026-08-01T18:05:16+00:00
cds_us_5y,2020-01-06,2020-01-06,15.5,,15.5,worldgovernmentbonds,2026-08-01T18:05:16+00:00
cds_us_5y,2020-01-07,2020-01-07,15.5,,15.5,worldgovernmentbonds,2026-08-01T18:05:16+00:00
cds_us_5y,2020-01-08,2020-01-08,15.5,,15.5,worldgovernmentbonds,2026-08-01T18:05:16+00:00
cds_us_5y,2020-01-09,2020-01-09,15.5,,15.5,worldgovernmentbonds,2026-08-01T18:05:16+00:00
cds_us_5y,2020-01-10,2020-01-10,15.4,,15.5,worldgovernmentbonds,2026-08-01T18:05:16+00:00
cds_us_5y,2020-01-11,2020-01-11,15.4,,15.4,worldgovernmentbonds,2026-08-01T18:05:16+00:00
cds_us_5y,2020-01-12,2020-01-12,15.4,,15.4,worldgovernmentbonds,2026-08-01T18:05:16+00:00
cds_us_5y,2020-01-13,2020-01-13,15.4,,15.4,worldgovernmentbonds,2026-08-01T18:05:16+00:00
cds_us_5y,2020-01-14,2020-01-14,15.4,,15.4,worldgovernmentbonds,2026-08-01T18:05:16+00:00
cds_us_5y,2020-01-15,2020-01-15,15.4,,15.4,worldgovernmentbonds,2026-08-01T18:05:16+00:00
cds_us_5y,2020-01-16,2020-01-16,15.4,,15.4,worldgovernmentbonds,2026-08-01T18:05:16+00:00
cds_us_5y,2020-01-17,2020-01-17,15.4,,15.4,worldgovernmentbonds,2026-08-01T18:05:16+00:00
cds_us_5y,2020-01-18,2020-01-18,15.4,,15.4,worldgovernmentbonds,2026-08-01T18:05:16+00:00
cds_us_5y,2020-01-19,2020-01-19,15.4,,15.4,worldgovernmentbonds,2026-08-01T18:05:16+00:00
cds_us_5y,2020-01-20,2020-01-20,15.4,,15.4,worldgovernmentbonds,2026-08-01T18:05:16+00:00
cds_us_5y,2020-01-21,2020-01-21,15.4,,15.4,worldgovernmentbonds,2026-08-01T18:05:16+00:00
cds_us_5y,2020-01-22,2020-01-22,15.4,,15.4,worldgovernmentbonds,2026-08-01T18:05:16+00:00
cds_us_5y,2020-01-23,2020-01-23,15.4,,15.4,worldgovernmentbonds,2026-08-01T18:05:16+00:00
cds_us_5y,2020-01-24,2020-01-24,15.4,,15.4,worldgovernmentbonds,2026-08-01T18:05:16+00:00
cds_us_5y,2020-01-25,2020-01-25,15.4,,15.4,worldgovernmentbonds,2026-08-01T18:05:16+00:00
cds_us_5y,2020-01-26,2020-01-26,15.4,,15.4,worldgovernmentbonds,2026-08-01T18:05:16+00:00
cds_us_5y,2020-01-27,2020-01-27,15.4,,15.4,worldgovernmentbonds,2026-08-01T18:05:16+00:00
cds_us_5y,2020-01-28,2020-01-28,15.4,,15.4,worldgovernmentbonds,2026-08-01T18:05:16+00:00
cds_us_5y,2020-01-29,2020-01-29,15.4,,15.4,worldgovernmentbonds,2026-08-01T18:05:16+00:00
cds_us_5y,2020-01-30,2020-01-30,15.4,,15.4,worldgovernmentbonds,2026-08-01T18:05:16+00:00
cds_us_5y,2020-01-31,2020-01-31,15.4,,15.4,worldgovernmentbonds,2026-08-01T18:05:16+00:00
cds_us_5y,2020-02-01,2020-02-01,15.4,,15.4,worldgovernmentbonds,2026-08-01T18:05:16+00:00
cds_us_5y,2020-02-02,2020-02-02,15.4,,15.4,worldgovernmentbonds,2026-08-01T18:05:16+00:00
cds_us_5y,2020-02-03,2020-02-03,15.4,,15.4,worldgovernmentbonds,2026-08-01T18:05:16+00:00
cds_us_5y,2020-02-04,2020-02-04,15.4,,15.4,worldgovernmentbonds,2026-08-01T18:05:16+00:00
cds_us_5y,2020-02-05,2020-02-05,15.4,,15.4,worldgovernmentbonds,2026-08-01T18:05:16+00:00
cds_us_5y,2020-02-06,2020-02-06,15.4,,15.4,worldgovernmentbonds,2026-08-01T18:05:16+00:00
cds_us_5y,2020-02-07,2020-02-07,15.4,,15.4,worldgovernmentbonds,2026-08-01T18:05:16+00:00
cds_us_5y,2020-02-08,2020-02-08,15.4,,15.4,worldgovernmentbonds,2026-08-01T18:05:16+00:00
cds_us_5y,2020-02-09,2020-02-09,15.4,,15.4,worldgovernmentbonds,2026-08-01T18:05:16+00:00
cds_us_5y,2020-02-10,2020-02-10,15.4,,15.4,worldgovernmentbonds,2026-08-01T18:05:16+00:00
cds_us_5y,2020-02-11,2020-02-11,15.5,,15.4,worldgovernmentbonds,2026-08-01T18:05:16+00:00
cds_us_5y,2020-02-12,2020-02-12,15.5,,15.5,worldgovernmentbonds,2026-08-01T18:05:16+00:00
cds_us_5y,2020-02-13,2020-02-13,15.5,,15.5,worldgovernmentbonds,2026-08-01T18:05:16+00:00
cds_us_5y,2020-02-14,2020-02-14,15.4,,15.5,worldgovernmentbonds,2026-08-01T18:05:16+00:00
cds_us_5y,2020-02-15,2020-02-15,15.5,,15.4,worldgovernmentbonds,2026-08-01T18:05:16+00:00
cds_us_5y,2020-02-16,2020-02-16,15.5,,15.5,worldgovernmentbonds,2026-08-01T18:05:16+00:00
cds_us_5y,2020-02-17,2020-02-17,15.5,,15.5,worldgovernmentbonds,2026-08-01T18:05:16+00:00
cds_us_5y,2020-02-18,2020-02-18,15.5,,15.5,worldgovernmentbonds,2026-08-01T18:05:16+00:00
cds_us_5y,2020-02-19,2020-02-19,15.5,,15.5,worldgovernmentbonds,2026-08-01T18:05:16+00:00
cds_us_5y,2020-02-20,2020-02-20,15.4,,15.5,worldgovernmentbonds,2026-08-01T18:05:16+00:00
cds_us_5y,2020-02-21,2020-02-21,15.4,,15.4,worldgovernmentbonds,2026-08-01T18:05:16+00:00
cds_us_5y,2020-02-22,2020-02-22,15.4,,15.4,worldgovernmentbonds,2026-08-01T18:05:16+00:00
cds_us_5y,2020-02-23,2020-02-23,15.4,,15.4,worldgovernmentbonds,2026-08-01T18:05:16+00:00
cds_us_5y,2020-02-24,2020-02-24,15.4,,15.4,worldgovernmentbonds,2026-08-01T18:05:16+00:00
cds_us_5y,2020-02-25,2020-02-25,15.4,,15.4,worldgovernmentbonds,2026-08-01T18:05:16+00:00
cds_us_5y,2020-02-26,2020-02-26,15.4,,15.4,worldgovernmentbonds,2026-08-01T18:05:16+00:00
cds_us_5y,2020-02-27,2020-02-27,15.5,,15.4,worldgovernmentbonds,2026-08-01T18:05:16+00:00
cds_us_5y,2020-02-28,2020-02-28,15.6,,15.5,worldgovernmentbonds,2026-08-01T18:05:16+00:00
cds_us_5y,2020-02-29,2020-02-29,15.9,,15.6,worldgovernmentbonds,2026-08-01T18:05:16+00:00
cds_us_5y,2020-03-01,2020-03-01,15.9,,15.9,worldgovernmentbonds,2026-08-01T18:05:16+00:00
cds_us_5y,2020-03-02,2020-03-02,15.9,,15.9,worldgovernmentbonds,2026-08-01T18:05:16+00:00
cds_us_5y,2020-03-03,2020-03-03,16.1,,15.9,worldgovernmentbonds,2026-08-01T18:05:16+00:00
cds_us_5y,2020-03-04,2020-03-04,16.1,,16.1,worldgovernmentbonds,2026-08-01T18:05:16+00:00
cds_us_5y,2020-03-05,2020-03-05,16.1,,16.1,worldgovernmentbonds,2026-08-01T18:05:16+00:00
cds_us_5y,2020-03-06,2020-03-06,16.1,,16.1,worldgovernmentbonds,2026-08-01T18:05:16+00:00
cds_us_5y,2020-03-07,2020-03-07,16.1,,16.1,worldgovernmentbonds,2026-08-01T18:05:16+00:00
cds_us_5y,2020-03-08,2020-03-08,16.1,,16.1,worldgovernmentbonds,2026-08-01T18:05:16+00:00
cds_us_5y,2020-03-09,2020-03-09,16.1,,16.1,worldgovernmentbonds,2026-08-01T18:05:16+00:00
cds_us_5y,2020-03-10,2020-03-10,16.1,,16.1,worldgovernmentbonds,2026-08-01T18:05:16+00:00
cds_us_5y,2020-03-11,2020-03-11,16.4,,16.1,worldgovernmentbonds,2026-08-01T18:05:16+00:00
cds_us_5y,2020-03-12,2020-03-12,16.3,,16.4,worldgovernmentbonds,2026-08-01T18:05:16+00:00
cds_us_5y,2020-03-13,2020-03-13,17.9,,16.3,worldgovernmentbonds,2026-08-01T18:05:16+00:00
cds_us_5y,2020-03-14,2020-03-14,19.3,,17.9,worldgovernmentbonds,2026-08-01T18:05:16+00:00
cds_us_5y,2020-03-15,2020-03-15,19.3,,19.3,worldgovernmentbonds,2026-08-01T18:05:16+00:00
cds_us_5y,2020-03-16,2020-03-16,19.3,,19.3,worldgovernmentbonds,2026-08-01T18:05:16+00:00
cds_us_5y,2020-03-17,2020-03-17,21.3,,19.3,worldgovernmentbonds,2026-08-01T18:05:16+00:00
cds_us_5y,2020-03-18,2020-03-18,21.6,,21.3,worldgovernmentbonds,2026-08-01T18:05:16+00:00
cds_us_5y,2020-03-19,2020-03-19,23.2,,21.6,worldgovernmentbonds,2026-08-01T18:05:16+00:00
cds_us_5y,2020-03-20,2020-03-20,23.0,,23.2,worldgovernmentbonds,2026-08-01T18:05:16+00:00
cds_us_5y,2020-03-21,2020-03-21,23.3,,23.0,worldgovernmentbonds,2026-08-01T18:05:16+00:00
cds_us_5y,2020-03-22,2020-03-22,23.3,,23.3,worldgovernmentbonds,2026-08-01T18:05:16+00:00
cds_us_5y,2020-03-23,2020-03-23,23.3,,23.3,worldgovernmentbonds,2026-08-01T18:05:16+00:00
cds_us_5y,2020-03-24,2020-03-24,23.3,,23.3,worldgovernmentbonds,2026-08-01T18:05:16+00:00
cds_us_5y,2020-03-25,2020-03-25,20.9,,23.3,worldgovernmentbonds,2026-08-01T18:05:16+00:00
cds_us_5y,2020-03-26,2020-03-26,18.7,,20.9,worldgovernmentbonds,2026-08-01T18:05:16+00:00
cds_us_5y,2020-03-27,2020-03-27,17.4,,18.7,worldgovernmentbonds,2026-08-01T18:05:16+00:00
cds_us_5y,2020-03-28,2020-03-28,16.6,,17.4,worldgovernmentbonds,2026-08-01T18:05:16+00:00
cds_us_5y,2020-03-29,2020-03-29,16.6,,16.6,worldgovernmentbonds,2026-08-01T18:05:16+00:00
cds_us_5y,2020-03-30,2020-03-30,16.6,,16.6,worldgovernmentbonds,2026-08-01T18:05:16+00:00
cds_us_5y,2020-03-31,2020-03-31,16.1,,16.6,worldgovernmentbonds,2026-08-01T18:05:16+00:00
cds_us_5y,2020-04-01,2020-04-01,15.8,,16.1,worldgovernmentbonds,2026-08-01T18:05:16+00:00
cds_us_5y,2020-04-02,2020-04-02,15.6,,15.8,worldgovernmentbonds,2026-08-01T18:05:16+00:00
cds_us_5y,2020-04-03,2020-04-03,15.4,,15.6,worldgovernmentbonds,2026-08-01T18:05:16+00:00
cds_us_5y,2020-04-04,2020-04-04,18.3,,15.4,worldgovernmentbonds,2026-08-01T18:05:16+00:00
cds_us_5y,2020-04-05,2020-04-05,18.3,,18.3,worldgovernmentbonds,2026-08-01T18:05:16+00:00
cds_us_5y,2020-04-06,2020-04-06,18.3,,18.3,worldgovernmentbonds,2026-08-01T18:05:16+00:00
cds_us_5y,2020-04-07,2020-04-07,18.3,,18.3,worldgovernmentbonds,2026-08-01T18:05:16+00:00
cds_us_5y,2020-04-08,2020-04-08,18.8,,18.3,worldgovernmentbonds,2026-08-01T18:05:16+00:00
cds_us_5y,2020-04-09,2020-04-09,19.1,,18.8,worldgovernmentbonds,2026-08-01T18:05:16+00:00
cds_us_5y,2020-04-10,2020-04-10,19.2,,19.1,worldgovernmentbonds,2026-08-01T18:05:16+00:00
cds_us_5y,2020-04-11,2020-04-11,19.2,,19.2,worldgovernmentbonds,2026-08-01T18:05:16+00:00
cds_us_5y,2020-04-12,2020-04-12,19.2,,19.2,worldgovernmentbonds,2026-08-01T18:05:16+00:00
cds_us_5y,2020-04-13,2020-04-13,19.2,,19.2,worldgovernmentbonds,2026-08-01T18:05:16+00:00
cds_us_5y,2020-04-14,2020-04-14,19.2,,19.2,worldgovernmentbonds,2026-08-01T18:05:16+00:00
cds_us_5y,2020-04-15,2020-04-15,19.2,,19.2,worldgovernmentbonds,2026-08-01T18:05:16+00:00
cds_us_5y,2020-04-16,2020-04-16,19.2,,19.2,worldgovernmentbonds,2026-08-01T18:05:16+00:00
cds_us_5y,2020-04-17,2020-04-17,19.0,,19.2,worldgovernmentbonds,2026-08-01T18:05:16+00:00
cds_us_5y,2020-04-18,2020-04-18,19.7,,19.0,worldgovernmentbonds,2026-08-01T18:05:16+00:00
cds_us_5y,2020-04-19,2020-04-19,19.7,,19.7,worldgovernmentbonds,2026-08-01T18:05:16+00:00
cds_us_5y,2020-04-20,2020-04-20,19.7,,19.7,worldgovernmentbonds,2026-08-01T18:05:16+00:00
cds_us_5y,2020-04-21,2020-04-21,19.2,,19.7,worldgovernmentbonds,2026-08-01T18:05:16+00:00
cds_us_5y,2020-04-22,2020-04-22,19.8,,19.2,worldgovernmentbonds,2026-08-01T18:05:16+00:00
cds_us_5y,2020-04-23,2020-04-23,19.8,,19.8,worldgovernmentbonds,2026-08-01T18:05:16+00:00
cds_us_5y,2020-04-24,2020-04-24,20.4,,19.8,worldgovernmentbonds,2026-08-01T18:05:16+00:00
cds_us_5y,2020-04-25,2020-04-25,20.2,,20.4,worldgovernmentbonds,2026-08-01T18:05:16+00:00
cds_us_5y,2020-04-26,2020-04-26,20.2,,20.2,worldgovernmentbonds,2026-08-01T18:05:16+00:00
cds_us_5y,2020-04-27,2020-04-27,20.2,,20.2,worldgovernmentbonds,2026-08-01T18:05:16+00:00
cds_us_5y,2020-04-28,2020-04-28,20.6,,20.2,worldgovernmentbonds,2026-08-01T18:05:16+00:00
cds_us_5y,2020-04-29,2020-04-29,20.6,,20.6,worldgovernmentbonds,2026-08-01T18:05:16+00:00
cds_us_5y,2020-04-30,2020-04-30,20.7,,20.6,worldgovernmentbonds,2026-08-01T18:05:16+00:00
cds_us_5y,2020-05-01,2020-05-01,21.0,,20.7,worldgovernmentbonds,2026-08-01T18:05:16+00:00
cds_us_5y,2020-05-02,2020-05-02,21.0,,21.0,worldgovernmentbonds,2026-08-01T18:05:16+00:00
cds_us_5y,2020-05-03,2020-05-03,21.0,,21.0,worldgovernmentbonds,2026-08-01T18:05:16+00:00
cds_us_5y,2020-05-04,2020-05-04,21.0,,21.0,worldgovernmentbonds,2026-08-01T18:05:16+00:00
cds_us_5y,2020-05-05,2020-05-05,20.5,,21.0,worldgovernmentbonds,2026-08-01T18:05:16+00:00
cds_us_5y,2020-05-06,2020-05-06,19.6,,20.5,worldgovernmentbonds,2026-08-01T18:05:16+00:00
cds_us_5y,2020-05-07,2020-05-07,19.4,,19.6,worldgovernmentbonds,2026-08-01T18:05:16+00:00
cds_us_5y,2020-05-08,2020-05-08,19.2,,19.4,worldgovernmentbonds,2026-08-01T18:05:16+00:00
cds_us_5y,2020-05-09,2020-05-09,19.2,,19.2,worldgovernmentbonds,2026-08-01T18:05:16+00:00
cds_us_5y,2020-05-10,2020-05-10,19.2,,19.2,worldgovernmentbonds,2026-08-01T18:05:16+00:00
cds_us_5y,2020-05-11,2020-05-11,19.2,,19.2,worldgovernmentbonds,2026-08-01T18:05:16+00:00
cds_us_5y,2020-05-12,2020-05-12,19.1,,19.2,worldgovernmentbonds,2026-08-01T18:05:16+00:00
cds_us_5y,2020-05-13,2020-05-13,19.0,,19.1,worldgovernmentbonds,2026-08-01T18:05:16+00:00
cds_us_5y,2020-05-14,2020-05-14,19.0,,19.0,worldgovernmentbonds,2026-08-01T18:05:16+00:00
cds_us_5y,2020-05-15,2020-05-15,19.0,,19.0,worldgovernmentbonds,2026-08-01T18:05:16+00:00
cds_us_5y,2020-05-16,2020-05-16,19.8,,19.0,worldgovernmentbonds,2026-08-01T18:05:16+00:00
cds_us_5y,2020-05-17,2020-05-17,19.8,,19.8,worldgovernmentbonds,2026-08-01T18:05:16+00:00
cds_us_5y,2020-05-18,2020-05-18,19.8,,19.8,worldgovernmentbonds,2026-08-01T18:05:16+00:00
cds_us_5y,2020-05-19,2020-05-19,19.3,,19.8,worldgovernmentbonds,2026-08-01T18:05:16+00:00
cds_us_5y,2020-05-20,2020-05-20,19.1,,19.3,worldgovernmentbonds,2026-08-01T18:05:16+00:00
cds_us_5y,2020-05-21,2020-05-21,18.7,,19.1,worldgovernmentbonds,2026-08-01T18:05:16+00:00
cds_us_5y,2020-05-22,2020-05-22,18.2,,18.7,worldgovernmentbonds,2026-08-01T18:05:16+00:00
cds_us_5y,2020-05-23,2020-05-23,19.6,,18.2,worldgovernmentbonds,2026-08-01T18:05:16+00:00
cds_us_5y,2020-05-24,2020-05-24,19.6,,19.6,worldgovernmentbonds,2026-08-01T18:05:16+00:00
cds_us_5y,2020-05-25,2020-05-25,19.6,,19.6,worldgovernmentbonds,2026-08-01T18:05:16+00:00
cds_us_5y,2020-05-26,2020-05-26,18.7,,19.6,worldgovernmentbonds,2026-08-01T18:05:16+00:00
cds_us_5y,2020-05-27,2020-05-27,19.6,,18.7,worldgovernmentbonds,2026-08-01T18:05:16+00:00
cds_us_5y,2020-05-28,2020-05-28,19.0,,19.6,worldgovernmentbonds,2026-08-01T18:05:16+00:00
cds_us_5y,2020-05-29,2020-05-29,18.6,,19.0,worldgovernmentbonds,2026-08-01T18:05:16+00:00
cds_us_5y,2020-05-30,2020-05-30,19.3,,18.6,worldgovernmentbonds,2026-08-01T18:05:16+00:00
cds_us_5y,2020-05-31,2020-05-31,19.3,,19.3,worldgovernmentbonds,2026-08-01T18:05:16+00:00
cds_us_5y,2020-06-01,2020-06-01,19.3,,19.3,worldgovernmentbonds,2026-08-01T18:05:16+00:00
cds_us_5y,2020-06-02,2020-06-02,18.8,,19.3,worldgovernmentbonds,2026-08-01T18:05:16+00:00
cds_us_5y,2020-06-03,2020-06-03,18.6,,18.8,worldgovernmentbonds,2026-08-01T18:05:16+00:00
cds_us_5y,2020-06-04,2020-06-04,19.7,,18.6,worldgovernmentbonds,2026-08-01T18:05:16+00:00
cds_us_5y,2020-06-05,2020-06-05,19.2,,19.7,worldgovernmentbonds,2026-08-01T18:05:16+00:00
cds_us_5y,2020-06-06,2020-06-06,18.9,,19.2,worldgovernmentbonds,2026-08-01T18:05:16+00:00
cds_us_5y,2020-06-07,2020-06-07,18.9,,18.9,worldgovernmentbonds,2026-08-01T18:05:16+00:00
cds_us_5y,2020-06-08,2020-06-08,18.9,,18.9,worldgovernmentbonds,2026-08-01T18:05:16+00:00
cds_us_5y,2020-06-09,2020-06-09,18.7,,18.9,worldgovernmentbonds,2026-08-01T18:05:16+00:00
cds_us_5y,2020-06-10,2020-06-10,18.5,,18.7,worldgovernmentbonds,2026-08-01T18:05:16+00:00
cds_us_5y,2020-06-11,2020-06-11,18.4,,18.5,worldgovernmentbonds,2026-08-01T18:05:16+00:00
cds_us_5y,2020-06-12,2020-06-12,18.4,,18.4,worldgovernmentbonds,2026-08-01T18:05:16+00:00
cds_us_5y,2020-06-13,2020-06-13,18.4,,18.4,worldgovernmentbonds,2026-08-01T18:05:16+00:00
cds_us_5y,2020-06-14,2020-06-14,18.4,,18.4,worldgovernmentbonds,2026-08-01T18:05:16+00:00
cds_us_5y,2020-06-15,2020-06-15,18.4,,18.4,worldgovernmentbonds,2026-08-01T18:05:16+00:00
cds_us_5y,2020-06-16,2020-06-16,18.3,,18.4,worldgovernmentbonds,2026-08-01T18:05:16+00:00
cds_us_5y,2020-06-17,2020-06-17,18.5,,18.3,worldgovernmentbonds,2026-08-01T18:05:16+00:00
cds_us_5y,2020-06-18,2020-06-18,18.0,,18.5,worldgovernmentbonds,2026-08-01T18:05:16+00:00
cds_us_5y,2020-06-19,2020-06-19,18.2,,18.0,worldgovernmentbonds,2026-08-01T18:05:16+00:00
cds_us_5y,2020-06-20,2020-06-20,18.3,,18.2,worldgovernmentbonds,2026-08-01T18:05:16+00:00
cds_us_5y,2020-06-21,2020-06-21,18.3,,18.3,worldgovernmentbonds,2026-08-01T18:05:16+00:00
cds_us_5y,2020-06-22,2020-06-22,18.3,,18.3,worldgovernmentbonds,2026-08-01T18:05:16+00:00
cds_us_5y,2020-06-23,2020-06-23,18.1,,18.3,worldgovernmentbonds,2026-08-01T18:05:16+00:00
cds_us_5y,2020-06-24,2020-06-24,18.1,,18.1,worldgovernmentbonds,2026-08-01T18:05:16+00:00
cds_us_5y,2020-06-25,2020-06-25,18.1,,18.1,worldgovernmentbonds,2026-08-01T18:05:16+00:00
cds_us_5y,2020-06-26,2020-06-26,18.1,,18.1,worldgovernmentbonds,2026-08-01T18:05:16+00:00
cds_us_5y,2020-06-27,2020-06-27,18.1,,18.1,worldgovernmentbonds,2026-08-01T18:05:16+00:00
cds_us_5y,2020-06-28,2020-06-28,18.1,,18.1,worldgovernmentbonds,2026-08-01T18:05:16+00:00
cds_us_5y,2020-06-29,2020-06-29,18.1,,18.1,worldgovernmentbonds,2026-08-01T18:05:16+00:00
cds_us_5y,2020-06-30,2020-06-30,18.1,,18.1,worldgovernmentbonds,2026-08-01T18:05:16+00:00
cds_us_5y,2020-07-01,2020-07-01,18.1,,18.1,worldgovernmentbonds,2026-08-01T18:05:16+00:00
cds_us_5y,2020-07-02,2020-07-02,17.4,,18.1,worldgovernmentbonds,2026-08-01T18:05:16+00:00
cds_us_5y,2020-07-03,2020-07-03,17.2,,17.4,worldgovernmentbonds,2026-08-01T18:05:16+00:00
cds_us_5y,2020-07-04,2020-07-04,17.6,,17.2,worldgovernmentbonds,2026-08-01T18:05:16+00:00
cds_us_5y,2020-07-05,2020-07-05,17.6,,17.6,worldgovernmentbonds,2026-08-01T18:05:16+00:00
cds_us_5y,2020-07-06,2020-07-06,17.6,,17.6,worldgovernmentbonds,2026-08-01T18:05:16+00:00
cds_us_5y,2020-07-07,2020-07-07,17.9,,17.6,worldgovernmentbonds,2026-08-01T18:05:16+00:00
cds_us_5y,2020-07-08,2020-07-08,17.9,,17.9,worldgovernmentbonds,2026-08-01T18:05:16+00:00
cds_us_5y,2020-07-09,2020-07-09,18.0,,17.9,worldgovernmentbonds,2026-08-01T18:05:16+00:00
cds_us_5y,2020-07-10,2020-07-10,18.4,,18.0,worldgovernmentbonds,2026-08-01T18:05:16+00:00
cds_us_5y,2020-07-11,2020-07-11,18.5,,18.4,worldgovernmentbonds,2026-08-01T18:05:16+00:00
cds_us_5y,2020-07-12,2020-07-12,18.5,,18.5,worldgovernmentbonds,2026-08-01T18:05:16+00:00
cds_us_5y,2020-07-13,2020-07-13,18.5,,18.5,worldgovernmentbonds,2026-08-01T18:05:16+00:00
cds_us_5y,2020-07-14,2020-07-14,18.6,,18.5,worldgovernmentbonds,2026-08-01T18:05:16+00:00
cds_us_5y,2020-07-15,2020-07-15,18.6,,18.6,worldgovernmentbonds,2026-08-01T18:05:16+00:00
cds_us_5y,2020-07-16,2020-07-16,18.6,,18.6,worldgovernmentbonds,2026-08-01T18:05:16+00:00
cds_us_5y,2020-07-17,2020-07-17,18.6,,18.6,worldgovernmentbonds,2026-08-01T18:05:16+00:00
cds_us_5y,2020-07-18,2020-07-18,18.6,,18.6,worldgovernmentbonds,2026-08-01T18:05:16+00:00
cds_us_5y,2020-07-19,2020-07-19,18.6,,18.6,worldgovernmentbonds,2026-08-01T18:05:16+00:00
cds_us_5y,2020-07-20,2020-07-20,18.6,,18.6,worldgovernmentbonds,2026-08-01T18:05:16+00:00
cds_us_5y,2020-07-21,2020-07-21,18.5,,18.6,worldgovernmentbonds,2026-08-01T18:05:16+00:00
cds_us_5y,2020-07-22,2020-07-22,18.5,,18.5,worldgovernmentbonds,2026-08-01T18:05:16+00:00
cds_us_5y,2020-07-23,2020-07-23,18.5,,18.5,worldgovernmentbonds,2026-08-01T18:05:16+00:00
cds_us_5y,2020-07-24,2020-07-24,18.5,,18.5,worldgovernmentbonds,2026-08-01T18:05:16+00:00
cds_us_5y,2020-07-25,2020-07-25,18.5,,18.5,worldgovernmentbonds,2026-08-01T18:05:16+00:00
cds_us_5y,2020-07-26,2020-07-26,18.5,,18.5,worldgovernmentbonds,2026-08-01T18:05:16+00:00
cds_us_5y,2020-07-27,2020-07-27,18.5,,18.5,worldgovernmentbonds,2026-08-01T18:05:16+00:00
cds_us_5y,2020-07-28,2020-07-28,18.5,,18.5,worldgovernmentbonds,2026-08-01T18:05:16+00:00
cds_us_5y,2020-07-29,2020-07-29,18.5,,18.5,worldgovernmentbonds,2026-08-01T18:05:16+00:00
cds_us_5y,2020-07-30,2020-07-30,18.5,,18.5,worldgovernmentbonds,2026-08-01T18:05:16+00:00
cds_us_5y,2020-07-31,2020-07-31,18.5,,18.5,worldgovernmentbonds,2026-08-01T18:05:16+00:00
cds_us_5y,2020-08-01,2020-08-01,18.5,,18.5,worldgovernmentbonds,2026-08-01T18:05:16+00:00
cds_us_5y,2020-08-02,2020-08-02,18.5,,18.5,worldgovernmentbonds,2026-08-01T18:05:16+00:00
cds_us_5y,2020-08-03,2020-08-03,18.5,,18.5,worldgovernmentbonds,2026-08-01T18:05:16+00:00
cds_us_5y,2020-08-04,2020-08-04,18.6,,18.5,worldgovernmentbonds,2026-08-01T18:05:16+00:00
cds_us_5y,2020-08-05,2020-08-05,18.5,,18.6,worldgovernmentbonds,2026-08-01T18:05:16+00:00
cds_us_5y,2020-08-06,2020-08-06,18.5,,18.5,worldgovernmentbonds,2026-08-01T18:05:16+00:00
cds_us_5y,2020-08-07,2020-08-07,18.5,,18.5,worldgovernmentbonds,2026-08-01T18:05:16+00:00
cds_us_5y,2020-08-08,2020-08-08,18.5,,18.5,worldgovernmentbonds,2026-08-01T18:05:16+00:00
cds_us_5y,2020-08-09,2020-08-09,18.5,,18.5,worldgovernmentbonds,2026-08-01T18:05:16+00:00
cds_us_5y,2020-08-10,2020-08-10,18.5,,18.5,worldgovernmentbonds,2026-08-01T18:05:16+00:00
cds_us_5y,2020-08-11,2020-08-11,18.5,,18.5,worldgovernmentbonds,2026-08-01T18:05:16+00:00
cds_us_5y,2020-08-12,2020-08-12,18.5,,18.5,worldgovernmentbonds,2026-08-01T18:05:16+00:00
cds_us_5y,2020-08-13,2020-08-13,18.5,,18.5,worldgovernmentbonds,2026-08-01T18:05:16+00:00
cds_us_5y,2020-08-14,2020-08-14,18.5,,18.5,worldgovernmentbonds,2026-08-01T18:05:16+00:00
cds_us_5y,2020-08-15,2020-08-15,18.5,,18.5,worldgovernmentbonds,2026-08-01T18:05:16+00:00
cds_us_5y,2020-08-16,2020-08-16,18.5,,18.5,worldgovernmentbonds,2026-08-01T18:05:16+00:00
cds_us_5y,2020-08-17,2020-08-17,18.5,,18.5,worldgovernmentbonds,2026-08-01T18:05:16+00:00
cds_us_5y,2020-08-18,2020-08-18,18.5,,18.5,worldgovernmentbonds,2026-08-01T18:05:16+00:00
cds_us_5y,2020-08-19,2020-08-19,18.5,,18.5,worldgovernmentbonds,2026-08-01T18:05:16+00:00
cds_us_5y,2020-08-20,2020-08-20,18.5,,18.5,worldgovernmentbonds,2026-08-01T18:05:16+00:00
cds_us_5y,2020-08-21,2020-08-21,18.5,,18.5,worldgovernmentbonds,2026-08-01T18:05:16+00:00
cds_us_5y,2020-08-22,2020-08-22,18.5,,18.5,worldgovernmentbonds,2026-08-01T18:05:16+00:00
cds_us_5y,2020-08-23,2020-08-23,18.5,,18.5,worldgovernmentbonds,2026-08-01T18:05:16+00:00
cds_us_5y,2020-08-24,2020-08-24,18.5,,18.5,worldgovernmentbonds,2026-08-01T18:05:16+00:00
cds_us_5y,2020-08-25,2020-08-25,18.5,,18.5,worldgovernmentbonds,2026-08-01T18:05:16+00:00
cds_us_5y,2020-08-26,2020-08-26,18.5,,18.5,worldgovernmentbonds,2026-08-01T18:05:16+00:00
cds_us_5y,2020-08-27,2020-08-27,18.5,,18.5,worldgovernmentbonds,2026-08-01T18:05:16+00:00
cds_us_5y,2020-08-28,2020-08-28,18.5,,18.5,worldgovernmentbonds,2026-08-01T18:05:16+00:00
cds_us_5y,2020-08-29,2020-08-29,18.3,,18.5,worldgovernmentbonds,2026-08-01T18:05:16+00:00
cds_us_5y,2020-08-30,2020-08-30,18.3,,18.3,worldgovernmentbonds,2026-08-01T18:05:16+00:00
cds_us_5y,2020-08-31,2020-08-31,18.3,,18.3,worldgovernmentbonds,2026-08-01T18:05:16+00:00
cds_us_5y,2020-09-01,2020-09-01,18.2,,18.3,worldgovernmentbonds,2026-08-01T18:05:16+00:00
cds_us_5y,2020-09-02,2020-09-02,18.2,,18.2,worldgovernmentbonds,2026-08-01T18:05:16+00:00
cds_us_5y,2020-09-03,2020-09-03,18.2,,18.2,worldgovernmentbonds,2026-08-01T18:05:16+00:00
cds_us_5y,2020-09-04,2020-09-04,18.2,,18.2,worldgovernmentbonds,2026-08-01T18:05:16+00:00
cds_us_5y,2020-09-05,2020-09-05,18.2,,18.2,worldgovernmentbonds,2026-08-01T18:05:16+00:00
cds_us_5y,2020-09-06,2020-09-06,18.2,,18.2,worldgovernmentbonds,2026-08-01T18:05:16+00:00
cds_us_5y,2020-09-07,2020-09-07,18.2,,18.2,worldgovernmentbonds,2026-08-01T18:05:16+00:00
cds_us_5y,2020-09-08,2020-09-08,18.2,,18.2,worldgovernmentbonds,2026-08-01T18:05:16+00:00
cds_us_5y,2020-09-09,2020-09-09,18.2,,18.2,worldgovernmentbonds,2026-08-01T18:05:16+00:00
cds_us_5y,2020-09-10,2020-09-10,18.2,,18.2,worldgovernmentbonds,2026-08-01T18:05:16+00:00
cds_us_5y,2020-09-11,2020-09-11,18.2,,18.2,worldgovernmentbonds,2026-08-01T18:05:16+00:00
cds_us_5y,2020-09-12,2020-09-12,18.2,,18.2,worldgovernmentbonds,2026-08-01T18:05:16+00:00
cds_us_5y,2020-09-13,2020-09-13,18.2,,18.2,worldgovernmentbonds,2026-08-01T18:05:16+00:00
cds_us_5y,2020-09-14,2020-09-14,18.2,,18.2,worldgovernmentbonds,2026-08-01T18:05:16+00:00
cds_us_5y,2020-09-15,2020-09-15,18.2,,18.2,worldgovernmentbonds,2026-08-01T18:05:16+00:00
cds_us_5y,2020-09-16,2020-09-16,18.2,,18.2,worldgovernmentbonds,2026-08-01T18:05:16+00:00
cds_us_5y,2020-09-17,2020-09-17,18.1,,18.2,worldgovernmentbonds,2026-08-01T18:05:16+00:00
cds_us_5y,2020-09-18,2020-09-18,18.1,,18.1,worldgovernmentbonds,2026-08-01T18:05:16+00:00
cds_us_5y,2020-09-19,2020-09-19,18.1,,18.1,worldgovernmentbonds,2026-08-01T18:05:16+00:00
cds_us_5y,2020-09-20,2020-09-20,18.1,,18.1,worldgovernmentbonds,2026-08-01T18:05:16+00:00
cds_us_5y,2020-09-21,2020-09-21,18.1,,18.1,worldgovernmentbonds,2026-08-01T18:05:16+00:00
cds_us_5y,2020-09-22,2020-09-22,18.3,,18.1,worldgovernmentbonds,2026-08-01T18:05:16+00:00
cds_us_5y,2020-09-23,2020-09-23,17.4,,18.3,worldgovernmentbonds,2026-08-01T18:05:16+00:00
cds_us_5y,2020-09-24,2020-09-24,16.7,,17.4,worldgovernmentbonds,2026-08-01T18:05:16+00:00
cds_us_5y,2020-09-25,2020-09-25,16.3,,16.7,worldgovernmentbonds,2026-08-01T18:05:16+00:00
cds_us_5y,2020-09-26,2020-09-26,16.1,,16.3,worldgovernmentbonds,2026-08-01T18:05:16+00:00
cds_us_5y,2020-09-27,2020-09-27,16.1,,16.1,worldgovernmentbonds,2026-08-01T18:05:16+00:00
cds_us_5y,2020-09-28,2020-09-28,16.1,,16.1,worldgovernmentbonds,2026-08-01T18:05:16+00:00
cds_us_5y,2020-09-29,2020-09-29,15.9,,16.1,worldgovernmentbonds,2026-08-01T18:05:16+00:00
cds_us_5y,2020-09-30,2020-09-30,15.9,,15.9,worldgovernmentbonds,2026-08-01T18:05:16+00:00
cds_us_5y,2020-10-01,2020-10-01,15.9,,15.9,worldgovernmentbonds,2026-08-01T18:05:16+00:00
cds_us_5y,2020-10-02,2020-10-02,15.8,,15.9,worldgovernmentbonds,2026-08-01T18:05:16+00:00
cds_us_5y,2020-10-03,2020-10-03,15.7,,15.8,worldgovernmentbonds,2026-08-01T18:05:16+00:00
cds_us_5y,2020-10-04,2020-10-04,15.7,,15.7,worldgovernmentbonds,2026-08-01T18:05:16+00:00
cds_us_5y,2020-10-05,2020-10-05,15.7,,15.7,worldgovernmentbonds,2026-08-01T18:05:16+00:00
cds_us_5y,2020-10-06,2020-10-06,17.1,,15.7,worldgovernmentbonds,2026-08-01T18:05:16+00:00
cds_us_5y,2020-10-07,2020-10-07,16.5,,17.1,worldgovernmentbonds,2026-08-01T18:05:16+00:00
cds_us_5y,2020-10-08,2020-10-08,16.0,,16.5,worldgovernmentbonds,2026-08-01T18:05:16+00:00
cds_us_5y,2020-10-09,2020-10-09,15.6,,16.0,worldgovernmentbonds,2026-08-01T18:05:16+00:00
cds_us_5y,2020-10-10,2020-10-10,15.8,,15.6,worldgovernmentbonds,2026-08-01T18:05:16+00:00
cds_us_5y,2020-10-11,2020-10-11,15.8,,15.8,worldgovernmentbonds,2026-08-01T18:05:16+00:00
cds_us_5y,2020-10-12,2020-10-12,15.8,,15.8,worldgovernmentbonds,2026-08-01T18:05:16+00:00
cds_us_5y,2020-10-13,2020-10-13,15.5,,15.8,worldgovernmentbonds,2026-08-01T18:05:16+00:00
cds_us_5y,2020-10-14,2020-10-14,16.1,,15.5,worldgovernmentbonds,2026-08-01T18:05:16+00:00
cds_us_5y,2020-10-15,2020-10-15,16.0,,16.1,worldgovernmentbonds,2026-08-01T18:05:16+00:00
cds_us_5y,2020-10-16,2020-10-16,16.2,,16.0,worldgovernmentbonds,2026-08-01T18:05:16+00:00
cds_us_5y,2020-10-17,2020-10-17,16.2,,16.2,worldgovernmentbonds,2026-08-01T18:05:16+00:00
cds_us_5y,2020-10-18,2020-10-18,16.2,,16.2,worldgovernmentbonds,2026-08-01T18:05:16+00:00
cds_us_5y,2020-10-19,2020-10-19,16.2,,16.2,worldgovernmentbonds,2026-08-01T18:05:16+00:00
cds_us_5y,2020-10-20,2020-10-20,16.1,,16.2,worldgovernmentbonds,2026-08-01T18:05:16+00:00
cds_us_5y,2020-10-21,2020-10-21,16.1,,16.1,worldgovernmentbonds,2026-08-01T18:05:16+00:00
cds_us_5y,2020-10-22,2020-10-22,16.7,,16.1,worldgovernmentbonds,2026-08-01T18:05:16+00:00
cds_us_5y,2020-10-23,2020-10-23,16.1,,16.7,worldgovernmentbonds,2026-08-01T18:05:16+00:00
cds_us_5y,2020-10-24,2020-10-24,16.0,,16.1,worldgovernmentbonds,2026-08-01T18:05:16+00:00
cds_us_5y,2020-10-25,2020-10-25,16.0,,16.0,worldgovernmentbonds,2026-08-01T18:05:16+00:00
cds_us_5y,2020-10-26,2020-10-26,16.0,,16.0,worldgovernmentbonds,2026-08-01T18:05:16+00:00
cds_us_5y,2020-10-27,2020-10-27,16.0,,16.0,worldgovernmentbonds,2026-08-01T18:05:16+00:00
cds_us_5y,2020-10-28,2020-10-28,16.0,,16.0,worldgovernmentbonds,2026-08-01T18:05:16+00:00
cds_us_5y,2020-10-29,2020-10-29,15.8,,16.0,worldgovernmentbonds,2026-08-01T18:05:16+00:00
cds_us_5y,2020-10-30,2020-10-30,16.0,,15.8,worldgovernmentbonds,2026-08-01T18:05:16+00:00
cds_us_5y,2020-10-31,2020-10-31,15.8,,16.0,worldgovernmentbonds,2026-08-01T18:05:16+00:00
cds_us_5y,2020-11-01,2020-11-01,15.8,,15.8,worldgovernmentbonds,2026-08-01T18:05:16+00:00
cds_us_5y,2020-11-02,2020-11-02,15.8,,15.8,worldgovernmentbonds,2026-08-01T18:05:16+00:00
cds_us_5y,2020-11-03,2020-11-03,16.0,,15.8,worldgovernmentbonds,2026-08-01T18:05:16+00:00
cds_us_5y,2020-11-04,2020-11-04,15.8,,16.0,worldgovernmentbonds,2026-08-01T18:05:16+00:00
cds_us_5y,2020-11-05,2020-11-05,15.7,,15.8,worldgovernmentbonds,2026-08-01T18:05:16+00:00
cds_us_5y,2020-11-06,2020-11-06,15.6,,15.7,worldgovernmentbonds,2026-08-01T18:05:16+00:00
cds_us_5y,2020-11-07,2020-11-07,15.6,,15.6,worldgovernmentbonds,2026-08-01T18:05:16+00:00
cds_us_5y,2020-11-08,2020-11-08,15.6,,15.6,worldgovernmentbonds,2026-08-01T18:05:16+00:00
cds_us_5y,2020-11-09,2020-11-09,15.6,,15.6,worldgovernmentbonds,2026-08-01T18:05:16+00:00
cds_us_5y,2020-11-10,2020-11-10,15.6,,15.6,worldgovernmentbonds,2026-08-01T18:05:16+00:00
cds_us_5y,2020-11-11,2020-11-11,15.4,,15.6,worldgovernmentbonds,2026-08-01T18:05:16+00:00
cds_us_5y,2020-11-12,2020-11-12,14.8,,15.4,worldgovernmentbonds,2026-08-01T18:05:16+00:00
cds_us_5y,2020-11-13,2020-11-13,14.7,,14.8,worldgovernmentbonds,2026-08-01T18:05:16+00:00
cds_us_5y,2020-11-14,2020-11-14,14.6,,14.7,worldgovernmentbonds,2026-08-01T18:05:16+00:00
cds_us_5y,2020-11-15,2020-11-15,14.6,,14.6,worldgovernmentbonds,2026-08-01T18:05:16+00:00
cds_us_5y,2020-11-16,2020-11-16,14.6,,14.6,worldgovernmentbonds,2026-08-01T18:05:16+00:00
cds_us_5y,2020-11-17,2020-11-17,14.6,,14.6,worldgovernmentbonds,2026-08-01T18:05:16+00:00
cds_us_5y,2020-11-18,2020-11-18,14.4,,14.6,worldgovernmentbonds,2026-08-01T18:05:16+00:00
cds_us_5y,2020-11-19,2020-11-19,15.4,,14.4,worldgovernmentbonds,2026-08-01T18:05:16+00:00
cds_us_5y,2020-11-20,2020-11-20,14.7,,15.4,worldgovernmentbonds,2026-08-01T18:05:16+00:00
cds_us_5y,2020-11-21,2020-11-21,14.4,,14.7,worldgovernmentbonds,2026-08-01T18:05:16+00:00
cds_us_5y,2020-11-22,2020-11-22,14.4,,14.4,worldgovernmentbonds,2026-08-01T18:05:16+00:00
cds_us_5y,2020-11-23,2020-11-23,14.4,,14.4,worldgovernmentbonds,2026-08-01T18:05:16+00:00
cds_us_5y,2020-11-24,2020-11-24,14.2,,14.4,worldgovernmentbonds,2026-08-01T18:05:16+00:00
cds_us_5y,2020-11-25,2020-11-25,14.9,,14.2,worldgovernmentbonds,2026-08-01T18:05:16+00:00
cds_us_5y,2020-11-26,2020-11-26,14.2,,14.9,worldgovernmentbonds,2026-08-01T18:05:16+00:00
cds_us_5y,2020-11-27,2020-11-27,13.9,,14.2,worldgovernmentbonds,2026-08-01T18:05:16+00:00
cds_us_5y,2020-11-28,2020-11-28,13.8,,13.9,worldgovernmentbonds,2026-08-01T18:05:16+00:00
cds_us_5y,2020-11-29,2020-11-29,13.8,,13.8,worldgovernmentbonds,2026-08-01T18:05:16+00:00
cds_us_5y,2020-11-30,2020-11-30,13.8,,13.8,worldgovernmentbonds,2026-08-01T18:05:16+00:00
cds_us_5y,2020-12-01,2020-12-01,13.6,,13.8,worldgovernmentbonds,2026-08-01T18:05:16+00:00
cds_us_5y,2020-12-02,2020-12-02,13.6,,13.6,worldgovernmentbonds,2026-08-01T18:05:16+00:00
cds_us_5y,2020-12-03,2020-12-03,13.6,,13.6,worldgovernmentbonds,2026-08-01T18:05:16+00:00
cds_us_5y,2020-12-04,2020-12-04,13.6,,13.6,worldgovernmentbonds,2026-08-01T18:05:16+00:00
cds_us_5y,2020-12-05,2020-12-05,13.6,,13.6,worldgovernmentbonds,2026-08-01T18:05:16+00:00
cds_us_5y,2020-12-06,2020-12-06,13.6,,13.6,worldgovernmentbonds,2026-08-01T18:05:16+00:00
cds_us_5y,2020-12-07,2020-12-07,13.6,,13.6,worldgovernmentbonds,2026-08-01T18:05:16+00:00
cds_us_5y,2020-12-08,2020-12-08,13.6,,13.6,worldgovernmentbonds,2026-08-01T18:05:16+00:00
cds_us_5y,2020-12-09,2020-12-09,13.0,,13.6,worldgovernmentbonds,2026-08-01T18:05:16+00:00
cds_us_5y,2020-12-10,2020-12-10,14.0,,13.0,worldgovernmentbonds,2026-08-01T18:05:16+00:00
cds_us_5y,2020-12-11,2020-12-11,14.0,,14.0,worldgovernmentbonds,2026-08-01T18:05:16+00:00
cds_us_5y,2020-12-12,2020-12-12,12.9,,14.0,worldgovernmentbonds,2026-08-01T18:05:16+00:00
cds_us_5y,2020-12-13,2020-12-13,12.9,,12.9,worldgovernmentbonds,2026-08-01T18:05:16+00:00
cds_us_5y,2020-12-14,2020-12-14,12.9,,12.9,worldgovernmentbonds,2026-08-01T18:05:16+00:00
cds_us_5y,2020-12-15,2020-12-15,12.8,,12.9,worldgovernmentbonds,2026-08-01T18:05:16+00:00
cds_us_5y,2020-12-16,2020-12-16,13.8,,12.8,worldgovernmentbonds,2026-08-01T18:05:16+00:00
cds_us_5y,2020-12-17,2020-12-17,13.0,,13.8,worldgovernmentbonds,2026-08-01T18:05:16+00:00
cds_us_5y,2020-12-18,2020-12-18,12.8,,13.0,worldgovernmentbonds,2026-08-01T18:05:16+00:00
cds_us_5y,2020-12-19,2020-12-19,12.7,,12.8,worldgovernmentbonds,2026-08-01T18:05:16+00:00
cds_us_5y,2020-12-20,2020-12-20,12.7,,12.7,worldgovernmentbonds,2026-08-01T18:05:16+00:00
cds_us_5y,2020-12-21,2020-12-21,12.7,,12.7,worldgovernmentbonds,2026-08-01T18:05:16+00:00
cds_us_5y,2020-12-22,2020-12-22,12.7,,12.7,worldgovernmentbonds,2026-08-01T18:05:16+00:00
cds_us_5y,2020-12-23,2020-12-23,12.5,,12.7,worldgovernmentbonds,2026-08-01T18:05:16+00:00
cds_us_5y,2020-12-24,2020-12-24,12.4,,12.5,worldgovernmentbonds,2026-08-01T18:05:16+00:00
cds_us_5y,2020-12-25,2020-12-25,12.6,,12.4,worldgovernmentbonds,2026-08-01T18:05:16+00:00
cds_us_5y,2020-12-26,2020-12-26,12.6,,12.6,worldgovernmentbonds,2026-08-01T18:05:16+00:00
cds_us_5y,2020-12-27,2020-12-27,12.6,,12.6,worldgovernmentbonds,2026-08-01T18:05:16+00:00
cds_us_5y,2020-12-28,2020-12-28,12.6,,12.6,worldgovernmentbonds,2026-08-01T18:05:16+00:00
cds_us_5y,2020-12-29,2020-12-29,12.6,,12.6,worldgovernmentbonds,2026-08-01T18:05:16+00:00
cds_us_5y,2020-12-30,2020-12-30,12.7,,12.6,worldgovernmentbonds,2026-08-01T18:05:16+00:00
cds_us_5y,2020-12-31,2020-12-31,12.7,,12.7,worldgovernmentbonds,2026-08-01T18:05:16+00:00
cds_us_5y,2021-01-01,2021-01-01,12.7,,12.7,worldgovernmentbonds,2026-08-01T18:05:16+00:00
cds_us_5y,2021-01-02,2021-01-02,12.5,,12.7,worldgovernmentbonds,2026-08-01T18:05:16+00:00
cds_us_5y,2021-01-03,2021-01-03,12.5,,12.5,worldgovernmentbonds,2026-08-01T18:05:16+00:00
cds_us_5y,2021-01-04,2021-01-04,12.5,,12.5,worldgovernmentbonds,2026-08-01T18:05:16+00:00
cds_us_5y,2021-01-05,2021-01-05,12.2,,12.5,worldgovernmentbonds,2026-08-01T18:05:16+00:00
cds_us_5y,2021-01-06,2021-01-06,12.0,,12.2,worldgovernmentbonds,2026-08-01T18:05:16+00:00
cds_us_5y,2021-01-07,2021-01-07,12.9,,12.0,worldgovernmentbonds,2026-08-01T18:05:16+00:00
cds_us_5y,2021-01-08,2021-01-08,12.1,,12.9,worldgovernmentbonds,2026-08-01T18:05:16+00:00
cds_us_5y,2021-01-09,2021-01-09,12.0,,12.1,worldgovernmentbonds,2026-08-01T18:05:16+00:00
cds_us_5y,2021-01-10,2021-01-10,12.0,,12.0,worldgovernmentbonds,2026-08-01T18:05:16+00:00
cds_us_5y,2021-01-11,2021-01-11,12.0,,12.0,worldgovernmentbonds,2026-08-01T18:05:16+00:00
cds_us_5y,2021-01-12,2021-01-12,11.8,,12.0,worldgovernmentbonds,2026-08-01T18:05:16+00:00
cds_us_5y,2021-01-13,2021-01-13,11.4,,11.8,worldgovernmentbonds,2026-08-01T18:05:16+00:00
cds_us_5y,2021-01-14,2021-01-14,11.7,,11.4,worldgovernmentbonds,2026-08-01T18:05:16+00:00
cds_us_5y,2021-01-15,2021-01-15,11.7,,11.7,worldgovernmentbonds,2026-08-01T18:05:16+00:00
cds_us_5y,2021-01-16,2021-01-16,11.5,,11.7,worldgovernmentbonds,2026-08-01T18:05:16+00:00
cds_us_5y,2021-01-17,2021-01-17,11.5,,11.5,worldgovernmentbonds,2026-08-01T18:05:16+00:00
cds_us_5y,2021-01-18,2021-01-18,11.5,,11.5,worldgovernmentbonds,2026-08-01T18:05:16+00:00
cds_us_5y,2021-01-19,2021-01-19,11.3,,11.5,worldgovernmentbonds,2026-08-01T18:05:16+00:00
cds_us_5y,2021-01-20,2021-01-20,11.2,,11.3,worldgovernmentbonds,2026-08-01T18:05:16+00:00
cds_us_5y,2021-01-21,2021-01-21,12.1,,11.2,worldgovernmentbonds,2026-08-01T18:05:16+00:00
cds_us_5y,2021-01-22,2021-01-22,11.6,,12.1,worldgovernmentbonds,2026-08-01T18:05:16+00:00
cds_us_5y,2021-01-23,2021-01-23,11.4,,11.6,worldgovernmentbonds,2026-08-01T18:05:16+00:00
cds_us_5y,2021-01-24,2021-01-24,11.4,,11.4,worldgovernmentbonds,2026-08-01T18:05:16+00:00
cds_us_5y,2021-01-25,2021-01-25,11.4,,11.4,worldgovernmentbonds,2026-08-01T18:05:16+00:00
cds_us_5y,2021-01-26,2021-01-26,11.3,,11.4,worldgovernmentbonds,2026-08-01T18:05:16+00:00
cds_us_5y,2021-01-27,2021-01-27,11.3,,11.3,worldgovernmentbonds,2026-08-01T18:05:16+00:00
cds_us_5y,2021-01-28,2021-01-28,11.3,,11.3,worldgovernmentbonds,2026-08-01T18:05:16+00:00
cds_us_5y,2021-01-29,2021-01-29,11.3,,11.3,worldgovernmentbonds,2026-08-01T18:05:16+00:00
cds_us_5y,2021-01-30,2021-01-30,11.3,,11.3,worldgovernmentbonds,2026-08-01T18:05:16+00:00
cds_us_5y,2021-01-31,2021-01-31,11.3,,11.3,worldgovernmentbonds,2026-08-01T18:05:16+00:00
cds_us_5y,2021-02-01,2021-02-01,11.3,,11.3,worldgovernmentbonds,2026-08-01T18:05:16+00:00
cds_us_5y,2021-02-02,2021-02-02,11.3,,11.3,worldgovernmentbonds,2026-08-01T18:05:16+00:00
cds_us_5y,2021-02-03,2021-02-03,11.3,,11.3,worldgovernmentbonds,2026-08-01T18:05:16+00:00
cds_us_5y,2021-02-04,2021-02-04,11.3,,11.3,worldgovernmentbonds,2026-08-01T18:05:16+00:00
cds_us_5y,2021-02-05,2021-02-05,11.2,,11.3,worldgovernmentbonds,2026-08-01T18:05:16+00:00
cds_us_5y,2021-02-06,2021-02-06,11.1,,11.2,worldgovernmentbonds,2026-08-01T18:05:16+00:00
cds_us_5y,2021-02-07,2021-02-07,11.1,,11.1,worldgovernmentbonds,2026-08-01T18:05:16+00:00
cds_us_5y,2021-02-08,2021-02-08,11.1,,11.1,worldgovernmentbonds,2026-08-01T18:05:16+00:00
cds_us_5y,2021-02-09,2021-02-09,11.1,,11.1,worldgovernmentbonds,2026-08-01T18:05:16+00:00
cds_us_5y,2021-02-10,2021-02-10,11.1,,11.1,worldgovernmentbonds,2026-08-01T18:05:16+00:00
cds_us_5y,2021-02-11,2021-02-11,11.1,,11.1,worldgovernmentbonds,2026-08-01T18:05:16+00:00
cds_us_5y,2021-02-12,2021-02-12,11.1,,11.1,worldgovernmentbonds,2026-08-01T18:05:16+00:00
cds_us_5y,2021-02-13,2021-02-13,11.1,,11.1,worldgovernmentbonds,2026-08-01T18:05:16+00:00
cds_us_5y,2021-02-14,2021-02-14,11.1,,11.1,worldgovernmentbonds,2026-08-01T18:05:16+00:00
cds_us_5y,2021-02-15,2021-02-15,11.1,,11.1,worldgovernmentbonds,2026-08-01T18:05:16+00:00
cds_us_5y,2021-02-16,2021-02-16,11.1,,11.1,worldgovernmentbonds,2026-08-01T18:05:16+00:00
cds_us_5y,2021-02-17,2021-02-17,11.1,,11.1,worldgovernmentbonds,2026-08-01T18:05:16+00:00
cds_us_5y,2021-02-18,2021-02-18,11.1,,11.1,worldgovernmentbonds,2026-08-01T18:05:16+00:00
cds_us_5y,2021-02-19,2021-02-19,11.1,,11.1,worldgovernmentbonds,2026-08-01T18:05:16+00:00
cds_us_5y,2021-02-20,2021-02-20,10.7,,11.1,worldgovernmentbonds,2026-08-01T18:05:16+00:00
cds_us_5y,2021-02-21,2021-02-21,10.7,,10.7,worldgovernmentbonds,2026-08-01T18:05:16+00:00
cds_us_5y,2021-02-22,2021-02-22,10.7,,10.7,worldgovernmentbonds,2026-08-01T18:05:16+00:00
cds_us_5y,2021-02-23,2021-02-23,10.6,,10.7,worldgovernmentbonds,2026-08-01T18:05:16+00:00
cds_us_5y,2021-02-24,2021-02-24,10.2,,10.6,worldgovernmentbonds,2026-08-01T18:05:16+00:00
cds_us_5y,2021-02-25,2021-02-25,10.2,,10.2,worldgovernmentbonds,2026-08-01T18:05:16+00:00
cds_us_5y,2021-02-26,2021-02-26,10.1,,10.2,worldgovernmentbonds,2026-08-01T18:05:16+00:00
cds_us_5y,2021-02-27,2021-02-27,10.1,,10.1,worldgovernmentbonds,2026-08-01T18:05:16+00:00
cds_us_5y,2021-02-28,2021-02-28,10.1,,10.1,worldgovernmentbonds,2026-08-01T18:05:16+00:00
cds_us_5y,2021-03-01,2021-03-01,10.1,,10.1,worldgovernmentbonds,2026-08-01T18:05:16+00:00
cds_us_5y,2021-03-02,2021-03-02,10.1,,10.1,worldgovernmentbonds,2026-08-01T18:05:16+00:00
cds_us_5y,2021-03-03,2021-03-03,10.1,,10.1,worldgovernmentbonds,2026-08-01T18:05:16+00:00
cds_us_5y,2021-03-04,2021-03-04,10.1,,10.1,worldgovernmentbonds,2026-08-01T18:05:16+00:00
cds_us_5y,2021-03-05,2021-03-05,10.1,,10.1,worldgovernmentbonds,2026-08-01T18:05:16+00:00
cds_us_5y,2021-03-06,2021-03-06,10.1,,10.1,worldgovernmentbonds,2026-08-01T18:05:16+00:00
cds_us_5y,2021-03-07,2021-03-07,10.1,,10.1,worldgovernmentbonds,2026-08-01T18:05:16+00:00
cds_us_5y,2021-03-08,2021-03-08,10.1,,10.1,worldgovernmentbonds,2026-08-01T18:05:16+00:00
cds_us_5y,2021-03-09,2021-03-09,10.4,,10.1,worldgovernmentbonds,2026-08-01T18:05:16+00:00
cds_us_5y,2021-03-10,2021-03-10,10.4,,10.4,worldgovernmentbonds,2026-08-01T18:05:16+00:00
cds_us_5y,2021-03-11,2021-03-11,10.4,,10.4,worldgovernmentbonds,2026-08-01T18:05:16+00:00
cds_us_5y,2021-03-12,2021-03-12,10.5,,10.4,worldgovernmentbonds,2026-08-01T18:05:16+00:00
cds_us_5y,2021-03-13,2021-03-13,10.7,,10.5,worldgovernmentbonds,2026-08-01T18:05:16+00:00
cds_us_5y,2021-03-14,2021-03-14,10.7,,10.7,worldgovernmentbonds,2026-08-01T18:05:16+00:00
cds_us_5y,2021-03-15,2021-03-15,10.7,,10.7,worldgovernmentbonds,2026-08-01T18:05:16+00:00
cds_us_5y,2021-03-16,2021-03-16,10.7,,10.7,worldgovernmentbonds,2026-08-01T18:05:16+00:00
cds_us_5y,2021-03-17,2021-03-17,10.7,,10.7,worldgovernmentbonds,2026-08-01T18:05:16+00:00
cds_us_5y,2021-03-18,2021-03-18,10.7,,10.7,worldgovernmentbonds,2026-08-01T18:05:16+00:00
cds_us_5y,2021-03-19,2021-03-19,10.7,,10.7,worldgovernmentbonds,2026-08-01T18:05:16+00:00
cds_us_5y,2021-03-20,2021-03-20,10.7,,10.7,worldgovernmentbonds,2026-08-01T18:05:16+00:00
cds_us_5y,2021-03-21,2021-03-21,10.7,,10.7,worldgovernmentbonds,2026-08-01T18:05:16+00:00
cds_us_5y,2021-03-22,2021-03-22,10.7,,10.7,worldgovernmentbonds,2026-08-01T18:05:16+00:00
cds_us_5y,2021-03-23,2021-03-23,11.9,,10.7,worldgovernmentbonds,2026-08-01T18:05:16+00:00
cds_us_5y,2021-03-24,2021-03-24,12.2,,11.9,worldgovernmentbonds,2026-08-01T18:05:16+00:00
cds_us_5y,2021-03-25,2021-03-25,10.8,,12.2,worldgovernmentbonds,2026-08-01T18:05:16+00:00
cds_us_5y,2021-03-26,2021-03-26,10.5,,10.8,worldgovernmentbonds,2026-08-01T18:05:16+00:00
cds_us_5y,2021-03-27,2021-03-27,10.7,,10.5,worldgovernmentbonds,2026-08-01T18:05:16+00:00
cds_us_5y,2021-03-28,2021-03-28,10.7,,10.7,worldgovernmentbonds,2026-08-01T18:05:16+00:00
cds_us_5y,2021-03-29,2021-03-29,10.7,,10.7,worldgovernmentbonds,2026-08-01T18:05:16+00:00
cds_us_5y,2021-03-30,2021-03-30,9.7,,10.7,worldgovernmentbonds,2026-08-01T18:05:16+00:00
cds_us_5y,2021-03-31,2021-03-31,9.5,,9.7,worldgovernmentbonds,2026-08-01T18:05:16+00:00
cds_us_5y,2021-04-01,2021-04-01,9.7,,9.5,worldgovernmentbonds,2026-08-01T18:05:16+00:00
cds_us_5y,2021-04-02,2021-04-02,10.7,,9.7,worldgovernmentbonds,2026-08-01T18:05:16+00:00
cds_us_5y,2021-04-03,2021-04-03,9.8,,10.7,worldgovernmentbonds,2026-08-01T18:05:16+00:00
cds_us_5y,2021-04-04,2021-04-04,9.8,,9.8,worldgovernmentbonds,2026-08-01T18:05:16+00:00
cds_us_5y,2021-04-05,2021-04-05,9.8,,9.8,worldgovernmentbonds,2026-08-01T18:05:16+00:00
cds_us_5y,2021-04-06,2021-04-06,10.2,,9.8,worldgovernmentbonds,2026-08-01T18:05:16+00:00
cds_us_5y,2021-04-07,2021-04-07,9.3,,10.2,worldgovernmentbonds,2026-08-01T18:05:16+00:00
cds_us_5y,2021-04-08,2021-04-08,9.1,,9.3,worldgovernmentbonds,2026-08-01T18:05:16+00:00
cds_us_5y,2021-04-09,2021-04-09,9.3,,9.1,worldgovernmentbonds,2026-08-01T18:05:16+00:00
cds_us_5y,2021-04-10,2021-04-10,9.2,,9.3,worldgovernmentbonds,2026-08-01T18:05:16+00:00
cds_us_5y,2021-04-11,2021-04-11,9.2,,9.2,worldgovernmentbonds,2026-08-01T18:05:16+00:00
cds_us_5y,2021-04-12,2021-04-12,9.2,,9.2,worldgovernmentbonds,2026-08-01T18:05:16+00:00
cds_us_5y,2021-04-13,2021-04-13,9.1,,9.2,worldgovernmentbonds,2026-08-01T18:05:16+00:00
cds_us_5y,2021-04-14,2021-04-14,9.1,,9.1,worldgovernmentbonds,2026-08-01T18:05:16+00:00
cds_us_5y,2021-04-15,2021-04-15,9.1,,9.1,worldgovernmentbonds,2026-08-01T18:05:16+00:00
cds_us_5y,2021-04-16,2021-04-16,9.1,,9.1,worldgovernmentbonds,2026-08-01T18:05:16+00:00
cds_us_5y,2021-04-17,2021-04-17,9.1,,9.1,worldgovernmentbonds,2026-08-01T18:05:16+00:00
cds_us_5y,2021-04-18,2021-04-18,9.1,,9.1,worldgovernmentbonds,2026-08-01T18:05:16+00:00
cds_us_5y,2021-04-19,2021-04-19,9.1,,9.1,worldgovernmentbonds,2026-08-01T18:05:16+00:00
cds_us_5y,2021-04-20,2021-04-20,9.1,,9.1,worldgovernmentbonds,2026-08-01T18:05:16+00:00
cds_us_5y,2021-04-21,2021-04-21,9.1,,9.1,worldgovernmentbonds,2026-08-01T18:05:16+00:00
cds_us_5y,2021-04-22,2021-04-22,8.9,,9.1,worldgovernmentbonds,2026-08-01T18:05:16+00:00
cds_us_5y,2021-04-23,2021-04-23,8.9,,8.9,worldgovernmentbonds,2026-08-01T18:05:16+00:00
cds_us_5y,2021-04-24,2021-04-24,8.9,,8.9,worldgovernmentbonds,2026-08-01T18:05:16+00:00
cds_us_5y,2021-04-25,2021-04-25,8.9,,8.9,worldgovernmentbonds,2026-08-01T18:05:16+00:00
cds_us_5y,2021-04-26,2021-04-26,8.9,,8.9,worldgovernmentbonds,2026-08-01T18:05:16+00:00
cds_us_5y,2021-04-27,2021-04-27,8.9,,8.9,worldgovernmentbonds,2026-08-01T18:05:16+00:00
cds_us_5y,2021-04-28,2021-04-28,8.9,,8.9,worldgovernmentbonds,2026-08-01T18:05:16+00:00
cds_us_5y,2021-04-29,2021-04-29,8.9,,8.9,worldgovernmentbonds,2026-08-01T18:05:16+00:00
cds_us_5y,2021-04-30,2021-04-30,8.9,,8.9,worldgovernmentbonds,2026-08-01T18:05:16+00:00
cds_us_5y,2021-05-01,2021-05-01,8.9,,8.9,worldgovernmentbonds,2026-08-01T18:05:16+00:00
cds_us_5y,2021-05-02,2021-05-02,8.9,,8.9,worldgovernmentbonds,2026-08-01T18:05:16+00:00
cds_us_5y,2021-05-03,2021-05-03,8.9,,8.9,worldgovernmentbonds,2026-08-01T18:05:16+00:00
cds_us_5y,2021-05-04,2021-05-04,8.9,,8.9,worldgovernmentbonds,2026-08-01T18:05:16+00:00
cds_us_5y,2021-05-05,2021-05-05,8.9,,8.9,worldgovernmentbonds,2026-08-01T18:05:16+00:00
cds_us_5y,2021-05-06,2021-05-06,8.9,,8.9,worldgovernmentbonds,2026-08-01T18:05:16+00:00
cds_us_5y,2021-05-07,2021-05-07,8.9,,8.9,worldgovernmentbonds,2026-08-01T18:05:16+00:00
cds_us_5y,2021-05-08,2021-05-08,8.9,,8.9,worldgovernmentbonds,2026-08-01T18:05:16+00:00
cds_us_5y,2021-05-09,2021-05-09,8.9,,8.9,worldgovernmentbonds,2026-08-01T18:05:16+00:00
cds_us_5y,2021-05-10,2021-05-10,8.9,,8.9,worldgovernmentbonds,2026-08-01T18:05:16+00:00
cds_us_5y,2021-05-11,2021-05-11,8.9,,8.9,worldgovernmentbonds,2026-08-01T18:05:16+00:00
cds_us_5y,2021-05-12,2021-05-12,9.5,,8.9,worldgovernmentbonds,2026-08-01T18:05:16+00:00
cds_us_5y,2021-05-13,2021-05-13,9.5,,9.5,worldgovernmentbonds,2026-08-01T18:05:16+00:00
cds_us_5y,2021-05-14,2021-05-14,9.5,,9.5,worldgovernmentbonds,2026-08-01T18:05:16+00:00
cds_us_5y,2021-05-15,2021-05-15,9.5,,9.5,worldgovernmentbonds,2026-08-01T18:05:16+00:00
cds_us_5y,2021-05-16,2021-05-16,9.5,,9.5,worldgovernmentbonds,2026-08-01T18:05:16+00:00
cds_us_5y,2021-05-17,2021-05-17,9.5,,9.5,worldgovernmentbonds,2026-08-01T18:05:16+00:00
cds_us_5y,2021-05-18,2021-05-18,9.5,,9.5,worldgovernmentbonds,2026-08-01T18:05:16+00:00
cds_us_5y,2021-05-19,2021-05-19,9.5,,9.5,worldgovernmentbonds,2026-08-01T18:05:16+00:00
cds_us_5y,2021-05-20,2021-05-20,9.5,,9.5,worldgovernmentbonds,2026-08-01T18:05:16+00:00
cds_us_5y,2021-05-21,2021-05-21,9.5,,9.5,worldgovernmentbonds,2026-08-01T18:05:16+00:00
cds_us_5y,2021-05-22,2021-05-22,9.5,,9.5,worldgovernmentbonds,2026-08-01T18:05:16+00:00
cds_us_5y,2021-05-23,2021-05-23,9.5,,9.5,worldgovernmentbonds,2026-08-01T18:05:16+00:00
cds_us_5y,2021-05-24,2021-05-24,9.5,,9.5,worldgovernmentbonds,2026-08-01T18:05:16+00:00
cds_us_5y,2021-05-25,2021-05-25,9.5,,9.5,worldgovernmentbonds,2026-08-01T18:05:16+00:00
cds_us_5y,2021-05-26,2021-05-26,9.5,,9.5,worldgovernmentbonds,2026-08-01T18:05:16+00:00
cds_us_5y,2021-05-27,2021-05-27,9.5,,9.5,worldgovernmentbonds,2026-08-01T18:05:16+00:00
cds_us_5y,2021-05-28,2021-05-28,9.5,,9.5,worldgovernmentbonds,2026-08-01T18:05:16+00:00
cds_us_5y,2021-05-29,2021-05-29,9.5,,9.5,worldgovernmentbonds,2026-08-01T18:05:16+00:00
cds_us_5y,2021-05-30,2021-05-30,9.5,,9.5,worldgovernmentbonds,2026-08-01T18:05:16+00:00
cds_us_5y,2021-05-31,2021-05-31,9.5,,9.5,worldgovernmentbonds,2026-08-01T18:05:16+00:00
cds_us_5y,2021-06-01,2021-06-01,9.5,,9.5,worldgovernmentbonds,2026-08-01T18:05:16+00:00
cds_us_5y,2021-06-02,2021-06-02,9.5,,9.5,worldgovernmentbonds,2026-08-01T18:05:16+00:00
cds_us_5y,2021-06-03,2021-06-03,10.6,,9.5,worldgovernmentbonds,2026-08-01T18:05:16+00:00
cds_us_5y,2021-06-04,2021-06-04,9.9,,10.6,worldgovernmentbonds,2026-08-01T18:05:16+00:00
cds_us_5y,2021-06-05,2021-06-05,10.4,,9.9,worldgovernmentbonds,2026-08-01T18:05:16+00:00
cds_us_5y,2021-06-06,2021-06-06,10.4,,10.4,worldgovernmentbonds,2026-08-01T18:05:16+00:00
cds_us_5y,2021-06-07,2021-06-07,10.4,,10.4,worldgovernmentbonds,2026-08-01T18:05:16+00:00
cds_us_5y,2021-06-08,2021-06-08,10.6,,10.4,worldgovernmentbonds,2026-08-01T18:05:16+00:00
cds_us_5y,2021-06-09,2021-06-09,10.4,,10.6,worldgovernmentbonds,2026-08-01T18:05:16+00:00
cds_us_5y,2021-06-10,2021-06-10,10.4,,10.4,worldgovernmentbonds,2026-08-01T18:05:16+00:00
cds_us_5y,2021-06-11,2021-06-11,10.5,,10.4,worldgovernmentbonds,2026-08-01T18:05:16+00:00
cds_us_5y,2021-06-12,2021-06-12,10.4,,10.5,worldgovernmentbonds,2026-08-01T18:05:16+00:00
cds_us_5y,2021-06-13,2021-06-13,10.4,,10.4,worldgovernmentbonds,2026-08-01T18:05:16+00:00
cds_us_5y,2021-06-14,2021-06-14,10.4,,10.4,worldgovernmentbonds,2026-08-01T18:05:16+00:00
cds_us_5y,2021-06-15,2021-06-15,10.6,,10.4,worldgovernmentbonds,2026-08-01T18:05:16+00:00
cds_us_5y,2021-06-16,2021-06-16,10.4,,10.6,worldgovernmentbonds,2026-08-01T18:05:16+00:00
cds_us_5y,2021-06-17,2021-06-17,9.6,,10.4,worldgovernmentbonds,2026-08-01T18:05:16+00:00
cds_us_5y,2021-06-18,2021-06-18,8.4,,9.6,worldgovernmentbonds,2026-08-01T18:05:16+00:00
cds_us_5y,2021-06-19,2021-06-19,8.3,,8.4,worldgovernmentbonds,2026-08-01T18:05:16+00:00
cds_us_5y,2021-06-20,2021-06-20,8.3,,8.3,worldgovernmentbonds,2026-08-01T18:05:16+00:00
cds_us_5y,2021-06-21,2021-06-21,8.3,,8.3,worldgovernmentbonds,2026-08-01T18:05:16+00:00
cds_us_5y,2021-06-22,2021-06-22,8.2,,8.3,worldgovernmentbonds,2026-08-01T18:05:16+00:00
cds_us_5y,2021-06-23,2021-06-23,9.3,,8.2,worldgovernmentbonds,2026-08-01T18:05:16+00:00
cds_us_5y,2021-06-24,2021-06-24,9.5,,9.3,worldgovernmentbonds,2026-08-01T18:05:16+00:00
cds_us_5y,2021-06-25,2021-06-25,8.6,,9.5,worldgovernmentbonds,2026-08-01T18:05:16+00:00
cds_us_5y,2021-06-26,2021-06-26,9.4,,8.6,worldgovernmentbonds,2026-08-01T18:05:16+00:00
cds_us_5y,2021-06-27,2021-06-27,9.4,,9.4,worldgovernmentbonds,2026-08-01T18:05:16+00:00
cds_us_5y,2021-06-28,2021-06-28,9.4,,9.4,worldgovernmentbonds,2026-08-01T18:05:16+00:00
cds_us_5y,2021-06-29,2021-06-29,9.4,,9.4,worldgovernmentbonds,2026-08-01T18:05:16+00:00
cds_us_5y,2021-06-30,2021-06-30,10.7,,9.4,worldgovernmentbonds,2026-08-01T18:05:16+00:00
cds_us_5y,2021-07-01,2021-07-01,10.7,,10.7,worldgovernmentbonds,2026-08-01T18:05:16+00:00
cds_us_5y,2021-07-02,2021-07-02,9.9,,10.7,worldgovernmentbonds,2026-08-01T18:05:16+00:00
cds_us_5y,2021-07-03,2021-07-03,9.7,,9.9,worldgovernmentbonds,2026-08-01T18:05:16+00:00
cds_us_5y,2021-07-04,2021-07-04,9.7,,9.7,worldgovernmentbonds,2026-08-01T18:05:16+00:00
cds_us_5y,2021-07-05,2021-07-05,9.7,,9.7,worldgovernmentbonds,2026-08-01T18:05:16+00:00
cds_us_5y,2021-07-06,2021-07-06,9.7,,9.7,worldgovernmentbonds,2026-08-01T18:05:16+00:00
cds_us_5y,2021-07-07,2021-07-07,9.7,,9.7,worldgovernmentbonds,2026-08-01T18:05:16+00:00
cds_us_5y,2021-07-08,2021-07-08,9.7,,9.7,worldgovernmentbonds,2026-08-01T18:05:16+00:00
cds_us_5y,2021-07-09,2021-07-09,9.7,,9.7,worldgovernmentbonds,2026-08-01T18:05:16+00:00
cds_us_5y,2021-07-10,2021-07-10,9.7,,9.7,worldgovernmentbonds,2026-08-01T18:05:16+00:00
cds_us_5y,2021-07-11,2021-07-11,9.7,,9.7,worldgovernmentbonds,2026-08-01T18:05:16+00:00
cds_us_5y,2021-07-12,2021-07-12,9.7,,9.7,worldgovernmentbonds,2026-08-01T18:05:16+00:00
cds_us_5y,2021-07-13,2021-07-13,9.4,,9.7,worldgovernmentbonds,2026-08-01T18:05:16+00:00
cds_us_5y,2021-07-14,2021-07-14,9.4,,9.4,worldgovernmentbonds,2026-08-01T18:05:16+00:00
cds_us_5y,2021-07-15,2021-07-15,9.4,,9.4,worldgovernmentbonds,2026-08-01T18:05:16+00:00
cds_us_5y,2021-07-16,2021-07-16,9.4,,9.4,worldgovernmentbonds,2026-08-01T18:05:16+00:00
cds_us_5y,2021-07-17,2021-07-17,9.4,,9.4,worldgovernmentbonds,2026-08-01T18:05:16+00:00
cds_us_5y,2021-07-18,2021-07-18,9.4,,9.4,worldgovernmentbonds,2026-08-01T18:05:16+00:00
cds_us_5y,2021-07-19,2021-07-19,9.4,,9.4,worldgovernmentbonds,2026-08-01T18:05:16+00:00
cds_us_5y,2021-07-20,2021-07-20,9.3,,9.4,worldgovernmentbonds,2026-08-01T18:05:16+00:00
cds_us_5y,2021-07-21,2021-07-21,9.4,,9.3,worldgovernmentbonds,2026-08-01T18:05:16+00:00
cds_us_5y,2021-07-22,2021-07-22,9.5,,9.4,worldgovernmentbonds,2026-08-01T18:05:16+00:00
cds_us_5y,2021-07-23,2021-07-23,9.5,,9.5,worldgovernmentbonds,2026-08-01T18:05:16+00:00
cds_us_5y,2021-07-24,2021-07-24,9.5,,9.5,worldgovernmentbonds,2026-08-01T18:05:16+00:00
cds_us_5y,2021-07-25,2021-07-25,9.5,,9.5,worldgovernmentbonds,2026-08-01T18:05:16+00:00
cds_us_5y,2021-07-26,2021-07-26,9.5,,9.5,worldgovernmentbonds,2026-08-01T18:05:16+00:00
cds_us_5y,2021-07-27,2021-07-27,9.5,,9.5,worldgovernmentbonds,2026-08-01T18:05:16+00:00
cds_us_5y,2021-07-28,2021-07-28,9.5,,9.5,worldgovernmentbonds,2026-08-01T18:05:16+00:00
cds_us_5y,2021-07-29,2021-07-29,9.5,,9.5,worldgovernmentbonds,2026-08-01T18:05:16+00:00
cds_us_5y,2021-07-30,2021-07-30,9.5,,9.5,worldgovernmentbonds,2026-08-01T18:05:16+00:00
cds_us_5y,2021-07-31,2021-07-31,9.5,,9.5,worldgovernmentbonds,2026-08-01T18:05:16+00:00
cds_us_5y,2021-08-01,2021-08-01,9.5,,9.5,worldgovernmentbonds,2026-08-01T18:05:16+00:00
cds_us_5y,2021-08-02,2021-08-02,9.5,,9.5,worldgovernmentbonds,2026-08-01T18:05:16+00:00
cds_us_5y,2021-08-03,2021-08-03,9.5,,9.5,worldgovernmentbonds,2026-08-01T18:05:16+00:00
cds_us_5y,2021-08-04,2021-08-04,9.5,,9.5,worldgovernmentbonds,2026-08-01T18:05:16+00:00
cds_us_5y,2021-08-05,2021-08-05,9.5,,9.5,worldgovernmentbonds,2026-08-01T18:05:16+00:00
cds_us_5y,2021-08-06,2021-08-06,9.5,,9.5,worldgovernmentbonds,2026-08-01T18:05:16+00:00
cds_us_5y,2021-08-07,2021-08-07,9.5,,9.5,worldgovernmentbonds,2026-08-01T18:05:16+00:00
cds_us_5y,2021-08-08,2021-08-08,9.5,,9.5,worldgovernmentbonds,2026-08-01T18:05:16+00:00
cds_us_5y,2021-08-09,2021-08-09,9.5,,9.5,worldgovernmentbonds,2026-08-01T18:05:16+00:00
cds_us_5y,2021-08-10,2021-08-10,9.5,,9.5,worldgovernmentbonds,2026-08-01T18:05:16+00:00
cds_us_5y,2021-08-11,2021-08-11,9.5,,9.5,worldgovernmentbonds,2026-08-01T18:05:16+00:00
cds_us_5y,2021-08-12,2021-08-12,9.5,,9.5,worldgovernmentbonds,2026-08-01T18:05:16+00:00
cds_us_5y,2021-08-13,2021-08-13,9.5,,9.5,worldgovernmentbonds,2026-08-01T18:05:16+00:00
cds_us_5y,2021-08-14,2021-08-14,9.5,,9.5,worldgovernmentbonds,2026-08-01T18:05:16+00:00
cds_us_5y,2021-08-15,2021-08-15,9.5,,9.5,worldgovernmentbonds,2026-08-01T18:05:16+00:00
cds_us_5y,2021-08-16,2021-08-16,9.5,,9.5,worldgovernmentbonds,2026-08-01T18:05:16+00:00
cds_us_5y,2021-08-17,2021-08-17,9.7,,9.5,worldgovernmentbonds,2026-08-01T18:05:16+00:00
cds_us_5y,2021-08-18,2021-08-18,9.8,,9.7,worldgovernmentbonds,2026-08-01T18:05:16+00:00
cds_us_5y,2021-08-19,2021-08-19,9.9,,9.8,worldgovernmentbonds,2026-08-01T18:05:16+00:00
cds_us_5y,2021-08-20,2021-08-20,9.9,,9.9,worldgovernmentbonds,2026-08-01T18:05:16+00:00
cds_us_5y,2021-08-21,2021-08-21,10.0,,9.9,worldgovernmentbonds,2026-08-01T18:05:16+00:00
cds_us_5y,2021-08-22,2021-08-22,10.0,,10.0,worldgovernmentbonds,2026-08-01T18:05:16+00:00
cds_us_5y,2021-08-23,2021-08-23,10.0,,10.0,worldgovernmentbonds,2026-08-01T18:05:16+00:00
cds_us_5y,2021-08-24,2021-08-24,10.0,,10.0,worldgovernmentbonds,2026-08-01T18:05:16+00:00
cds_us_5y,2021-08-25,2021-08-25,10.0,,10.0,worldgovernmentbonds,2026-08-01T18:05:16+00:00
cds_us_5y,2021-08-26,2021-08-26,10.0,,10.0,worldgovernmentbonds,2026-08-01T18:05:16+00:00
cds_us_5y,2021-08-27,2021-08-27,10.0,,10.0,worldgovernmentbonds,2026-08-01T18:05:16+00:00
cds_us_5y,2021-08-28,2021-08-28,10.0,,10.0,worldgovernmentbonds,2026-08-01T18:05:16+00:00
cds_us_5y,2021-08-29,2021-08-29,10.0,,10.0,worldgovernmentbonds,2026-08-01T18:05:16+00:00
cds_us_5y,2021-08-30,2021-08-30,10.0,,10.0,worldgovernmentbonds,2026-08-01T18:05:16+00:00
cds_us_5y,2021-08-31,2021-08-31,10.0,,10.0,worldgovernmentbonds,2026-08-01T18:05:16+00:00
cds_us_5y,2021-09-01,2021-09-01,10.0,,10.0,worldgovernmentbonds,2026-08-01T18:05:16+00:00
cds_us_5y,2021-09-02,2021-09-02,10.0,,10.0,worldgovernmentbonds,2026-08-01T18:05:16+00:00
cds_us_5y,2021-09-03,2021-09-03,10.0,,10.0,worldgovernmentbonds,2026-08-01T18:05:16+00:00
cds_us_5y,2021-09-04,2021-09-04,10.0,,10.0,worldgovernmentbonds,2026-08-01T18:05:16+00:00
cds_us_5y,2021-09-05,2021-09-05,10.0,,10.0,worldgovernmentbonds,2026-08-01T18:05:16+00:00
cds_us_5y,2021-09-06,2021-09-06,10.0,,10.0,worldgovernmentbonds,2026-08-01T18:05:16+00:00
cds_us_5y,2021-09-07,2021-09-07,10.0,,10.0,worldgovernmentbonds,2026-08-01T18:05:16+00:00
cds_us_5y,2021-09-08,2021-09-08,10.0,,10.0,worldgovernmentbonds,2026-08-01T18:05:16+00:00
cds_us_5y,2021-09-09,2021-09-09,10.0,,10.0,worldgovernmentbonds,2026-08-01T18:05:16+00:00
cds_us_5y,2021-09-10,2021-09-10,10.0,,10.0,worldgovernmentbonds,2026-08-01T18:05:16+00:00
cds_us_5y,2021-09-11,2021-09-11,10.3,,10.0,worldgovernmentbonds,2026-08-01T18:05:16+00:00
cds_us_5y,2021-09-12,2021-09-12,10.3,,10.3,worldgovernmentbonds,2026-08-01T18:05:16+00:00
cds_us_5y,2021-09-13,2021-09-13,10.3,,10.3,worldgovernmentbonds,2026-08-01T18:05:16+00:00
cds_us_5y,2021-09-14,2021-09-14,10.5,,10.3,worldgovernmentbonds,2026-08-01T18:05:16+00:00
cds_us_5y,2021-09-15,2021-09-15,10.7,,10.5,worldgovernmentbonds,2026-08-01T18:05:16+00:00
cds_us_5y,2021-09-16,2021-09-16,11.6,,10.7,worldgovernmentbonds,2026-08-01T18:05:16+00:00
cds_us_5y,2021-09-17,2021-09-17,12.4,,11.6,worldgovernmentbonds,2026-08-01T18:05:16+00:00
cds_us_5y,2021-09-18,2021-09-18,12.3,,12.4,worldgovernmentbonds,2026-08-01T18:05:16+00:00
cds_us_5y,2021-09-19,2021-09-19,12.3,,12.3,worldgovernmentbonds,2026-08-01T18:05:16+00:00
cds_us_5y,2021-09-20,2021-09-20,12.3,,12.3,worldgovernmentbonds,2026-08-01T18:05:16+00:00
cds_us_5y,2021-09-21,2021-09-21,13.6,,12.3,worldgovernmentbonds,2026-08-01T18:05:16+00:00
cds_us_5y,2021-09-22,2021-09-22,13.6,,13.6,worldgovernmentbonds,2026-08-01T18:05:16+00:00
cds_us_5y,2021-09-23,2021-09-23,13.2,,13.6,worldgovernmentbonds,2026-08-01T18:05:16+00:00
cds_us_5y,2021-09-24,2021-09-24,13.0,,13.2,worldgovernmentbonds,2026-08-01T18:05:16+00:00
cds_us_5y,2021-09-25,2021-09-25,12.2,,13.0,worldgovernmentbonds,2026-08-01T18:05:16+00:00
cds_us_5y,2021-09-26,2021-09-26,12.2,,12.2,worldgovernmentbonds,2026-08-01T18:05:16+00:00
cds_us_5y,2021-09-27,2021-09-27,12.2,,12.2,worldgovernmentbonds,2026-08-01T18:05:16+00:00
cds_us_5y,2021-09-28,2021-09-28,12.7,,12.2,worldgovernmentbonds,2026-08-01T18:05:16+00:00
cds_us_5y,2021-09-29,2021-09-29,13.0,,12.7,worldgovernmentbonds,2026-08-01T18:05:16+00:00
cds_us_5y,2021-09-30,2021-09-30,14.1,,13.0,worldgovernmentbonds,2026-08-01T18:05:16+00:00
cds_us_5y,2021-10-01,2021-10-01,15.0,,14.1,worldgovernmentbonds,2026-08-01T18:05:16+00:00
cds_us_5y,2021-10-02,2021-10-02,15.6,,15.0,worldgovernmentbonds,2026-08-01T18:05:16+00:00
cds_us_5y,2021-10-03,2021-10-03,15.6,,15.6,worldgovernmentbonds,2026-08-01T18:05:16+00:00
cds_us_5y,2021-10-04,2021-10-04,15.6,,15.6,worldgovernmentbonds,2026-08-01T18:05:16+00:00
cds_us_5y,2021-10-05,2021-10-05,15.4,,15.6,worldgovernmentbonds,2026-08-01T18:05:16+00:00
cds_us_5y,2021-10-06,2021-10-06,15.6,,15.4,worldgovernmentbonds,2026-08-01T18:05:16+00:00
cds_us_5y,2021-10-07,2021-10-07,17.4,,15.6,worldgovernmentbonds,2026-08-01T18:05:16+00:00
cds_us_5y,2021-10-08,2021-10-08,14.1,,17.4,worldgovernmentbonds,2026-08-01T18:05:16+00:00
cds_us_5y,2021-10-09,2021-10-09,13.9,,14.1,worldgovernmentbonds,2026-08-01T18:05:16+00:00
cds_us_5y,2021-10-10,2021-10-10,13.9,,13.9,worldgovernmentbonds,2026-08-01T18:05:16+00:00
cds_us_5y,2021-10-11,2021-10-11,13.9,,13.9,worldgovernmentbonds,2026-08-01T18:05:16+00:00
cds_us_5y,2021-10-12,2021-10-12,13.7,,13.9,worldgovernmentbonds,2026-08-01T18:05:16+00:00
cds_us_5y,2021-10-13,2021-10-13,13.6,,13.7,worldgovernmentbonds,2026-08-01T18:05:16+00:00
cds_us_5y,2021-10-14,2021-10-14,13.6,,13.6,worldgovernmentbonds,2026-08-01T18:05:16+00:00
cds_us_5y,2021-10-15,2021-10-15,13.6,,13.6,worldgovernmentbonds,2026-08-01T18:05:16+00:00
cds_us_5y,2021-10-16,2021-10-16,13.4,,13.6,worldgovernmentbonds,2026-08-01T18:05:16+00:00
cds_us_5y,2021-10-17,2021-10-17,13.4,,13.4,worldgovernmentbonds,2026-08-01T18:05:16+00:00
cds_us_5y,2021-10-18,2021-10-18,13.4,,13.4,worldgovernmentbonds,2026-08-01T18:05:16+00:00
cds_us_5y,2021-10-19,2021-10-19,13.3,,13.4,worldgovernmentbonds,2026-08-01T18:05:16+00:00
cds_us_5y,2021-10-20,2021-10-20,13.2,,13.3,worldgovernmentbonds,2026-08-01T18:05:16+00:00
cds_us_5y,2021-10-21,2021-10-21,13.2,,13.2,worldgovernmentbonds,2026-08-01T18:05:16+00:00
cds_us_5y,2021-10-22,2021-10-22,13.2,,13.2,worldgovernmentbonds,2026-08-01T18:05:16+00:00
cds_us_5y,2021-10-23,2021-10-23,13.2,,13.2,worldgovernmentbonds,2026-08-01T18:05:16+00:00
cds_us_5y,2021-10-24,2021-10-24,13.2,,13.2,worldgovernmentbonds,2026-08-01T18:05:16+00:00
cds_us_5y,2021-10-25,2021-10-25,13.2,,13.2,worldgovernmentbonds,2026-08-01T18:05:16+00:00
cds_us_5y,2021-10-26,2021-10-26,13.2,,13.2,worldgovernmentbonds,2026-08-01T18:05:16+00:00
cds_us_5y,2021-10-27,2021-10-27,13.2,,13.2,worldgovernmentbonds,2026-08-01T18:05:16+00:00
cds_us_5y,2021-10-28,2021-10-28,13.5,,13.2,worldgovernmentbonds,2026-08-01T18:05:16+00:00
cds_us_5y,2021-10-29,2021-10-29,13.6,,13.5,worldgovernmentbonds,2026-08-01T18:05:16+00:00
cds_us_5y,2021-10-30,2021-10-30,13.7,,13.6,worldgovernmentbonds,2026-08-01T18:05:16+00:00
cds_us_5y,2021-10-31,2021-10-31,13.7,,13.7,worldgovernmentbonds,2026-08-01T18:05:16+00:00
cds_us_5y,2021-11-01,2021-11-01,13.7,,13.7,worldgovernmentbonds,2026-08-01T18:05:16+00:00
cds_us_5y,2021-11-02,2021-11-02,13.6,,13.7,worldgovernmentbonds,2026-08-01T18:05:16+00:00
cds_us_5y,2021-11-03,2021-11-03,13.7,,13.6,worldgovernmentbonds,2026-08-01T18:05:16+00:00
cds_us_5y,2021-11-04,2021-11-04,13.7,,13.7,worldgovernmentbonds,2026-08-01T18:05:16+00:00
cds_us_5y,2021-11-05,2021-11-05,13.7,,13.7,worldgovernmentbonds,2026-08-01T18:05:16+00:00
cds_us_5y,2021-11-06,2021-11-06,13.7,,13.7,worldgovernmentbonds,2026-08-01T18:05:16+00:00
cds_us_5y,2021-11-07,2021-11-07,13.7,,13.7,worldgovernmentbonds,2026-08-01T18:05:16+00:00
cds_us_5y,2021-11-08,2021-11-08,13.7,,13.7,worldgovernmentbonds,2026-08-01T18:05:16+00:00
cds_us_5y,2021-11-09,2021-11-09,13.7,,13.7,worldgovernmentbonds,2026-08-01T18:05:16+00:00
cds_us_5y,2021-11-10,2021-11-10,13.7,,13.7,worldgovernmentbonds,2026-08-01T18:05:16+00:00
cds_us_5y,2021-11-11,2021-11-11,13.7,,13.7,worldgovernmentbonds,2026-08-01T18:05:16+00:00
cds_us_5y,2021-11-12,2021-11-12,13.7,,13.7,worldgovernmentbonds,2026-08-01T18:05:16+00:00
cds_us_5y,2021-11-13,2021-11-13,13.7,,13.7,worldgovernmentbonds,2026-08-01T18:05:16+00:00
cds_us_5y,2021-11-14,2021-11-14,13.7,,13.7,worldgovernmentbonds,2026-08-01T18:05:16+00:00
cds_us_5y,2021-11-15,2021-11-15,13.7,,13.7,worldgovernmentbonds,2026-08-01T18:05:16+00:00
cds_us_5y,2021-11-16,2021-11-16,13.7,,13.7,worldgovernmentbonds,2026-08-01T18:05:16+00:00
cds_us_5y,2021-11-17,2021-11-17,13.7,,13.7,worldgovernmentbonds,2026-08-01T18:05:16+00:00
cds_us_5y,2021-11-18,2021-11-18,14.0,,13.7,worldgovernmentbonds,2026-08-01T18:05:16+00:00
cds_us_5y,2021-11-19,2021-11-19,14.6,,14.0,worldgovernmentbonds,2026-08-01T18:05:16+00:00
cds_us_5y,2021-11-20,2021-11-20,15.4,,14.6,worldgovernmentbonds,2026-08-01T18:05:16+00:00
cds_us_5y,2021-11-21,2021-11-21,15.4,,15.4,worldgovernmentbonds,2026-08-01T18:05:16+00:00
cds_us_5y,2021-11-22,2021-11-22,15.4,,15.4,worldgovernmentbonds,2026-08-01T18:05:16+00:00
cds_us_5y,2021-11-23,2021-11-23,15.9,,15.4,worldgovernmentbonds,2026-08-01T18:05:16+00:00
cds_us_5y,2021-11-24,2021-11-24,15.7,,15.9,worldgovernmentbonds,2026-08-01T18:05:16+00:00
cds_us_5y,2021-11-25,2021-11-25,15.6,,15.7,worldgovernmentbonds,2026-08-01T18:05:16+00:00
cds_us_5y,2021-11-26,2021-11-26,15.6,,15.6,worldgovernmentbonds,2026-08-01T18:05:16+00:00
cds_us_5y,2021-11-27,2021-11-27,16.0,,15.6,worldgovernmentbonds,2026-08-01T18:05:16+00:00
cds_us_5y,2021-11-28,2021-11-28,16.0,,16.0,worldgovernmentbonds,2026-08-01T18:05:16+00:00
cds_us_5y,2021-11-29,2021-11-29,16.0,,16.0,worldgovernmentbonds,2026-08-01T18:05:16+00:00
cds_us_5y,2021-11-30,2021-11-30,16.1,,16.0,worldgovernmentbonds,2026-08-01T18:05:16+00:00
cds_us_5y,2021-12-01,2021-12-01,15.9,,16.1,worldgovernmentbonds,2026-08-01T18:05:16+00:00
cds_us_5y,2021-12-02,2021-12-02,15.8,,15.9,worldgovernmentbonds,2026-08-01T18:05:16+00:00
cds_us_5y,2021-12-03,2021-12-03,14.9,,15.8,worldgovernmentbonds,2026-08-01T18:05:16+00:00
cds_us_5y,2021-12-04,2021-12-04,14.3,,14.9,worldgovernmentbonds,2026-08-01T18:05:16+00:00
cds_us_5y,2021-12-05,2021-12-05,14.3,,14.3,worldgovernmentbonds,2026-08-01T18:05:16+00:00
cds_us_5y,2021-12-06,2021-12-06,14.3,,14.3,worldgovernmentbonds,2026-08-01T18:05:16+00:00
cds_us_5y,2021-12-07,2021-12-07,14.0,,14.3,worldgovernmentbonds,2026-08-01T18:05:16+00:00
cds_us_5y,2021-12-08,2021-12-08,13.9,,14.0,worldgovernmentbonds,2026-08-01T18:05:16+00:00
cds_us_5y,2021-12-09,2021-12-09,13.7,,13.9,worldgovernmentbonds,2026-08-01T18:05:16+00:00
cds_us_5y,2021-12-10,2021-12-10,13.6,,13.7,worldgovernmentbonds,2026-08-01T18:05:16+00:00
cds_us_5y,2021-12-11,2021-12-11,13.6,,13.6,worldgovernmentbonds,2026-08-01T18:05:16+00:00
cds_us_5y,2021-12-12,2021-12-12,13.6,,13.6,worldgovernmentbonds,2026-08-01T18:05:16+00:00
cds_us_5y,2021-12-13,2021-12-13,13.6,,13.6,worldgovernmentbonds,2026-08-01T18:05:16+00:00
cds_us_5y,2021-12-14,2021-12-14,13.6,,13.6,worldgovernmentbonds,2026-08-01T18:05:16+00:00
cds_us_5y,2021-12-15,2021-12-15,13.5,,13.6,worldgovernmentbonds,2026-08-01T18:05:16+00:00
cds_us_5y,2021-12-16,2021-12-16,12.9,,13.5,worldgovernmentbonds,2026-08-01T18:05:16+00:00
cds_us_5y,2021-12-17,2021-12-17,12.4,,12.9,worldgovernmentbonds,2026-08-01T18:05:16+00:00
cds_us_5y,2021-12-18,2021-12-18,12.1,,12.4,worldgovernmentbonds,2026-08-01T18:05:16+00:00
cds_us_5y,2021-12-19,2021-12-19,12.1,,12.1,worldgovernmentbonds,2026-08-01T18:05:16+00:00
cds_us_5y,2021-12-20,2021-12-20,12.1,,12.1,worldgovernmentbonds,2026-08-01T18:05:16+00:00
cds_us_5y,2021-12-21,2021-12-21,11.8,,12.1,worldgovernmentbonds,2026-08-01T18:05:16+00:00
cds_us_5y,2021-12-22,2021-12-22,11.7,,11.8,worldgovernmentbonds,2026-08-01T18:05:16+00:00
cds_us_5y,2021-12-23,2021-12-23,11.7,,11.7,worldgovernmentbonds,2026-08-01T18:05:16+00:00
cds_us_5y,2021-12-24,2021-12-24,11.7,,11.7,worldgovernmentbonds,2026-08-01T18:05:16+00:00
cds_us_5y,2021-12-25,2021-12-25,11.7,,11.7,worldgovernmentbonds,2026-08-01T18:05:16+00:00
cds_us_5y,2021-12-26,2021-12-26,11.7,,11.7,worldgovernmentbonds,2026-08-01T18:05:16+00:00
cds_us_5y,2021-12-27,2021-12-27,11.7,,11.7,worldgovernmentbonds,2026-08-01T18:05:16+00:00
cds_us_5y,2021-12-28,2021-12-28,11.6,,11.7,worldgovernmentbonds,2026-08-01T18:05:16+00:00
cds_us_5y,2021-12-29,2021-12-29,11.6,,11.6,worldgovernmentbonds,2026-08-01T18:05:16+00:00
cds_us_5y,2021-12-30,2021-12-30,11.7,,11.6,worldgovernmentbonds,2026-08-01T18:05:16+00:00
cds_us_5y,2021-12-31,2021-12-31,11.6,,11.7,worldgovernmentbonds,2026-08-01T18:05:16+00:00
cds_us_5y,2022-01-01,2022-01-01,11.7,,11.6,worldgovernmentbonds,2026-08-01T18:05:16+00:00
cds_us_5y,2022-01-02,2022-01-02,11.7,,11.7,worldgovernmentbonds,2026-08-01T18:05:16+00:00
cds_us_5y,2022-01-03,2022-01-03,11.7,,11.7,worldgovernmentbonds,2026-08-01T18:05:16+00:00
cds_us_5y,2022-01-04,2022-01-04,11.6,,11.7,worldgovernmentbonds,2026-08-01T18:05:16+00:00
cds_us_5y,2022-01-05,2022-01-05,11.7,,11.6,worldgovernmentbonds,2026-08-01T18:05:16+00:00
cds_us_5y,2022-01-06,2022-01-06,11.7,,11.7,worldgovernmentbonds,2026-08-01T18:05:16+00:00
cds_us_5y,2022-01-07,2022-01-07,11.7,,11.7,worldgovernmentbonds,2026-08-01T18:05:16+00:00
cds_us_5y,2022-01-08,2022-01-08,11.7,,11.7,worldgovernmentbonds,2026-08-01T18:05:16+00:00
cds_us_5y,2022-01-09,2022-01-09,11.7,,11.7,worldgovernmentbonds,2026-08-01T18:05:16+00:00
cds_us_5y,2022-01-10,2022-01-10,11.7,,11.7,worldgovernmentbonds,2026-08-01T18:05:16+00:00
cds_us_5y,2022-01-11,2022-01-11,11.7,,11.7,worldgovernmentbonds,2026-08-01T18:05:16+00:00
cds_us_5y,2022-01-12,2022-01-12,11.7,,11.7,worldgovernmentbonds,2026-08-01T18:05:16+00:00
cds_us_5y,2022-01-13,2022-01-13,11.7,,11.7,worldgovernmentbonds,2026-08-01T18:05:16+00:00
cds_us_5y,2022-01-14,2022-01-14,11.7,,11.7,worldgovernmentbonds,2026-08-01T18:05:16+00:00
cds_us_5y,2022-01-15,2022-01-15,11.7,,11.7,worldgovernmentbonds,2026-08-01T18:05:16+00:00
cds_us_5y,2022-01-16,2022-01-16,11.7,,11.7,worldgovernmentbonds,2026-08-01T18:05:16+00:00
cds_us_5y,2022-01-17,2022-01-17,11.7,,11.7,worldgovernmentbonds,2026-08-01T18:05:16+00:00
cds_us_5y,2022-01-18,2022-01-18,11.7,,11.7,worldgovernmentbonds,2026-08-01T18:05:16+00:00
cds_us_5y,2022-01-19,2022-01-19,11.7,,11.7,worldgovernmentbonds,2026-08-01T18:05:16+00:00
cds_us_5y,2022-01-20,2022-01-20,11.7,,11.7,worldgovernmentbonds,2026-08-01T18:05:16+00:00
cds_us_5y,2022-01-21,2022-01-21,11.7,,11.7,worldgovernmentbonds,2026-08-01T18:05:16+00:00
cds_us_5y,2022-01-22,2022-01-22,11.7,,11.7,worldgovernmentbonds,2026-08-01T18:05:16+00:00
cds_us_5y,2022-01-23,2022-01-23,11.7,,11.7,worldgovernmentbonds,2026-08-01T18:05:16+00:00
cds_us_5y,2022-01-24,2022-01-24,11.7,,11.7,worldgovernmentbonds,2026-08-01T18:05:16+00:00
cds_us_5y,2022-01-25,2022-01-25,11.7,,11.7,worldgovernmentbonds,2026-08-01T18:05:16+00:00
cds_us_5y,2022-01-26,2022-01-26,11.7,,11.7,worldgovernmentbonds,2026-08-01T18:05:16+00:00
cds_us_5y,2022-01-27,2022-01-27,11.7,,11.7,worldgovernmentbonds,2026-08-01T18:05:16+00:00
cds_us_5y,2022-01-28,2022-01-28,11.7,,11.7,worldgovernmentbonds,2026-08-01T18:05:16+00:00
cds_us_5y,2022-01-29,2022-01-29,11.7,,11.7,worldgovernmentbonds,2026-08-01T18:05:16+00:00
cds_us_5y,2022-01-30,2022-01-30,11.7,,11.7,worldgovernmentbonds,2026-08-01T18:05:16+00:00
cds_us_5y,2022-01-31,2022-01-31,11.7,,11.7,worldgovernmentbonds,2026-08-01T18:05:16+00:00
cds_us_5y,2022-02-01,2022-02-01,11.7,,11.7,worldgovernmentbonds,2026-08-01T18:05:16+00:00
cds_us_5y,2022-02-02,2022-02-02,11.7,,11.7,worldgovernmentbonds,2026-08-01T18:05:16+00:00
cds_us_5y,2022-02-03,2022-02-03,11.7,,11.7,worldgovernmentbonds,2026-08-01T18:05:16+00:00
cds_us_5y,2022-02-04,2022-02-04,11.7,,11.7,worldgovernmentbonds,2026-08-01T18:05:16+00:00
cds_us_5y,2022-02-05,2022-02-05,11.6,,11.7,worldgovernmentbonds,2026-08-01T18:05:16+00:00
cds_us_5y,2022-02-06,2022-02-06,11.6,,11.6,worldgovernmentbonds,2026-08-01T18:05:16+00:00
cds_us_5y,2022-02-07,2022-02-07,11.6,,11.6,worldgovernmentbonds,2026-08-01T18:05:16+00:00
cds_us_5y,2022-02-08,2022-02-08,11.7,,11.6,worldgovernmentbonds,2026-08-01T18:05:16+00:00
cds_us_5y,2022-02-09,2022-02-09,11.7,,11.7,worldgovernmentbonds,2026-08-01T18:05:16+00:00
cds_us_5y,2022-02-10,2022-02-10,11.7,,11.7,worldgovernmentbonds,2026-08-01T18:05:16+00:00
cds_us_5y,2022-02-11,2022-02-11,11.7,,11.7,worldgovernmentbonds,2026-08-01T18:05:16+00:00
cds_us_5y,2022-02-12,2022-02-12,11.7,,11.7,worldgovernmentbonds,2026-08-01T18:05:16+00:00
cds_us_5y,2022-02-13,2022-02-13,11.7,,11.7,worldgovernmentbonds,2026-08-01T18:05:16+00:00
cds_us_5y,2022-02-14,2022-02-14,11.7,,11.7,worldgovernmentbonds,2026-08-01T18:05:16+00:00
cds_us_5y,2022-02-15,2022-02-15,11.7,,11.7,worldgovernmentbonds,2026-08-01T18:05:16+00:00
cds_us_5y,2022-02-16,2022-02-16,11.7,,11.7,worldgovernmentbonds,2026-08-01T18:05:16+00:00
cds_us_5y,2022-02-17,2022-02-17,11.7,,11.7,worldgovernmentbonds,2026-08-01T18:05:16+00:00
cds_us_5y,2022-02-18,2022-02-18,11.7,,11.7,worldgovernmentbonds,2026-08-01T18:05:16+00:00
cds_us_5y,2022-02-19,2022-02-19,11.7,,11.7,worldgovernmentbonds,2026-08-01T18:05:16+00:00
cds_us_5y,2022-02-20,2022-02-20,11.7,,11.7,worldgovernmentbonds,2026-08-01T18:05:16+00:00
cds_us_5y,2022-02-21,2022-02-21,11.7,,11.7,worldgovernmentbonds,2026-08-01T18:05:16+00:00
cds_us_5y,2022-02-22,2022-02-22,11.7,,11.7,worldgovernmentbonds,2026-08-01T18:05:16+00:00
cds_us_5y,2022-02-23,2022-02-23,11.7,,11.7,worldgovernmentbonds,2026-08-01T18:05:16+00:00
cds_us_5y,2022-02-24,2022-02-24,11.7,,11.7,worldgovernmentbonds,2026-08-01T18:05:16+00:00
cds_us_5y,2022-02-25,2022-02-25,11.7,,11.7,worldgovernmentbonds,2026-08-01T18:05:16+00:00
cds_us_5y,2022-02-26,2022-02-26,11.7,,11.7,worldgovernmentbonds,2026-08-01T18:05:16+00:00
cds_us_5y,2022-02-27,2022-02-27,11.7,,11.7,worldgovernmentbonds,2026-08-01T18:05:16+00:00
cds_us_5y,2022-02-28,2022-02-28,11.7,,11.7,worldgovernmentbonds,2026-08-01T18:05:16+00:00
cds_us_5y,2022-03-01,2022-03-01,12.1,,11.7,worldgovernmentbonds,2026-08-01T18:05:16+00:00
cds_us_5y,2022-03-02,2022-03-02,12.2,,12.1,worldgovernmentbonds,2026-08-01T18:05:16+00:00
cds_us_5y,2022-03-03,2022-03-03,13.1,,12.2,worldgovernmentbonds,2026-08-01T18:05:16+00:00
cds_us_5y,2022-03-04,2022-03-04,14.1,,13.1,worldgovernmentbonds,2026-08-01T18:05:16+00:00
cds_us_5y,2022-03-05,2022-03-05,14.7,,14.1,worldgovernmentbonds,2026-08-01T18:05:16+00:00
cds_us_5y,2022-03-06,2022-03-06,14.7,,14.7,worldgovernmentbonds,2026-08-01T18:05:16+00:00
cds_us_5y,2022-03-07,2022-03-07,14.7,,14.7,worldgovernmentbonds,2026-08-01T18:05:16+00:00
cds_us_5y,2022-03-08,2022-03-08,15.9,,14.7,worldgovernmentbonds,2026-08-01T18:05:16+00:00
cds_us_5y,2022-03-09,2022-03-09,16.1,,15.9,worldgovernmentbonds,2026-08-01T18:05:16+00:00
cds_us_5y,2022-03-10,2022-03-10,16.3,,16.1,worldgovernmentbonds,2026-08-01T18:05:16+00:00
cds_us_5y,2022-03-11,2022-03-11,16.4,,16.3,worldgovernmentbonds,2026-08-01T18:05:16+00:00
cds_us_5y,2022-03-12,2022-03-12,16.4,,16.4,worldgovernmentbonds,2026-08-01T18:05:16+00:00
cds_us_5y,2022-03-13,2022-03-13,16.4,,16.4,worldgovernmentbonds,2026-08-01T18:05:16+00:00
cds_us_5y,2022-03-14,2022-03-14,16.4,,16.4,worldgovernmentbonds,2026-08-01T18:05:16+00:00
cds_us_5y,2022-03-15,2022-03-15,16.5,,16.4,worldgovernmentbonds,2026-08-01T18:05:16+00:00
cds_us_5y,2022-03-16,2022-03-16,16.5,,16.5,worldgovernmentbonds,2026-08-01T18:05:16+00:00
cds_us_5y,2022-03-17,2022-03-17,16.1,,16.5,worldgovernmentbonds,2026-08-01T18:05:16+00:00
cds_us_5y,2022-03-18,2022-03-18,15.8,,16.1,worldgovernmentbonds,2026-08-01T18:05:16+00:00
cds_us_5y,2022-03-19,2022-03-19,15.7,,15.8,worldgovernmentbonds,2026-08-01T18:05:16+00:00
cds_us_5y,2022-03-20,2022-03-20,15.7,,15.7,worldgovernmentbonds,2026-08-01T18:05:16+00:00
cds_us_5y,2022-03-21,2022-03-21,15.7,,15.7,worldgovernmentbonds,2026-08-01T18:05:16+00:00
cds_us_5y,2022-03-22,2022-03-22,10.7,,15.7,worldgovernmentbonds,2026-08-01T18:05:16+00:00
cds_us_5y,2022-03-23,2022-03-23,11.8,,10.7,worldgovernmentbonds,2026-08-01T18:05:16+00:00
cds_us_5y,2022-03-24,2022-03-24,12.4,,11.8,worldgovernmentbonds,2026-08-01T18:05:16+00:00
cds_us_5y,2022-03-25,2022-03-25,12.7,,12.4,worldgovernmentbonds,2026-08-01T18:05:16+00:00
cds_us_5y,2022-03-26,2022-03-26,12.7,,12.7,worldgovernmentbonds,2026-08-01T18:05:16+00:00
cds_us_5y,2022-03-27,2022-03-27,12.7,,12.7,worldgovernmentbonds,2026-08-01T18:05:16+00:00
cds_us_5y,2022-03-28,2022-03-28,12.7,,12.7,worldgovernmentbonds,2026-08-01T18:05:16+00:00
cds_us_5y,2022-03-29,2022-03-29,13.1,,12.7,worldgovernmentbonds,2026-08-01T18:05:16+00:00
cds_us_5y,2022-03-30,2022-03-30,13.2,,13.1,worldgovernmentbonds,2026-08-01T18:05:16+00:00
cds_us_5y,2022-03-31,2022-03-31,13.3,,13.2,worldgovernmentbonds,2026-08-01T18:05:16+00:00
cds_us_5y,2022-04-01,2022-04-01,12.7,,13.3,worldgovernmentbonds,2026-08-01T18:05:16+00:00
cds_us_5y,2022-04-02,2022-04-02,12.5,,12.7,worldgovernmentbonds,2026-08-01T18:05:16+00:00
cds_us_5y,2022-04-03,2022-04-03,12.5,,12.5,worldgovernmentbonds,2026-08-01T18:05:16+00:00
cds_us_5y,2022-04-04,2022-04-04,12.5,,12.5,worldgovernmentbonds,2026-08-01T18:05:16+00:00
cds_us_5y,2022-04-05,2022-04-05,13.0,,12.5,worldgovernmentbonds,2026-08-01T18:05:16+00:00
cds_us_5y,2022-04-06,2022-04-06,13.1,,13.0,worldgovernmentbonds,2026-08-01T18:05:16+00:00
cds_us_5y,2022-04-07,2022-04-07,15.2,,13.1,worldgovernmentbonds,2026-08-01T18:05:16+00:00
cds_us_5y,2022-04-08,2022-04-08,15.0,,15.2,worldgovernmentbonds,2026-08-01T18:05:16+00:00
cds_us_5y,2022-04-09,2022-04-09,15.5,,15.0,worldgovernmentbonds,2026-08-01T18:05:16+00:00
cds_us_5y,2022-04-10,2022-04-10,15.5,,15.5,worldgovernmentbonds,2026-08-01T18:05:16+00:00
cds_us_5y,2022-04-11,2022-04-11,15.5,,15.5,worldgovernmentbonds,2026-08-01T18:05:16+00:00
cds_us_5y,2022-04-12,2022-04-12,15.6,,15.5,worldgovernmentbonds,2026-08-01T18:05:16+00:00
cds_us_5y,2022-04-13,2022-04-13,15.6,,15.6,worldgovernmentbonds,2026-08-01T18:05:16+00:00
cds_us_5y,2022-04-14,2022-04-14,15.2,,15.6,worldgovernmentbonds,2026-08-01T18:05:16+00:00
cds_us_5y,2022-04-15,2022-04-15,15.6,,15.2,worldgovernmentbonds,2026-08-01T18:05:16+00:00
cds_us_5y,2022-04-16,2022-04-16,15.0,,15.6,worldgovernmentbonds,2026-08-01T18:05:16+00:00
cds_us_5y,2022-04-17,2022-04-17,15.0,,15.0,worldgovernmentbonds,2026-08-01T18:05:16+00:00
cds_us_5y,2022-04-18,2022-04-18,15.0,,15.0,worldgovernmentbonds,2026-08-01T18:05:16+00:00
cds_us_5y,2022-04-19,2022-04-19,14.7,,15.0,worldgovernmentbonds,2026-08-01T18:05:16+00:00
cds_us_5y,2022-04-20,2022-04-20,14.9,,14.7,worldgovernmentbonds,2026-08-01T18:05:16+00:00
cds_us_5y,2022-04-21,2022-04-21,15.5,,14.9,worldgovernmentbonds,2026-08-01T18:05:16+00:00
cds_us_5y,2022-04-22,2022-04-22,15.1,,15.5,worldgovernmentbonds,2026-08-01T18:05:16+00:00
cds_us_5y,2022-04-23,2022-04-23,14.9,,15.1,worldgovernmentbonds,2026-08-01T18:05:16+00:00
cds_us_5y,2022-04-24,2022-04-24,14.9,,14.9,worldgovernmentbonds,2026-08-01T18:05:16+00:00
cds_us_5y,2022-04-25,2022-04-25,14.9,,14.9,worldgovernmentbonds,2026-08-01T18:05:16+00:00
cds_us_5y,2022-04-26,2022-04-26,15.1,,14.9,worldgovernmentbonds,2026-08-01T18:05:16+00:00
cds_us_5y,2022-04-27,2022-04-27,15.2,,15.1,worldgovernmentbonds,2026-08-01T18:05:16+00:00
cds_us_5y,2022-04-28,2022-04-28,15.3,,15.2,worldgovernmentbonds,2026-08-01T18:05:16+00:00
cds_us_5y,2022-04-29,2022-04-29,15.3,,15.3,worldgovernmentbonds,2026-08-01T18:05:16+00:00
cds_us_5y,2022-04-30,2022-04-30,15.3,,15.3,worldgovernmentbonds,2026-08-01T18:05:16+00:00
cds_us_5y,2022-05-01,2022-05-01,15.3,,15.3,worldgovernmentbonds,2026-08-01T18:05:16+00:00
cds_us_5y,2022-05-02,2022-05-02,15.3,,15.3,worldgovernmentbonds,2026-08-01T18:05:16+00:00
cds_us_5y,2022-05-03,2022-05-03,15.2,,15.3,worldgovernmentbonds,2026-08-01T18:05:16+00:00
cds_us_5y,2022-05-04,2022-05-04,15.4,,15.2,worldgovernmentbonds,2026-08-01T18:05:16+00:00
cds_us_5y,2022-05-05,2022-05-05,15.9,,15.4,worldgovernmentbonds,2026-08-01T18:05:16+00:00
cds_us_5y,2022-05-06,2022-05-06,16.0,,15.9,worldgovernmentbonds,2026-08-01T18:05:16+00:00
cds_us_5y,2022-05-07,2022-05-07,16.0,,16.0,worldgovernmentbonds,2026-08-01T18:05:16+00:00
cds_us_5y,2022-05-08,2022-05-08,16.0,,16.0,worldgovernmentbonds,2026-08-01T18:05:16+00:00
cds_us_5y,2022-05-09,2022-05-09,16.0,,16.0,worldgovernmentbonds,2026-08-01T18:05:16+00:00
cds_us_5y,2022-05-10,2022-05-10,16.1,,16.0,worldgovernmentbonds,2026-08-01T18:05:16+00:00
cds_us_5y,2022-05-11,2022-05-11,16.1,,16.1,worldgovernmentbonds,2026-08-01T18:05:16+00:00
cds_us_5y,2022-05-12,2022-05-12,16.1,,16.1,worldgovernmentbonds,2026-08-01T18:05:16+00:00
cds_us_5y,2022-05-13,2022-05-13,16.1,,16.1,worldgovernmentbonds,2026-08-01T18:05:16+00:00
cds_us_5y,2022-05-14,2022-05-14,16.7,,16.1,worldgovernmentbonds,2026-08-01T18:05:16+00:00
cds_us_5y,2022-05-15,2022-05-15,16.7,,16.7,worldgovernmentbonds,2026-08-01T18:05:16+00:00
cds_us_5y,2022-05-16,2022-05-16,16.7,,16.7,worldgovernmentbonds,2026-08-01T18:05:16+00:00
cds_us_5y,2022-05-17,2022-05-17,16.8,,16.7,worldgovernmentbonds,2026-08-01T18:05:16+00:00
cds_us_5y,2022-05-18,2022-05-18,16.9,,16.8,worldgovernmentbonds,2026-08-01T18:05:16+00:00
cds_us_5y,2022-05-19,2022-05-19,17.0,,16.9,worldgovernmentbonds,2026-08-01T18:05:16+00:00
cds_us_5y,2022-05-20,2022-05-20,17.0,,17.0,worldgovernmentbonds,2026-08-01T18:05:16+00:00
cds_us_5y,2022-05-21,2022-05-21,16.4,,17.0,worldgovernmentbonds,2026-08-01T18:05:16+00:00
cds_us_5y,2022-05-22,2022-05-22,16.4,,16.4,worldgovernmentbonds,2026-08-01T18:05:16+00:00
cds_us_5y,2022-05-23,2022-05-23,16.4,,16.4,worldgovernmentbonds,2026-08-01T18:05:16+00:00
cds_us_5y,2022-05-24,2022-05-24,16.4,,16.4,worldgovernmentbonds,2026-08-01T18:05:16+00:00
cds_us_5y,2022-05-25,2022-05-25,16.3,,16.4,worldgovernmentbonds,2026-08-01T18:05:16+00:00
cds_us_5y,2022-05-26,2022-05-26,16.3,,16.3,worldgovernmentbonds,2026-08-01T18:05:16+00:00
cds_us_5y,2022-05-27,2022-05-27,16.2,,16.3,worldgovernmentbonds,2026-08-01T18:05:16+00:00
cds_us_5y,2022-05-28,2022-05-28,16.7,,16.2,worldgovernmentbonds,2026-08-01T18:05:16+00:00
cds_us_5y,2022-05-29,2022-05-29,16.7,,16.7,worldgovernmentbonds,2026-08-01T18:05:16+00:00
cds_us_5y,2022-05-30,2022-05-30,16.7,,16.7,worldgovernmentbonds,2026-08-01T18:05:16+00:00
cds_us_5y,2022-05-31,2022-05-31,16.8,,16.7,worldgovernmentbonds,2026-08-01T18:05:16+00:00
cds_us_5y,2022-06-01,2022-06-01,16.3,,16.8,worldgovernmentbonds,2026-08-01T18:05:16+00:00
cds_us_5y,2022-06-02,2022-06-02,16.1,,16.3,worldgovernmentbonds,2026-08-01T18:05:16+00:00
cds_us_5y,2022-06-03,2022-06-03,16.0,,16.1,worldgovernmentbonds,2026-08-01T18:05:16+00:00
cds_us_5y,2022-06-04,2022-06-04,15.9,,16.0,worldgovernmentbonds,2026-08-01T18:05:16+00:00
cds_us_5y,2022-06-05,2022-06-05,15.9,,15.9,worldgovernmentbonds,2026-08-01T18:05:16+00:00
cds_us_5y,2022-06-06,2022-06-06,15.9,,15.9,worldgovernmentbonds,2026-08-01T18:05:16+00:00
cds_us_5y,2022-06-07,2022-06-07,16.1,,15.9,worldgovernmentbonds,2026-08-01T18:05:16+00:00
cds_us_5y,2022-06-08,2022-06-08,16.2,,16.1,worldgovernmentbonds,2026-08-01T18:05:16+00:00
cds_us_5y,2022-06-09,2022-06-09,16.6,,16.2,worldgovernmentbonds,2026-08-01T18:05:16+00:00
cds_us_5y,2022-06-10,2022-06-10,16.2,,16.6,worldgovernmentbonds,2026-08-01T18:05:16+00:00
cds_us_5y,2022-06-11,2022-06-11,16.1,,16.2,worldgovernmentbonds,2026-08-01T18:05:16+00:00
cds_us_5y,2022-06-12,2022-06-12,16.1,,16.1,worldgovernmentbonds,2026-08-01T18:05:16+00:00
cds_us_5y,2022-06-13,2022-06-13,16.1,,16.1,worldgovernmentbonds,2026-08-01T18:05:16+00:00
cds_us_5y,2022-06-14,2022-06-14,16.7,,16.1,worldgovernmentbonds,2026-08-01T18:05:16+00:00
cds_us_5y,2022-06-15,2022-06-15,16.8,,16.7,worldgovernmentbonds,2026-08-01T18:05:16+00:00
cds_us_5y,2022-06-16,2022-06-16,16.3,,16.8,worldgovernmentbonds,2026-08-01T18:05:16+00:00
cds_us_5y,2022-06-17,2022-06-17,17.0,,16.3,worldgovernmentbonds,2026-08-01T18:05:16+00:00
cds_us_5y,2022-06-18,2022-06-18,16.6,,17.0,worldgovernmentbonds,2026-08-01T18:05:16+00:00
cds_us_5y,2022-06-19,2022-06-19,16.6,,16.6,worldgovernmentbonds,2026-08-01T18:05:16+00:00
cds_us_5y,2022-06-20,2022-06-20,16.6,,16.6,worldgovernmentbonds,2026-08-01T18:05:16+00:00
cds_us_5y,2022-06-21,2022-06-21,16.6,,16.6,worldgovernmentbonds,2026-08-01T18:05:16+00:00
cds_us_5y,2022-06-22,2022-06-22,16.6,,16.6,worldgovernmentbonds,2026-08-01T18:05:16+00:00
cds_us_5y,2022-06-23,2022-06-23,17.4,,16.6,worldgovernmentbonds,2026-08-01T18:05:16+00:00
cds_us_5y,2022-06-24,2022-06-24,17.6,,17.4,worldgovernmentbonds,2026-08-01T18:05:16+00:00
cds_us_5y,2022-06-25,2022-06-25,17.5,,17.6,worldgovernmentbonds,2026-08-01T18:05:16+00:00
cds_us_5y,2022-06-26,2022-06-26,17.5,,17.5,worldgovernmentbonds,2026-08-01T18:05:16+00:00
cds_us_5y,2022-06-27,2022-06-27,17.5,,17.5,worldgovernmentbonds,2026-08-01T18:05:16+00:00
cds_us_5y,2022-06-28,2022-06-28,17.4,,17.5,worldgovernmentbonds,2026-08-01T18:05:16+00:00
cds_us_5y,2022-06-29,2022-06-29,17.7,,17.4,worldgovernmentbonds,2026-08-01T18:05:16+00:00
cds_us_5y,2022-06-30,2022-06-30,17.7,,17.7,worldgovernmentbonds,2026-08-01T18:05:16+00:00
cds_us_5y,2022-07-01,2022-07-01,18.1,,17.7,worldgovernmentbonds,2026-08-01T18:05:16+00:00
cds_us_5y,2022-07-02,2022-07-02,18.2,,18.1,worldgovernmentbonds,2026-08-01T18:05:16+00:00
cds_us_5y,2022-07-03,2022-07-03,18.2,,18.2,worldgovernmentbonds,2026-08-01T18:05:16+00:00
cds_us_5y,2022-07-04,2022-07-04,18.2,,18.2,worldgovernmentbonds,2026-08-01T18:05:16+00:00
cds_us_5y,2022-07-05,2022-07-05,18.3,,18.2,worldgovernmentbonds,2026-08-01T18:05:16+00:00
cds_us_5y,2022-07-06,2022-07-06,18.5,,18.3,worldgovernmentbonds,2026-08-01T18:05:16+00:00
cds_us_5y,2022-07-07,2022-07-07,19.0,,18.5,worldgovernmentbonds,2026-08-01T18:05:16+00:00
cds_us_5y,2022-07-08,2022-07-08,19.1,,19.0,worldgovernmentbonds,2026-08-01T18:05:16+00:00
cds_us_5y,2022-07-09,2022-07-09,19.4,,19.1,worldgovernmentbonds,2026-08-01T18:05:16+00:00
cds_us_5y,2022-07-10,2022-07-10,19.4,,19.4,worldgovernmentbonds,2026-08-01T18:05:16+00:00
cds_us_5y,2022-07-11,2022-07-11,19.4,,19.4,worldgovernmentbonds,2026-08-01T18:05:16+00:00
cds_us_5y,2022-07-12,2022-07-12,19.7,,19.4,worldgovernmentbonds,2026-08-01T18:05:16+00:00
cds_us_5y,2022-07-13,2022-07-13,19.9,,19.7,worldgovernmentbonds,2026-08-01T18:05:16+00:00
cds_us_5y,2022-07-14,2022-07-14,20.0,,19.9,worldgovernmentbonds,2026-08-01T18:05:16+00:00
cds_us_5y,2022-07-15,2022-07-15,20.0,,20.0,worldgovernmentbonds,2026-08-01T18:05:16+00:00
cds_us_5y,2022-07-16,2022-07-16,21.0,,20.0,worldgovernmentbonds,2026-08-01T18:05:16+00:00
cds_us_5y,2022-07-17,2022-07-17,21.0,,21.0,worldgovernmentbonds,2026-08-01T18:05:16+00:00
cds_us_5y,2022-07-18,2022-07-18,21.0,,21.0,worldgovernmentbonds,2026-08-01T18:05:16+00:00
cds_us_5y,2022-07-19,2022-07-19,20.7,,21.0,worldgovernmentbonds,2026-08-01T18:05:16+00:00
cds_us_5y,2022-07-20,2022-07-20,20.6,,20.7,worldgovernmentbonds,2026-08-01T18:05:16+00:00
cds_us_5y,2022-07-21,2022-07-21,20.6,,20.6,worldgovernmentbonds,2026-08-01T18:05:16+00:00
cds_us_5y,2022-07-22,2022-07-22,20.6,,20.6,worldgovernmentbonds,2026-08-01T18:05:16+00:00
cds_us_5y,2022-07-23,2022-07-23,20.4,,20.6,worldgovernmentbonds,2026-08-01T18:05:16+00:00
cds_us_5y,2022-07-24,2022-07-24,20.4,,20.4,worldgovernmentbonds,2026-08-01T18:05:16+00:00
cds_us_5y,2022-07-25,2022-07-25,20.4,,20.4,worldgovernmentbonds,2026-08-01T18:05:16+00:00
cds_us_5y,2022-07-26,2022-07-26,20.5,,20.4,worldgovernmentbonds,2026-08-01T18:05:16+00:00
cds_us_5y,2022-07-27,2022-07-27,20.5,,20.5,worldgovernmentbonds,2026-08-01T18:05:16+00:00
cds_us_5y,2022-07-28,2022-07-28,20.6,,20.5,worldgovernmentbonds,2026-08-01T18:05:16+00:00
cds_us_5y,2022-07-29,2022-07-29,20.3,,20.6,worldgovernmentbonds,2026-08-01T18:05:16+00:00
cds_us_5y,2022-07-30,2022-07-30,20.2,,20.3,worldgovernmentbonds,2026-08-01T18:05:16+00:00
cds_us_5y,2022-07-31,2022-07-31,20.2,,20.2,worldgovernmentbonds,2026-08-01T18:05:16+00:00
cds_us_5y,2022-08-01,2022-08-01,20.2,,20.2,worldgovernmentbonds,2026-08-01T18:05:16+00:00
cds_us_5y,2022-08-02,2022-08-02,20.2,,20.2,worldgovernmentbonds,2026-08-01T18:05:16+00:00
cds_us_5y,2022-08-03,2022-08-03,20.1,,20.2,worldgovernmentbonds,2026-08-01T18:05:16+00:00
cds_us_5y,2022-08-04,2022-08-04,20.0,,20.1,worldgovernmentbonds,2026-08-01T18:05:16+00:00
cds_us_5y,2022-08-05,2022-08-05,19.8,,20.0,worldgovernmentbonds,2026-08-01T18:05:16+00:00
cds_us_5y,2022-08-06,2022-08-06,19.6,,19.8,worldgovernmentbonds,2026-08-01T18:05:16+00:00
cds_us_5y,2022-08-07,2022-08-07,19.6,,19.6,worldgovernmentbonds,2026-08-01T18:05:16+00:00
cds_us_5y,2022-08-08,2022-08-08,19.6,,19.6,worldgovernmentbonds,2026-08-01T18:05:16+00:00
cds_us_5y,2022-08-09,2022-08-09,19.5,,19.6,worldgovernmentbonds,2026-08-01T18:05:16+00:00
cds_us_5y,2022-08-10,2022-08-10,19.6,,19.5,worldgovernmentbonds,2026-08-01T18:05:16+00:00
cds_us_5y,2022-08-11,2022-08-11,19.6,,19.6,worldgovernmentbonds,2026-08-01T18:05:16+00:00
cds_us_5y,2022-08-12,2022-08-12,19.5,,19.6,worldgovernmentbonds,2026-08-01T18:05:16+00:00
cds_us_5y,2022-08-13,2022-08-13,19.5,,19.5,worldgovernmentbonds,2026-08-01T18:05:16+00:00
cds_us_5y,2022-08-14,2022-08-14,19.5,,19.5,worldgovernmentbonds,2026-08-01T18:05:16+00:00
cds_us_5y,2022-08-15,2022-08-15,19.5,,19.5,worldgovernmentbonds,2026-08-01T18:05:16+00:00
cds_us_5y,2022-08-16,2022-08-16,19.2,,19.5,worldgovernmentbonds,2026-08-01T18:05:16+00:00
cds_us_5y,2022-08-17,2022-08-17,19.2,,19.2,worldgovernmentbonds,2026-08-01T18:05:16+00:00
cds_us_5y,2022-08-18,2022-08-18,19.1,,19.2,worldgovernmentbonds,2026-08-01T18:05:16+00:00
cds_us_5y,2022-08-19,2022-08-19,19.1,,19.1,worldgovernmentbonds,2026-08-01T18:05:16+00:00
cds_us_5y,2022-08-20,2022-08-20,19.0,,19.1,worldgovernmentbonds,2026-08-01T18:05:16+00:00
cds_us_5y,2022-08-21,2022-08-21,19.0,,19.0,worldgovernmentbonds,2026-08-01T18:05:16+00:00
cds_us_5y,2022-08-22,2022-08-22,19.0,,19.0,worldgovernmentbonds,2026-08-01T18:05:16+00:00
cds_us_5y,2022-08-23,2022-08-23,19.0,,19.0,worldgovernmentbonds,2026-08-01T18:05:16+00:00
cds_us_5y,2022-08-24,2022-08-24,18.9,,19.0,worldgovernmentbonds,2026-08-01T18:05:16+00:00
cds_us_5y,2022-08-25,2022-08-25,19.4,,18.9,worldgovernmentbonds,2026-08-01T18:05:16+00:00
cds_us_5y,2022-08-26,2022-08-26,19.2,,19.4,worldgovernmentbonds,2026-08-01T18:05:16+00:00
cds_us_5y,2022-08-27,2022-08-27,19.1,,19.2,worldgovernmentbonds,2026-08-01T18:05:16+00:00
cds_us_5y,2022-08-28,2022-08-28,19.1,,19.1,worldgovernmentbonds,2026-08-01T18:05:16+00:00
cds_us_5y,2022-08-29,2022-08-29,19.1,,19.1,worldgovernmentbonds,2026-08-01T18:05:16+00:00
cds_us_5y,2022-08-30,2022-08-30,19.0,,19.1,worldgovernmentbonds,2026-08-01T18:05:16+00:00
cds_us_5y,2022-08-31,2022-08-31,19.0,,19.0,worldgovernmentbonds,2026-08-01T18:05:16+00:00
cds_us_5y,2022-09-01,2022-09-01,19.3,,19.0,worldgovernmentbonds,2026-08-01T18:05:16+00:00
cds_us_5y,2022-09-02,2022-09-02,19.5,,19.3,worldgovernmentbonds,2026-08-01T18:05:16+00:00
cds_us_5y,2022-09-03,2022-09-03,19.9,,19.5,worldgovernmentbonds,2026-08-01T18:05:16+00:00
cds_us_5y,2022-09-04,2022-09-04,19.9,,19.9,worldgovernmentbonds,2026-08-01T18:05:16+00:00
cds_us_5y,2022-09-05,2022-09-05,19.9,,19.9,worldgovernmentbonds,2026-08-01T18:05:16+00:00
cds_us_5y,2022-09-06,2022-09-06,20.1,,19.9,worldgovernmentbonds,2026-08-01T18:05:16+00:00
cds_us_5y,2022-09-07,2022-09-07,20.2,,20.1,worldgovernmentbonds,2026-08-01T18:05:16+00:00
cds_us_5y,2022-09-08,2022-09-08,20.1,,20.2,worldgovernmentbonds,2026-08-01T18:05:16+00:00
cds_us_5y,2022-09-09,2022-09-09,20.7,,20.1,worldgovernmentbonds,2026-08-01T18:05:16+00:00
cds_us_5y,2022-09-10,2022-09-10,20.3,,20.7,worldgovernmentbonds,2026-08-01T18:05:16+00:00
cds_us_5y,2022-09-11,2022-09-11,20.3,,20.3,worldgovernmentbonds,2026-08-01T18:05:16+00:00
cds_us_5y,2022-09-12,2022-09-12,20.3,,20.3,worldgovernmentbonds,2026-08-01T18:05:16+00:00
cds_us_5y,2022-09-13,2022-09-13,21.3,,20.3,worldgovernmentbonds,2026-08-01T18:05:16+00:00
cds_us_5y,2022-09-14,2022-09-14,21.5,,21.3,worldgovernmentbonds,2026-08-01T18:05:16+00:00
cds_us_5y,2022-09-15,2022-09-15,21.5,,21.5,worldgovernmentbonds,2026-08-01T18:05:16+00:00
cds_us_5y,2022-09-16,2022-09-16,21.5,,21.5,worldgovernmentbonds,2026-08-01T18:05:16+00:00
cds_us_5y,2022-09-17,2022-09-17,21.5,,21.5,worldgovernmentbonds,2026-08-01T18:05:16+00:00
cds_us_5y,2022-09-18,2022-09-18,21.5,,21.5,worldgovernmentbonds,2026-08-01T18:05:16+00:00
cds_us_5y,2022-09-19,2022-09-19,21.5,,21.5,worldgovernmentbonds,2026-08-01T18:05:16+00:00
cds_us_5y,2022-09-20,2022-09-20,21.5,,21.5,worldgovernmentbonds,2026-08-01T18:05:16+00:00
cds_us_5y,2022-09-21,2022-09-21,21.5,,21.5,worldgovernmentbonds,2026-08-01T18:05:16+00:00
cds_us_5y,2022-09-22,2022-09-22,21.5,,21.5,worldgovernmentbonds,2026-08-01T18:05:16+00:00
cds_us_5y,2022-09-23,2022-09-23,21.5,,21.5,worldgovernmentbonds,2026-08-01T18:05:16+00:00
cds_us_5y,2022-09-24,2022-09-24,21.5,,21.5,worldgovernmentbonds,2026-08-01T18:05:16+00:00
cds_us_5y,2022-09-25,2022-09-25,21.5,,21.5,worldgovernmentbonds,2026-08-01T18:05:16+00:00
cds_us_5y,2022-09-26,2022-09-26,21.5,,21.5,worldgovernmentbonds,2026-08-01T18:05:16+00:00
cds_us_5y,2022-09-27,2022-09-27,21.5,,21.5,worldgovernmentbonds,2026-08-01T18:05:16+00:00
cds_us_5y,2022-09-28,2022-09-28,21.5,,21.5,worldgovernmentbonds,2026-08-01T18:05:16+00:00
cds_us_5y,2022-09-29,2022-09-29,21.5,,21.5,worldgovernmentbonds,2026-08-01T18:05:16+00:00
cds_us_5y,2022-09-30,2022-09-30,21.5,,21.5,worldgovernmentbonds,2026-08-01T18:05:16+00:00
cds_us_5y,2022-10-01,2022-10-01,21.5,,21.5,worldgovernmentbonds,2026-08-01T18:05:16+00:00
cds_us_5y,2022-10-02,2022-10-02,21.5,,21.5,worldgovernmentbonds,2026-08-01T18:05:16+00:00
cds_us_5y,2022-10-03,2022-10-03,21.5,,21.5,worldgovernmentbonds,2026-08-01T18:05:16+00:00
cds_us_5y,2022-10-04,2022-10-04,21.5,,21.5,worldgovernmentbonds,2026-08-01T18:05:16+00:00
cds_us_5y,2022-10-05,2022-10-05,21.5,,21.5,worldgovernmentbonds,2026-08-01T18:05:16+00:00
cds_us_5y,2022-10-06,2022-10-06,21.5,,21.5,worldgovernmentbonds,2026-08-01T18:05:16+00:00
cds_us_5y,2022-10-07,2022-10-07,21.5,,21.5,worldgovernmentbonds,2026-08-01T18:05:16+00:00
cds_us_5y,2022-10-08,2022-10-08,21.5,,21.5,worldgovernmentbonds,2026-08-01T18:05:16+00:00
cds_us_5y,2022-10-09,2022-10-09,21.5,,21.5,worldgovernmentbonds,2026-08-01T18:05:16+00:00
cds_us_5y,2022-10-10,2022-10-10,21.5,,21.5,worldgovernmentbonds,2026-08-01T18:05:16+00:00
cds_us_5y,2022-10-11,2022-10-11,21.5,,21.5,worldgovernmentbonds,2026-08-01T18:05:16+00:00
cds_us_5y,2022-10-12,2022-10-12,21.5,,21.5,worldgovernmentbonds,2026-08-01T18:05:16+00:00
cds_us_5y,2022-10-13,2022-10-13,21.5,,21.5,worldgovernmentbonds,2026-08-01T18:05:16+00:00
cds_us_5y,2022-10-14,2022-10-14,21.5,,21.5,worldgovernmentbonds,2026-08-01T18:05:16+00:00
cds_us_5y,2022-10-15,2022-10-15,21.5,,21.5,worldgovernmentbonds,2026-08-01T18:05:16+00:00
cds_us_5y,2022-10-16,2022-10-16,21.5,,21.5,worldgovernmentbonds,2026-08-01T18:05:16+00:00
cds_us_5y,2022-10-17,2022-10-17,21.5,,21.5,worldgovernmentbonds,2026-08-01T18:05:16+00:00
cds_us_5y,2022-10-18,2022-10-18,21.5,,21.5,worldgovernmentbonds,2026-08-01T18:05:16+00:00
cds_us_5y,2022-10-19,2022-10-19,21.5,,21.5,worldgovernmentbonds,2026-08-01T18:05:16+00:00
cds_us_5y,2022-10-20,2022-10-20,21.5,,21.5,worldgovernmentbonds,2026-08-01T18:05:16+00:00
cds_us_5y,2022-10-21,2022-10-21,21.5,,21.5,worldgovernmentbonds,2026-08-01T18:05:16+00:00
cds_us_5y,2022-10-22,2022-10-22,21.5,,21.5,worldgovernmentbonds,2026-08-01T18:05:16+00:00
cds_us_5y,2022-10-23,2022-10-23,30.0,,21.5,worldgovernmentbonds,2026-08-01T18:05:16+00:00
cds_us_5y,2022-10-24,2022-10-24,30.0,,30.0,worldgovernmentbonds,2026-08-01T18:05:16+00:00
cds_us_5y,2022-10-25,2022-10-25,29.98,,30.0,worldgovernmentbonds,2026-08-01T18:05:16+00:00
cds_us_5y,2022-10-26,2022-10-26,29.98,,29.98,worldgovernmentbonds,2026-08-01T18:05:16+00:00
cds_us_5y,2022-10-27,2022-10-27,29.98,,29.98,worldgovernmentbonds,2026-08-01T18:05:16+00:00
cds_us_5y,2022-10-28,2022-10-28,27.49,,29.98,worldgovernmentbonds,2026-08-01T18:05:16+00:00
cds_us_5y,2022-10-29,2022-10-29,27.49,,27.49,worldgovernmentbonds,2026-08-01T18:05:16+00:00
cds_us_5y,2022-10-30,2022-10-30,27.49,,27.49,worldgovernmentbonds,2026-08-01T18:05:16+00:00
cds_us_5y,2022-10-31,2022-10-31,27.49,,27.49,worldgovernmentbonds,2026-08-01T18:05:16+00:00
cds_us_5y,2022-11-01,2022-11-01,27.49,,27.49,worldgovernmentbonds,2026-08-01T18:05:16+00:00
cds_us_5y,2022-11-02,2022-11-02,27.49,,27.49,worldgovernmentbonds,2026-08-01T18:05:16+00:00
cds_us_5y,2022-11-03,2022-11-03,30.58,,27.49,worldgovernmentbonds,2026-08-01T18:05:16+00:00
cds_us_5y,2022-11-04,2022-11-04,30.58,,30.58,worldgovernmentbonds,2026-08-01T18:05:16+00:00
cds_us_5y,2022-11-05,2022-11-05,29.99,,30.58,worldgovernmentbonds,2026-08-01T18:05:16+00:00
cds_us_5y,2022-11-06,2022-11-06,29.99,,29.99,worldgovernmentbonds,2026-08-01T18:05:16+00:00
cds_us_5y,2022-11-07,2022-11-07,29.99,,29.99,worldgovernmentbonds,2026-08-01T18:05:16+00:00
cds_us_5y,2022-11-08,2022-11-08,29.99,,29.99,worldgovernmentbonds,2026-08-01T18:05:16+00:00
cds_us_5y,2022-11-09,2022-11-09,29.99,,29.99,worldgovernmentbonds,2026-08-01T18:05:16+00:00
cds_us_5y,2022-11-10,2022-11-10,30.27,,29.99,worldgovernmentbonds,2026-08-01T18:05:16+00:00
cds_us_5y,2022-11-11,2022-11-11,30.27,,30.27,worldgovernmentbonds,2026-08-01T18:05:16+00:00
cds_us_5y,2022-11-12,2022-11-12,29.99,,30.27,worldgovernmentbonds,2026-08-01T18:05:16+00:00
cds_us_5y,2022-11-13,2022-11-13,29.99,,29.99,worldgovernmentbonds,2026-08-01T18:05:16+00:00
cds_us_5y,2022-11-14,2022-11-14,29.99,,29.99,worldgovernmentbonds,2026-08-01T18:05:16+00:00
cds_us_5y,2022-11-15,2022-11-15,29.99,,29.99,worldgovernmentbonds,2026-08-01T18:05:16+00:00
cds_us_5y,2022-11-16,2022-11-16,29.99,,29.99,worldgovernmentbonds,2026-08-01T18:05:16+00:00
cds_us_5y,2022-11-17,2022-11-17,30.24,,29.99,worldgovernmentbonds,2026-08-01T18:05:16+00:00
cds_us_5y,2022-11-18,2022-11-18,30.24,,30.24,worldgovernmentbonds,2026-08-01T18:05:16+00:00
cds_us_5y,2022-11-19,2022-11-19,30.24,,30.24,worldgovernmentbonds,2026-08-01T18:05:16+00:00
cds_us_5y,2022-11-20,2022-11-20,30.24,,30.24,worldgovernmentbonds,2026-08-01T18:05:16+00:00
cds_us_5y,2022-11-21,2022-11-21,30.24,,30.24,worldgovernmentbonds,2026-08-01T18:05:16+00:00
cds_us_5y,2022-11-22,2022-11-22,30.24,,30.24,worldgovernmentbonds,2026-08-01T18:05:16+00:00
cds_us_5y,2022-11-23,2022-11-23,30.24,,30.24,worldgovernmentbonds,2026-08-01T18:05:16+00:00
cds_us_5y,2022-11-24,2022-11-24,30.24,,30.24,worldgovernmentbonds,2026-08-01T18:05:16+00:00
cds_us_5y,2022-11-25,2022-11-25,29.98,,30.24,worldgovernmentbonds,2026-08-01T18:05:16+00:00
cds_us_5y,2022-11-27,2022-11-27,29.99,,29.98,worldgovernmentbonds,2026-08-01T18:05:16+00:00
cds_us_5y,2022-11-28,2022-11-28,29.99,,29.99,worldgovernmentbonds,2026-08-01T18:05:16+00:00
cds_us_5y,2022-11-29,2022-11-29,29.98,,29.99,worldgovernmentbonds,2026-08-01T18:05:16+00:00
cds_us_5y,2022-11-30,2022-11-30,29.99,,29.98,worldgovernmentbonds,2026-08-01T18:05:16+00:00
cds_us_5y,2022-12-01,2022-12-01,29.99,,29.99,worldgovernmentbonds,2026-08-01T18:05:16+00:00
cds_us_5y,2022-12-02,2022-12-02,29.69,,29.99,worldgovernmentbonds,2026-08-01T18:05:16+00:00
cds_us_5y,2022-12-03,2022-12-03,27.49,,29.69,worldgovernmentbonds,2026-08-01T18:05:16+00:00
cds_us_5y,2022-12-04,2022-12-04,27.49,,27.49,worldgovernmentbonds,2026-08-01T18:05:16+00:00
cds_us_5y,2022-12-05,2022-12-05,27.49,,27.49,worldgovernmentbonds,2026-08-01T18:05:16+00:00
cds_us_5y,2022-12-06,2022-12-06,27.49,,27.49,worldgovernmentbonds,2026-08-01T18:05:16+00:00
cds_us_5y,2022-12-07,2022-12-07,25.0,,27.49,worldgovernmentbonds,2026-08-01T18:05:16+00:00
cds_us_5y,2022-12-08,2022-12-08,25.0,,25.0,worldgovernmentbonds,2026-08-01T18:05:16+00:00
cds_us_5y,2022-12-09,2022-12-09,25.0,,25.0,worldgovernmentbonds,2026-08-01T18:05:16+00:00
cds_us_5y,2022-12-10,2022-12-10,25.0,,25.0,worldgovernmentbonds,2026-08-01T18:05:16+00:00
cds_us_5y,2022-12-11,2022-12-11,25.0,,25.0,worldgovernmentbonds,2026-08-01T18:05:16+00:00
cds_us_5y,2022-12-12,2022-12-12,25.0,,25.0,worldgovernmentbonds,2026-08-01T18:05:16+00:00
cds_us_5y,2022-12-13,2022-12-13,25.0,,25.0,worldgovernmentbonds,2026-08-01T18:05:16+00:00
cds_us_5y,2022-12-14,2022-12-14,25.0,,25.0,worldgovernmentbonds,2026-08-01T18:05:16+00:00
cds_us_5y,2022-12-15,2022-12-15,25.0,,25.0,worldgovernmentbonds,2026-08-01T18:05:16+00:00
cds_us_5y,2022-12-16,2022-12-16,25.0,,25.0,worldgovernmentbonds,2026-08-01T18:05:16+00:00
cds_us_5y,2022-12-17,2022-12-17,25.0,,25.0,worldgovernmentbonds,2026-08-01T18:05:16+00:00
cds_us_5y,2022-12-18,2022-12-18,25.0,,25.0,worldgovernmentbonds,2026-08-01T18:05:16+00:00
cds_us_5y,2022-12-19,2022-12-19,25.0,,25.0,worldgovernmentbonds,2026-08-01T18:05:16+00:00
cds_us_5y,2022-12-20,2022-12-20,25.0,,25.0,worldgovernmentbonds,2026-08-01T18:05:16+00:00
cds_us_5y,2022-12-21,2022-12-21,25.0,,25.0,worldgovernmentbonds,2026-08-01T18:05:16+00:00
cds_us_5y,2022-12-22,2022-12-22,25.0,,25.0,worldgovernmentbonds,2026-08-01T18:05:16+00:00
cds_us_5y,2022-12-23,2022-12-23,25.0,,25.0,worldgovernmentbonds,2026-08-01T18:05:16+00:00
cds_us_5y,2022-12-24,2022-12-24,25.0,,25.0,worldgovernmentbonds,2026-08-01T18:05:16+00:00
cds_us_5y,2022-12-25,2022-12-25,25.0,,25.0,worldgovernmentbonds,2026-08-01T18:05:16+00:00
cds_us_5y,2022-12-26,2022-12-26,25.0,,25.0,worldgovernmentbonds,2026-08-01T18:05:16+00:00
cds_us_5y,2022-12-27,2022-12-27,25.0,,25.0,worldgovernmentbonds,2026-08-01T18:05:16+00:00
cds_us_5y,2022-12-28,2022-12-28,25.0,,25.0,worldgovernmentbonds,2026-08-01T18:05:16+00:00
cds_us_5y,2022-12-29,2022-12-29,25.0,,25.0,worldgovernmentbonds,2026-08-01T18:05:16+00:00
cds_us_5y,2022-12-30,2022-12-30,25.0,,25.0,worldgovernmentbonds,2026-08-01T18:05:16+00:00
cds_us_5y,2022-12-31,2022-12-31,25.0,,25.0,worldgovernmentbonds,2026-08-01T18:05:16+00:00
cds_us_5y,2023-01-01,2023-01-01,27.49,,25.0,worldgovernmentbonds,2026-08-01T18:05:16+00:00
cds_us_5y,2023-01-02,2023-01-02,27.49,,27.49,worldgovernmentbonds,2026-08-01T18:05:16+00:00
cds_us_5y,2023-01-03,2023-01-03,27.49,,27.49,worldgovernmentbonds,2026-08-01T18:05:16+00:00
cds_us_5y,2023-01-04,2023-01-04,27.49,,27.49,worldgovernmentbonds,2026-08-01T18:05:16+00:00
cds_us_5y,2023-01-05,2023-01-05,27.49,,27.49,worldgovernmentbonds,2026-08-01T18:05:16+00:00
cds_us_5y,2023-01-06,2023-01-06,27.49,,27.49,worldgovernmentbonds,2026-08-01T18:05:16+00:00
cds_us_5y,2023-01-07,2023-01-07,27.49,,27.49,worldgovernmentbonds,2026-08-01T18:05:16+00:00
cds_us_5y,2023-01-08,2023-01-08,27.49,,27.49,worldgovernmentbonds,2026-08-01T18:05:16+00:00
cds_us_5y,2023-01-09,2023-01-09,27.49,,27.49,worldgovernmentbonds,2026-08-01T18:05:16+00:00
cds_us_5y,2023-01-10,2023-01-10,27.49,,27.49,worldgovernmentbonds,2026-08-01T18:05:16+00:00
cds_us_5y,2023-01-11,2023-01-11,27.49,,27.49,worldgovernmentbonds,2026-08-01T18:05:16+00:00
cds_us_5y,2023-01-12,2023-01-12,27.51,,27.49,worldgovernmentbonds,2026-08-01T18:05:16+00:00
cds_us_5y,2023-01-13,2023-01-13,29.99,,27.51,worldgovernmentbonds,2026-08-01T18:05:16+00:00
cds_us_5y,2023-01-14,2023-01-14,30.0,,29.99,worldgovernmentbonds,2026-08-01T18:05:16+00:00
cds_us_5y,2023-01-15,2023-01-15,30.0,,30.0,worldgovernmentbonds,2026-08-01T18:05:16+00:00
cds_us_5y,2023-01-16,2023-01-16,30.0,,30.0,worldgovernmentbonds,2026-08-01T18:05:16+00:00
cds_us_5y,2023-01-17,2023-01-17,30.01,,30.0,worldgovernmentbonds,2026-08-01T18:05:16+00:00
cds_us_5y,2023-01-18,2023-01-18,32.52,,30.01,worldgovernmentbonds,2026-08-01T18:05:16+00:00
cds_us_5y,2023-01-19,2023-01-19,32.52,,32.52,worldgovernmentbonds,2026-08-01T18:05:16+00:00
cds_us_5y,2023-01-20,2023-01-20,32.52,,32.52,worldgovernmentbonds,2026-08-01T18:05:16+00:00
cds_us_5y,2023-01-21,2023-01-21,32.53,,32.52,worldgovernmentbonds,2026-08-01T18:05:16+00:00
cds_us_5y,2023-01-22,2023-01-22,32.53,,32.53,worldgovernmentbonds,2026-08-01T18:05:16+00:00
cds_us_5y,2023-01-23,2023-01-23,32.53,,32.53,worldgovernmentbonds,2026-08-01T18:05:16+00:00
cds_us_5y,2023-01-24,2023-01-24,32.52,,32.53,worldgovernmentbonds,2026-08-01T18:05:16+00:00
cds_us_5y,2023-01-25,2023-01-25,32.52,,32.52,worldgovernmentbonds,2026-08-01T18:05:16+00:00
cds_us_5y,2023-01-26,2023-01-26,32.52,,32.52,worldgovernmentbonds,2026-08-01T18:05:16+00:00
cds_us_5y,2023-01-27,2023-01-27,32.52,,32.52,worldgovernmentbonds,2026-08-01T18:05:16+00:00
cds_us_5y,2023-01-28,2023-01-28,35.03,,32.52,worldgovernmentbonds,2026-08-01T18:05:16+00:00
cds_us_5y,2023-01-29,2023-01-29,35.03,,35.03,worldgovernmentbonds,2026-08-01T18:05:16+00:00
cds_us_5y,2023-01-30,2023-01-30,35.03,,35.03,worldgovernmentbonds,2026-08-01T18:05:16+00:00
cds_us_5y,2023-01-31,2023-01-31,35.03,,35.03,worldgovernmentbonds,2026-08-01T18:05:16+00:00
cds_us_5y,2023-02-01,2023-02-01,35.03,,35.03,worldgovernmentbonds,2026-08-01T18:05:16+00:00
cds_us_5y,2023-02-02,2023-02-02,35.03,,35.03,worldgovernmentbonds,2026-08-01T18:05:16+00:00
cds_us_5y,2023-02-03,2023-02-03,35.02,,35.03,worldgovernmentbonds,2026-08-01T18:05:16+00:00
cds_us_5y,2023-02-04,2023-02-04,35.03,,35.02,worldgovernmentbonds,2026-08-01T18:05:16+00:00
cds_us_5y,2023-02-05,2023-02-05,35.03,,35.03,worldgovernmentbonds,2026-08-01T18:05:16+00:00
cds_us_5y,2023-02-06,2023-02-06,35.03,,35.03,worldgovernmentbonds,2026-08-01T18:05:16+00:00
cds_us_5y,2023-02-07,2023-02-07,32.53,,35.03,worldgovernmentbonds,2026-08-01T18:05:16+00:00
cds_us_5y,2023-02-08,2023-02-08,32.53,,32.53,worldgovernmentbonds,2026-08-01T18:05:16+00:00
cds_us_5y,2023-02-09,2023-02-09,32.52,,32.53,worldgovernmentbonds,2026-08-01T18:05:16+00:00
cds_us_5y,2023-02-10,2023-02-10,32.52,,32.52,worldgovernmentbonds,2026-08-01T18:05:16+00:00
cds_us_5y,2023-02-11,2023-02-11,32.53,,32.52,worldgovernmentbonds,2026-08-01T18:05:16+00:00
cds_us_5y,2023-02-12,2023-02-12,32.53,,32.53,worldgovernmentbonds,2026-08-01T18:05:16+00:00
cds_us_5y,2023-02-13,2023-02-13,32.53,,32.53,worldgovernmentbonds,2026-08-01T18:05:16+00:00
cds_us_5y,2023-02-14,2023-02-14,32.52,,32.53,worldgovernmentbonds,2026-08-01T18:05:16+00:00
cds_us_5y,2023-02-15,2023-02-15,32.53,,32.52,worldgovernmentbonds,2026-08-01T18:05:16+00:00
cds_us_5y,2023-02-16,2023-02-16,32.52,,32.53,worldgovernmentbonds,2026-08-01T18:05:16+00:00
cds_us_5y,2023-02-17,2023-02-17,32.53,,32.52,worldgovernmentbonds,2026-08-01T18:05:16+00:00
cds_us_5y,2023-02-18,2023-02-18,32.52,,32.53,worldgovernmentbonds,2026-08-01T18:05:16+00:00
cds_us_5y,2023-02-19,2023-02-19,32.52,,32.52,worldgovernmentbonds,2026-08-01T18:05:16+00:00
cds_us_5y,2023-02-20,2023-02-20,32.52,,32.52,worldgovernmentbonds,2026-08-01T18:05:16+00:00
cds_us_5y,2023-02-21,2023-02-21,32.52,,32.52,worldgovernmentbonds,2026-08-01T18:05:16+00:00
cds_us_5y,2023-02-22,2023-02-22,32.563,,32.52,worldgovernmentbonds,2026-08-01T18:05:16+00:00
cds_us_5y,2023-02-23,2023-02-23,32.53,,32.563,worldgovernmentbonds,2026-08-01T18:05:16+00:00
cds_us_5y,2023-02-24,2023-02-24,32.53,,32.53,worldgovernmentbonds,2026-08-01T18:05:16+00:00
cds_us_5y,2023-02-25,2023-02-25,32.52,,32.53,worldgovernmentbonds,2026-08-01T18:05:16+00:00
cds_us_5y,2023-02-26,2023-02-26,32.52,,32.52,worldgovernmentbonds,2026-08-01T18:05:16+00:00
cds_us_5y,2023-02-27,2023-02-27,32.52,,32.52,worldgovernmentbonds,2026-08-01T18:05:16+00:00
cds_us_5y,2023-02-28,2023-02-28,32.52,,32.52,worldgovernmentbonds,2026-08-01T18:05:16+00:00
cds_us_5y,2023-03-01,2023-03-01,32.52,,32.52,worldgovernmentbonds,2026-08-01T18:05:16+00:00
cds_us_5y,2023-03-02,2023-03-02,33.53,,32.52,worldgovernmentbonds,2026-08-01T18:05:16+00:00
cds_us_5y,2023-03-03,2023-03-03,35.04,,33.53,worldgovernmentbonds,2026-08-01T18:05:16+00:00
cds_us_5y,2023-03-04,2023-03-04,37.55,,35.04,worldgovernmentbonds,2026-08-01T18:05:16+00:00
cds_us_5y,2023-03-05,2023-03-05,37.55,,37.55,worldgovernmentbonds,2026-08-01T18:05:16+00:00
cds_us_5y,2023-03-06,2023-03-06,37.55,,37.55,worldgovernmentbonds,2026-08-01T18:05:16+00:00
cds_us_5y,2023-03-07,2023-03-07,37.55,,37.55,worldgovernmentbonds,2026-08-01T18:05:16+00:00
cds_us_5y,2023-03-14,2023-03-14,38.32,,37.55,worldgovernmentbonds,2026-08-01T18:05:16+00:00
cds_us_5y,2023-03-15,2023-03-15,38.32,,38.32,worldgovernmentbonds,2026-08-01T18:05:16+00:00
cds_us_5y,2023-03-16,2023-03-16,38.31,,38.32,worldgovernmentbonds,2026-08-01T18:05:16+00:00
cds_us_5y,2023-03-17,2023-03-17,38.31,,38.31,worldgovernmentbonds,2026-08-01T18:05:16+00:00
cds_us_5y,2023-03-18,2023-03-18,38.31,,38.31,worldgovernmentbonds,2026-08-01T18:05:16+00:00
cds_us_5y,2023-03-19,2023-03-19,38.35,,38.31,worldgovernmentbonds,2026-08-01T18:05:16+00:00
cds_us_5y,2023-03-20,2023-03-20,38.35,,38.35,worldgovernmentbonds,2026-08-01T18:05:16+00:00
cds_us_5y,2023-03-21,2023-03-21,38.288,,38.35,worldgovernmentbonds,2026-08-01T18:05:16+00:00
cds_us_5y,2023-03-22,2023-03-22,38.288,,38.288,worldgovernmentbonds,2026-08-01T18:05:16+00:00
cds_us_5y,2023-03-23,2023-03-23,36.99,,38.288,worldgovernmentbonds,2026-08-01T18:05:16+00:00
cds_us_5y,2023-03-24,2023-03-24,31.52,,36.99,worldgovernmentbonds,2026-08-01T18:05:16+00:00
cds_us_5y,2023-03-25,2023-03-25,26.03,,31.52,worldgovernmentbonds,2026-08-01T18:05:16+00:00
cds_us_5y,2023-03-26,2023-03-26,26.03,,26.03,worldgovernmentbonds,2026-08-01T18:05:16+00:00
cds_us_5y,2023-03-27,2023-03-27,26.03,,26.03,worldgovernmentbonds,2026-08-01T18:05:16+00:00
cds_us_5y,2023-03-28,2023-03-28,40.62,,26.03,worldgovernmentbonds,2026-08-01T18:05:16+00:00
cds_us_5y,2023-03-29,2023-03-29,40.6,,40.62,worldgovernmentbonds,2026-08-01T18:05:16+00:00
cds_us_5y,2023-03-30,2023-03-30,40.62,,40.6,worldgovernmentbonds,2026-08-01T18:05:16+00:00
cds_us_5y,2023-03-31,2023-03-31,34.07,,40.62,worldgovernmentbonds,2026-08-01T18:05:16+00:00
cds_us_5y,2023-04-01,2023-04-01,27.29,,34.07,worldgovernmentbonds,2026-08-01T18:05:16+00:00
cds_us_5y,2023-04-02,2023-04-02,27.29,,27.29,worldgovernmentbonds,2026-08-01T18:05:16+00:00
cds_us_5y,2023-04-03,2023-04-03,27.29,,27.29,worldgovernmentbonds,2026-08-01T18:05:16+00:00
cds_us_5y,2023-04-04,2023-04-04,27.59,,27.29,worldgovernmentbonds,2026-08-01T18:05:16+00:00
cds_us_5y,2023-04-05,2023-04-05,40.58,,27.59,worldgovernmentbonds,2026-08-01T18:05:16+00:00
cds_us_5y,2023-04-06,2023-04-06,33.98,,40.58,worldgovernmentbonds,2026-08-01T18:05:16+00:00
cds_us_5y,2023-04-07,2023-04-07,40.6,,33.98,worldgovernmentbonds,2026-08-01T18:05:16+00:00
cds_us_5y,2023-04-08,2023-04-08,35.3,,40.6,worldgovernmentbonds,2026-08-01T18:05:16+00:00
cds_us_5y,2023-04-09,2023-04-09,42.91,,35.3,worldgovernmentbonds,2026-08-01T18:05:16+00:00
cds_us_5y,2023-04-10,2023-04-10,42.91,,42.91,worldgovernmentbonds,2026-08-01T18:05:16+00:00
cds_us_5y,2023-04-11,2023-04-11,42.873,,42.91,worldgovernmentbonds,2026-08-01T18:05:16+00:00
cds_us_5y,2023-04-12,2023-04-12,35.25,,42.873,worldgovernmentbonds,2026-08-01T18:05:16+00:00
cds_us_5y,2023-04-13,2023-04-13,41.97,,35.25,worldgovernmentbonds,2026-08-01T18:05:16+00:00
cds_us_5y,2023-04-14,2023-04-14,34.812,,41.97,worldgovernmentbonds,2026-08-01T18:05:16+00:00
cds_us_5y,2023-04-15,2023-04-15,34.91,,34.812,worldgovernmentbonds,2026-08-01T18:05:16+00:00
cds_us_5y,2023-04-16,2023-04-16,41.98,,34.91,worldgovernmentbonds,2026-08-01T18:05:16+00:00
cds_us_5y,2023-04-17,2023-04-17,41.98,,41.98,worldgovernmentbonds,2026-08-01T18:05:16+00:00
cds_us_5y,2023-04-18,2023-04-18,35.06,,41.98,worldgovernmentbonds,2026-08-01T18:05:16+00:00
cds_us_5y,2023-04-19,2023-04-19,41.96,,35.06,worldgovernmentbonds,2026-08-01T18:05:16+00:00
cds_us_5y,2023-04-20,2023-04-20,36.36,,41.96,worldgovernmentbonds,2026-08-01T18:05:16+00:00
cds_us_5y,2023-04-21,2023-04-21,36.36,,36.36,worldgovernmentbonds,2026-08-01T18:05:16+00:00
cds_us_5y,2023-04-22,2023-04-22,30.33,,36.36,worldgovernmentbonds,2026-08-01T18:05:16+00:00
cds_us_5y,2023-04-23,2023-04-23,30.33,,30.33,worldgovernmentbonds,2026-08-01T18:05:16+00:00
cds_us_5y,2023-04-24,2023-04-24,32.26,,30.33,worldgovernmentbonds,2026-08-01T18:05:16+00:00
cds_us_5y,2023-04-25,2023-04-25,32.26,,32.26,worldgovernmentbonds,2026-08-01T18:05:16+00:00
cds_us_5y,2023-04-26,2023-04-26,45.68,,32.26,worldgovernmentbonds,2026-08-01T18:05:16+00:00
cds_us_5y,2023-04-27,2023-04-27,54.23,,45.68,worldgovernmentbonds,2026-08-01T18:05:16+00:00
cds_us_5y,2023-04-28,2023-04-28,58.92,,54.23,worldgovernmentbonds,2026-08-01T18:05:16+00:00
cds_us_5y,2023-04-29,2023-04-29,58.92,,58.92,worldgovernmentbonds,2026-08-01T18:05:16+00:00
cds_us_5y,2023-04-30,2023-04-30,41.96,,58.92,worldgovernmentbonds,2026-08-01T18:05:16+00:00
cds_us_5y,2023-05-01,2023-05-01,41.96,,41.96,worldgovernmentbonds,2026-08-01T18:05:16+00:00
cds_us_5y,2023-05-02,2023-05-02,63.44,,41.96,worldgovernmentbonds,2026-08-01T18:05:16+00:00
cds_us_5y,2023-05-03,2023-05-03,63.53,,63.44,worldgovernmentbonds,2026-08-01T18:05:16+00:00
cds_us_5y,2023-05-04,2023-05-04,64.37,,63.53,worldgovernmentbonds,2026-08-01T18:05:16+00:00
cds_us_5y,2023-05-05,2023-05-05,64.37,,64.37,worldgovernmentbonds,2026-08-01T18:05:16+00:00
cds_us_5y,2023-05-06,2023-05-06,64.37,,64.37,worldgovernmentbonds,2026-08-01T18:05:16+00:00
cds_us_5y,2023-05-07,2023-05-07,64.37,,64.37,worldgovernmentbonds,2026-08-01T18:05:16+00:00
cds_us_5y,2023-05-08,2023-05-08,64.37,,64.37,worldgovernmentbonds,2026-08-01T18:05:16+00:00
cds_us_5y,2023-05-09,2023-05-09,65.27,,64.37,worldgovernmentbonds,2026-08-01T18:05:16+00:00
cds_us_5y,2023-05-10,2023-05-10,65.29,,65.27,worldgovernmentbonds,2026-08-01T18:05:16+00:00
cds_us_5y,2023-05-11,2023-05-11,65.3,,65.29,worldgovernmentbonds,2026-08-01T18:05:16+00:00
cds_us_5y,2023-05-12,2023-05-12,65.34,,65.3,worldgovernmentbonds,2026-08-01T18:05:16+00:00
cds_us_5y,2023-05-13,2023-05-13,65.34,,65.34,worldgovernmentbonds,2026-08-01T18:05:16+00:00
cds_us_5y,2023-05-14,2023-05-14,65.3,,65.34,worldgovernmentbonds,2026-08-01T18:05:16+00:00
cds_us_5y,2023-05-15,2023-05-15,65.3,,65.3,worldgovernmentbonds,2026-08-01T18:05:16+00:00
cds_us_5y,2023-05-16,2023-05-16,65.27,,65.3,worldgovernmentbonds,2026-08-01T18:05:16+00:00
cds_us_5y,2023-05-17,2023-05-17,65.23,,65.27,worldgovernmentbonds,2026-08-01T18:05:16+00:00
cds_us_5y,2023-05-18,2023-05-18,65.19,,65.23,worldgovernmentbonds,2026-08-01T18:05:16+00:00
cds_us_5y,2023-05-19,2023-05-19,69.76,,65.19,worldgovernmentbonds,2026-08-01T18:05:16+00:00
cds_us_5y,2023-05-20,2023-05-20,65.66,,69.76,worldgovernmentbonds,2026-08-01T18:05:16+00:00
cds_us_5y,2023-05-21,2023-05-21,64.18,,65.66,worldgovernmentbonds,2026-08-01T18:05:16+00:00
cds_us_5y,2023-05-22,2023-05-22,64.18,,64.18,worldgovernmentbonds,2026-08-01T18:05:16+00:00
cds_us_5y,2023-05-23,2023-05-23,51.5,,64.18,worldgovernmentbonds,2026-08-01T18:05:16+00:00
cds_us_5y,2023-05-24,2023-05-24,54.29,,51.5,worldgovernmentbonds,2026-08-01T18:05:16+00:00
cds_us_5y,2023-05-25,2023-05-25,55.18,,54.29,worldgovernmentbonds,2026-08-01T18:05:16+00:00
cds_us_5y,2023-05-26,2023-05-26,55.18,,55.18,worldgovernmentbonds,2026-08-01T18:05:16+00:00
cds_us_5y,2023-05-27,2023-05-27,58.87,,55.18,worldgovernmentbonds,2026-08-01T18:05:16+00:00
cds_us_5y,2023-05-28,2023-05-28,58.87,,58.87,worldgovernmentbonds,2026-08-01T18:05:16+00:00
cds_us_5y,2023-05-29,2023-05-29,58.87,,58.87,worldgovernmentbonds,2026-08-01T18:05:16+00:00
cds_us_5y,2023-05-30,2023-05-30,49.71,,58.87,worldgovernmentbonds,2026-08-01T18:05:16+00:00
cds_us_5y,2023-05-31,2023-05-31,49.69,,49.71,worldgovernmentbonds,2026-08-01T18:05:16+00:00
cds_us_5y,2023-06-01,2023-06-01,36.88,,49.69,worldgovernmentbonds,2026-08-01T18:05:16+00:00
cds_us_5y,2023-06-02,2023-06-02,36.88,,36.88,worldgovernmentbonds,2026-08-01T18:05:16+00:00
cds_us_5y,2023-06-03,2023-06-03,34.17,,36.88,worldgovernmentbonds,2026-08-01T18:05:16+00:00
cds_us_5y,2023-06-04,2023-06-04,34.17,,34.17,worldgovernmentbonds,2026-08-01T18:05:16+00:00
cds_us_5y,2023-06-05,2023-06-05,34.17,,34.17,worldgovernmentbonds,2026-08-01T18:05:16+00:00
cds_us_5y,2023-06-06,2023-06-06,31.48,,34.17,worldgovernmentbonds,2026-08-01T18:05:16+00:00
cds_us_5y,2023-06-07,2023-06-07,31.49,,31.48,worldgovernmentbonds,2026-08-01T18:05:16+00:00
cds_us_5y,2023-06-08,2023-06-08,31.47,,31.49,worldgovernmentbonds,2026-08-01T18:05:16+00:00
cds_us_5y,2023-06-09,2023-06-09,31.48,,31.47,worldgovernmentbonds,2026-08-01T18:05:16+00:00
cds_us_5y,2023-06-10,2023-06-10,31.48,,31.48,worldgovernmentbonds,2026-08-01T18:05:16+00:00
cds_us_5y,2023-06-11,2023-06-11,30.12,,31.48,worldgovernmentbonds,2026-08-01T18:05:16+00:00
cds_us_5y,2023-06-12,2023-06-12,30.12,,30.12,worldgovernmentbonds,2026-08-01T18:05:16+00:00
cds_us_5y,2023-06-13,2023-06-13,29.67,,30.12,worldgovernmentbonds,2026-08-01T18:05:16+00:00
cds_us_5y,2023-06-14,2023-06-14,29.67,,29.67,worldgovernmentbonds,2026-08-01T18:05:16+00:00
cds_us_5y,2023-06-15,2023-06-15,29.68,,29.67,worldgovernmentbonds,2026-08-01T18:05:16+00:00
cds_us_5y,2023-06-16,2023-06-16,29.68,,29.68,worldgovernmentbonds,2026-08-01T18:05:16+00:00
cds_us_5y,2023-06-17,2023-06-17,29.68,,29.68,worldgovernmentbonds,2026-08-01T18:05:16+00:00
cds_us_5y,2023-06-18,2023-06-18,29.68,,29.68,worldgovernmentbonds,2026-08-01T18:05:16+00:00
cds_us_5y,2023-06-19,2023-06-19,29.68,,29.68,worldgovernmentbonds,2026-08-01T18:05:16+00:00
cds_us_5y,2023-06-20,2023-06-20,29.67,,29.68,worldgovernmentbonds,2026-08-01T18:05:16+00:00
cds_us_5y,2023-06-21,2023-06-21,29.68,,29.67,worldgovernmentbonds,2026-08-01T18:05:16+00:00
cds_us_5y,2023-06-22,2023-06-22,29.67,,29.68,worldgovernmentbonds,2026-08-01T18:05:16+00:00
cds_us_5y,2023-06-23,2023-06-23,29.68,,29.67,worldgovernmentbonds,2026-08-01T18:05:16+00:00
cds_us_5y,2023-06-24,2023-06-24,29.68,,29.68,worldgovernmentbonds,2026-08-01T18:05:16+00:00
cds_us_5y,2023-06-25,2023-06-25,29.68,,29.68,worldgovernmentbonds,2026-08-01T18:05:16+00:00
cds_us_5y,2023-06-26,2023-06-26,29.68,,29.68,worldgovernmentbonds,2026-08-01T18:05:16+00:00
cds_us_5y,2023-07-21,2023-07-21,19.7,,29.68,worldgovernmentbonds,2026-08-01T18:05:16+00:00
cds_us_5y,2023-07-22,2023-07-22,19.7,,19.7,worldgovernmentbonds,2026-08-01T18:05:16+00:00
cds_us_5y,2023-07-23,2023-07-23,19.69,,19.7,worldgovernmentbonds,2026-08-01T18:05:16+00:00
cds_us_5y,2023-07-24,2023-07-24,19.69,,19.69,worldgovernmentbonds,2026-08-01T18:05:16+00:00
cds_us_5y,2023-07-25,2023-07-25,19.69,,19.69,worldgovernmentbonds,2026-08-01T18:05:16+00:00
cds_us_5y,2023-07-26,2023-07-26,19.85,,19.69,worldgovernmentbonds,2026-08-01T18:05:16+00:00
cds_us_5y,2023-07-27,2023-07-27,19.84,,19.85,worldgovernmentbonds,2026-08-01T18:05:16+00:00
cds_us_5y,2023-07-28,2023-07-28,19.84,,19.84,worldgovernmentbonds,2026-08-01T18:05:16+00:00
cds_us_5y,2023-07-29,2023-07-29,20.01,,19.84,worldgovernmentbonds,2026-08-01T18:05:16+00:00
cds_us_5y,2023-07-30,2023-07-30,20.01,,20.01,worldgovernmentbonds,2026-08-01T18:05:16+00:00
cds_us_5y,2023-07-31,2023-07-31,20.18,,20.01,worldgovernmentbonds,2026-08-01T18:05:16+00:00
cds_us_5y,2023-08-01,2023-08-01,20.25,,20.18,worldgovernmentbonds,2026-08-01T18:05:16+00:00
cds_us_5y,2023-08-02,2023-08-02,20.25,,20.25,worldgovernmentbonds,2026-08-01T18:05:16+00:00
cds_us_5y,2023-08-03,2023-08-03,20.25,,20.25,worldgovernmentbonds,2026-08-01T18:05:16+00:00
cds_us_5y,2023-08-04,2023-08-04,20.25,,20.25,worldgovernmentbonds,2026-08-01T18:05:16+00:00
cds_us_5y,2023-08-05,2023-08-05,20.25,,20.25,worldgovernmentbonds,2026-08-01T18:05:16+00:00
cds_us_5y,2023-08-06,2023-08-06,20.25,,20.25,worldgovernmentbonds,2026-08-01T18:05:16+00:00
cds_us_5y,2023-08-07,2023-08-07,20.25,,20.25,worldgovernmentbonds,2026-08-01T18:05:16+00:00
cds_us_5y,2023-08-08,2023-08-08,20.25,,20.25,worldgovernmentbonds,2026-08-01T18:05:16+00:00
cds_us_5y,2023-08-09,2023-08-09,20.25,,20.25,worldgovernmentbonds,2026-08-01T18:05:16+00:00
cds_us_5y,2023-08-10,2023-08-10,20.25,,20.25,worldgovernmentbonds,2026-08-01T18:05:16+00:00
cds_us_5y,2023-08-11,2023-08-11,20.25,,20.25,worldgovernmentbonds,2026-08-01T18:05:16+00:00
cds_us_5y,2023-08-12,2023-08-12,20.25,,20.25,worldgovernmentbonds,2026-08-01T18:05:16+00:00
cds_us_5y,2023-08-13,2023-08-13,20.25,,20.25,worldgovernmentbonds,2026-08-01T18:05:16+00:00
cds_us_5y,2023-08-14,2023-08-14,20.25,,20.25,worldgovernmentbonds,2026-08-01T18:05:16+00:00
cds_us_5y,2023-08-15,2023-08-15,20.25,,20.25,worldgovernmentbonds,2026-08-01T18:05:16+00:00
cds_us_5y,2023-08-16,2023-08-16,20.25,,20.25,worldgovernmentbonds,2026-08-01T18:05:16+00:00
cds_us_5y,2023-08-17,2023-08-17,20.25,,20.25,worldgovernmentbonds,2026-08-01T18:05:16+00:00
cds_us_5y,2023-08-18,2023-08-18,20.25,,20.25,worldgovernmentbonds,2026-08-01T18:05:16+00:00
cds_us_5y,2023-08-19,2023-08-19,20.25,,20.25,worldgovernmentbonds,2026-08-01T18:05:16+00:00
cds_us_5y,2023-08-20,2023-08-20,20.25,,20.25,worldgovernmentbonds,2026-08-01T18:05:16+00:00
cds_us_5y,2023-08-21,2023-08-21,20.25,,20.25,worldgovernmentbonds,2026-08-01T18:05:16+00:00
cds_us_5y,2023-08-22,2023-08-22,20.25,,20.25,worldgovernmentbonds,2026-08-01T18:05:16+00:00
cds_us_5y,2023-08-23,2023-08-23,20.25,,20.25,worldgovernmentbonds,2026-08-01T18:05:16+00:00
cds_us_5y,2023-08-24,2023-08-24,20.25,,20.25,worldgovernmentbonds,2026-08-01T18:05:16+00:00
cds_us_5y,2023-08-25,2023-08-25,20.25,,20.25,worldgovernmentbonds,2026-08-01T18:05:16+00:00
cds_us_5y,2023-08-26,2023-08-26,20.25,,20.25,worldgovernmentbonds,2026-08-01T18:05:16+00:00
cds_us_5y,2023-08-27,2023-08-27,20.25,,20.25,worldgovernmentbonds,2026-08-01T18:05:16+00:00
cds_us_5y,2023-08-28,2023-08-28,20.25,,20.25,worldgovernmentbonds,2026-08-01T18:05:16+00:00
cds_us_5y,2023-08-29,2023-08-29,20.25,,20.25,worldgovernmentbonds,2026-08-01T18:05:16+00:00
cds_us_5y,2023-08-30,2023-08-30,20.25,,20.25,worldgovernmentbonds,2026-08-01T18:05:16+00:00
cds_us_5y,2023-08-31,2023-08-31,20.25,,20.25,worldgovernmentbonds,2026-08-01T18:05:16+00:00
cds_us_5y,2023-09-01,2023-09-01,20.25,,20.25,worldgovernmentbonds,2026-08-01T18:05:16+00:00
cds_us_5y,2023-09-02,2023-09-02,20.25,,20.25,worldgovernmentbonds,2026-08-01T18:05:16+00:00
cds_us_5y,2023-09-03,2023-09-03,20.25,,20.25,worldgovernmentbonds,2026-08-01T18:05:16+00:00
cds_us_5y,2023-09-04,2023-09-04,20.25,,20.25,worldgovernmentbonds,2026-08-01T18:05:16+00:00
cds_us_5y,2023-09-05,2023-09-05,42.31,,20.25,worldgovernmentbonds,2026-08-01T18:05:16+00:00
cds_us_5y,2023-09-06,2023-09-06,42.31,,42.31,worldgovernmentbonds,2026-08-01T18:05:16+00:00
cds_us_5y,2023-09-07,2023-09-07,42.29,,42.31,worldgovernmentbonds,2026-08-01T18:05:16+00:00
cds_us_5y,2023-09-08,2023-09-08,42.29,,42.29,worldgovernmentbonds,2026-08-01T18:05:16+00:00
cds_us_5y,2023-09-09,2023-09-09,42.29,,42.29,worldgovernmentbonds,2026-08-01T18:05:16+00:00
cds_us_5y,2023-09-10,2023-09-10,42.29,,42.29,worldgovernmentbonds,2026-08-01T18:05:16+00:00
cds_us_5y,2023-09-11,2023-09-11,43.2,,42.29,worldgovernmentbonds,2026-08-01T18:05:16+00:00
cds_us_5y,2023-09-12,2023-09-12,43.21,,43.2,worldgovernmentbonds,2026-08-01T18:05:16+00:00
cds_us_5y,2023-09-13,2023-09-13,43.2,,43.21,worldgovernmentbonds,2026-08-01T18:05:16+00:00
cds_us_5y,2023-09-14,2023-09-14,43.23,,43.2,worldgovernmentbonds,2026-08-01T18:05:16+00:00
cds_us_5y,2023-09-15,2023-09-15,43.23,,43.23,worldgovernmentbonds,2026-08-01T18:05:16+00:00
cds_us_5y,2023-09-16,2023-09-16,43.2,,43.23,worldgovernmentbonds,2026-08-01T18:05:16+00:00
cds_us_5y,2023-09-17,2023-09-17,43.2,,43.2,worldgovernmentbonds,2026-08-01T18:05:16+00:00
cds_us_5y,2023-09-18,2023-09-18,42.78,,43.2,worldgovernmentbonds,2026-08-01T18:05:16+00:00
cds_us_5y,2023-09-19,2023-09-19,42.77,,42.78,worldgovernmentbonds,2026-08-01T18:05:16+00:00
cds_us_5y,2023-09-20,2023-09-20,42.77,,42.77,worldgovernmentbonds,2026-08-01T18:05:16+00:00
cds_us_5y,2023-09-24,2023-09-24,44.09,,42.77,worldgovernmentbonds,2026-08-01T18:05:16+00:00
cds_us_5y,2023-09-25,2023-09-25,44.09,,44.09,worldgovernmentbonds,2026-08-01T18:05:16+00:00
cds_us_5y,2023-09-27,2023-09-27,42.76,,44.09,worldgovernmentbonds,2026-08-01T18:05:16+00:00
cds_us_5y,2023-09-28,2023-09-28,42.77,,42.76,worldgovernmentbonds,2026-08-01T18:05:16+00:00
cds_us_5y,2023-09-29,2023-09-29,42.77,,42.77,worldgovernmentbonds,2026-08-01T18:05:16+00:00
cds_us_5y,2023-09-30,2023-09-30,42.76,,42.77,worldgovernmentbonds,2026-08-01T18:05:16+00:00
cds_us_5y,2023-10-02,2023-10-02,42.76,,42.76,worldgovernmentbonds,2026-08-01T18:05:16+00:00
cds_us_5y,2023-10-03,2023-10-03,42.76,,42.76,worldgovernmentbonds,2026-08-01T18:05:16+00:00
cds_us_5y,2023-10-05,2023-10-05,42.76,,42.76,worldgovernmentbonds,2026-08-01T18:05:16+00:00
cds_us_5y,2023-10-07,2023-10-07,40.01,,42.76,worldgovernmentbonds,2026-08-01T18:05:16+00:00
cds_us_5y,2023-10-10,2023-10-10,40.03,,40.01,worldgovernmentbonds,2026-08-01T18:05:16+00:00
cds_us_5y,2023-10-11,2023-10-11,40.03,,40.03,worldgovernmentbonds,2026-08-01T18:05:16+00:00
cds_us_5y,2023-10-12,2023-10-12,40.5,,40.03,worldgovernmentbonds,2026-08-01T18:05:16+00:00
cds_us_5y,2023-10-14,2023-10-14,40.5,,40.5,worldgovernmentbonds,2026-08-01T18:05:16+00:00
cds_us_5y,2023-10-16,2023-10-16,41.41,,40.5,worldgovernmentbonds,2026-08-01T18:05:16+00:00
cds_us_5y,2023-10-17,2023-10-17,42.31,,41.41,worldgovernmentbonds,2026-08-01T18:05:16+00:00
cds_us_5y,2023-10-19,2023-10-19,42.31,,42.31,worldgovernmentbonds,2026-08-01T18:05:16+00:00
cds_us_5y,2023-10-20,2023-10-20,42.31,,42.31,worldgovernmentbonds,2026-08-01T18:05:16+00:00
cds_us_5y,2023-10-25,2023-10-25,46.85,,42.31,worldgovernmentbonds,2026-08-01T18:05:16+00:00
cds_us_5y,2023-11-03,2023-11-03,46.87,,46.85,worldgovernmentbonds,2026-08-01T18:05:16+00:00
cds_us_5y,2023-11-05,2023-11-05,46.87,,46.87,worldgovernmentbonds,2026-08-01T18:05:16+00:00
cds_us_5y,2023-11-06,2023-11-06,46.08,,46.87,worldgovernmentbonds,2026-08-01T18:05:16+00:00
cds_us_5y,2023-11-07,2023-11-07,47.76,,46.08,worldgovernmentbonds,2026-08-01T18:05:16+00:00
cds_us_5y,2023-11-08,2023-11-08,47.77,,47.76,worldgovernmentbonds,2026-08-01T18:05:16+00:00
cds_us_5y,2023-11-09,2023-11-09,47.77,,47.77,worldgovernmentbonds,2026-08-01T18:05:16+00:00
cds_us_5y,2023-11-10,2023-11-10,47.77,,47.77,worldgovernmentbonds,2026-08-01T18:05:16+00:00
cds_us_5y,2023-11-11,2023-11-11,47.77,,47.77,worldgovernmentbonds,2026-08-01T18:05:16+00:00
cds_us_5y,2023-11-12,2023-11-12,47.77,,47.77,worldgovernmentbonds,2026-08-01T18:05:16+00:00
cds_us_5y,2023-11-13,2023-11-13,50.53,,47.77,worldgovernmentbonds,2026-08-01T18:05:16+00:00
cds_us_5y,2023-11-14,2023-11-14,50.51,,50.53,worldgovernmentbonds,2026-08-01T18:05:16+00:00
cds_us_5y,2023-11-15,2023-11-15,51.76,,50.51,worldgovernmentbonds,2026-08-01T18:05:16+00:00
cds_us_5y,2023-11-16,2023-11-16,51.83,,51.76,worldgovernmentbonds,2026-08-01T18:05:16+00:00
cds_us_5y,2023-11-17,2023-11-17,50.47,,51.83,worldgovernmentbonds,2026-08-01T18:05:16+00:00
cds_us_5y,2023-11-18,2023-11-18,50.47,,50.47,worldgovernmentbonds,2026-08-01T18:05:16+00:00
cds_us_5y,2023-11-19,2023-11-19,50.47,,50.47,worldgovernmentbonds,2026-08-01T18:05:16+00:00
cds_us_5y,2023-11-20,2023-11-20,48.69,,50.47,worldgovernmentbonds,2026-08-01T18:05:16+00:00
cds_us_5y,2023-11-21,2023-11-21,48.7,,48.69,worldgovernmentbonds,2026-08-01T18:05:16+00:00
cds_us_5y,2023-11-22,2023-11-22,47.78,,48.7,worldgovernmentbonds,2026-08-01T18:05:16+00:00
cds_us_5y,2023-11-23,2023-11-23,46.86,,47.78,worldgovernmentbonds,2026-08-01T18:05:16+00:00
cds_us_5y,2023-11-24,2023-11-24,46.86,,46.86,worldgovernmentbonds,2026-08-01T18:05:16+00:00
cds_us_5y,2023-11-25,2023-11-25,46.86,,46.86,worldgovernmentbonds,2026-08-01T18:05:16+00:00
cds_us_5y,2023-11-26,2023-11-26,46.86,,46.86,worldgovernmentbonds,2026-08-01T18:05:16+00:00
cds_us_5y,2023-11-27,2023-11-27,45.52,,46.86,worldgovernmentbonds,2026-08-01T18:05:16+00:00
cds_us_5y,2023-11-28,2023-11-28,45.51,,45.52,worldgovernmentbonds,2026-08-01T18:05:16+00:00
cds_us_5y,2023-11-30,2023-11-30,45.05,,45.51,worldgovernmentbonds,2026-08-01T18:05:16+00:00
cds_us_5y,2023-12-01,2023-12-01,45.05,,45.05,worldgovernmentbonds,2026-08-01T18:05:16+00:00
cds_us_5y,2023-12-02,2023-12-02,45.05,,45.05,worldgovernmentbonds,2026-08-01T18:05:16+00:00
cds_us_5y,2023-12-03,2023-12-03,45.05,,45.05,worldgovernmentbonds,2026-08-01T18:05:16+00:00
cds_us_5y,2023-12-04,2023-12-04,43.16,,45.05,worldgovernmentbonds,2026-08-01T18:05:16+00:00
cds_us_5y,2023-12-05,2023-12-05,43.16,,43.16,worldgovernmentbonds,2026-08-01T18:05:16+00:00
cds_us_5y,2023-12-07,2023-12-07,42.79,,43.16,worldgovernmentbonds,2026-08-01T18:05:16+00:00
cds_us_5y,2023-12-09,2023-12-09,42.79,,42.79,worldgovernmentbonds,2026-08-01T18:05:16+00:00
cds_us_5y,2023-12-10,2023-12-10,42.79,,42.79,worldgovernmentbonds,2026-08-01T18:05:16+00:00
cds_us_5y,2023-12-11,2023-12-11,42.79,,42.79,worldgovernmentbonds,2026-08-01T18:05:16+00:00
cds_us_5y,2023-12-12,2023-12-12,42.79,,42.79,worldgovernmentbonds,2026-08-01T18:05:16+00:00
cds_us_5y,2023-12-14,2023-12-14,43.24,,42.79,worldgovernmentbonds,2026-08-01T18:05:16+00:00
cds_us_5y,2023-12-15,2023-12-15,43.24,,43.24,worldgovernmentbonds,2026-08-01T18:05:16+00:00
cds_us_5y,2023-12-16,2023-12-16,43.24,,43.24,worldgovernmentbonds,2026-08-01T18:05:16+00:00
cds_us_5y,2023-12-18,2023-12-18,43.24,,43.24,worldgovernmentbonds,2026-08-01T18:05:16+00:00
cds_us_5y,2023-12-19,2023-12-19,43.24,,43.24,worldgovernmentbonds,2026-08-01T18:05:16+00:00
cds_us_5y,2023-12-21,2023-12-21,43.24,,43.24,worldgovernmentbonds,2026-08-01T18:05:16+00:00
cds_us_5y,2023-12-24,2023-12-24,43.24,,43.24,worldgovernmentbonds,2026-08-01T18:05:16+00:00
cds_us_5y,2023-12-25,2023-12-25,43.24,,43.24,worldgovernmentbonds,2026-08-01T18:05:16+00:00
cds_us_5y,2023-12-26,2023-12-26,43.24,,43.24,worldgovernmentbonds,2026-08-01T18:05:16+00:00
cds_us_5y,2023-12-27,2023-12-27,42.79,,43.24,worldgovernmentbonds,2026-08-01T18:05:16+00:00
cds_us_5y,2023-12-28,2023-12-28,42.79,,42.79,worldgovernmentbonds,2026-08-01T18:05:16+00:00
cds_us_5y,2023-12-29,2023-12-29,42.79,,42.79,worldgovernmentbonds,2026-08-01T18:05:16+00:00
cds_us_5y,2023-12-30,2023-12-30,42.78,,42.79,worldgovernmentbonds,2026-08-01T18:05:16+00:00
cds_us_5y,2023-12-31,2023-12-31,42.78,,42.78,worldgovernmentbonds,2026-08-01T18:05:16+00:00
cds_us_5y,2024-01-01,2024-01-01,42.78,,42.78,worldgovernmentbonds,2026-08-01T18:05:16+00:00
cds_us_5y,2024-01-02,2024-01-02,42.79,,42.78,worldgovernmentbonds,2026-08-01T18:05:16+00:00
cds_us_5y,2024-01-03,2024-01-03,42.79,,42.79,worldgovernmentbonds,2026-08-01T18:05:16+00:00
cds_us_5y,2024-01-04,2024-01-04,42.77,,42.79,worldgovernmentbonds,2026-08-01T18:05:16+00:00
cds_us_5y,2024-01-05,2024-01-05,42.77,,42.77,worldgovernmentbonds,2026-08-01T18:05:16+00:00
cds_us_5y,2024-01-06,2024-01-06,42.8,,42.77,worldgovernmentbonds,2026-08-01T18:05:16+00:00
cds_us_5y,2024-01-07,2024-01-07,42.8,,42.8,worldgovernmentbonds,2026-08-01T18:05:16+00:00
cds_us_5y,2024-01-08,2024-01-08,42.8,,42.8,worldgovernmentbonds,2026-08-01T18:05:16+00:00
cds_us_5y,2024-01-09,2024-01-09,42.77,,42.8,worldgovernmentbonds,2026-08-01T18:05:16+00:00
cds_us_5y,2024-01-11,2024-01-11,42.35,,42.77,worldgovernmentbonds,2026-08-01T18:05:16+00:00
cds_us_5y,2024-01-12,2024-01-12,41.45,,42.35,worldgovernmentbonds,2026-08-01T18:05:16+00:00
cds_us_5y,2024-01-13,2024-01-13,41.41,,41.45,worldgovernmentbonds,2026-08-01T18:05:16+00:00
cds_us_5y,2024-01-16,2024-01-16,41.45,,41.41,worldgovernmentbonds,2026-08-01T18:05:16+00:00
cds_us_5y,2024-01-17,2024-01-17,41.44,,41.45,worldgovernmentbonds,2026-08-01T18:05:16+00:00
cds_us_5y,2024-01-18,2024-01-18,41.46,,41.44,worldgovernmentbonds,2026-08-01T18:05:16+00:00
cds_us_5y,2024-01-19,2024-01-19,40.53,,41.46,worldgovernmentbonds,2026-08-01T18:05:16+00:00
cds_us_5y,2024-01-20,2024-01-20,40.54,,40.53,worldgovernmentbonds,2026-08-01T18:05:16+00:00
cds_us_5y,2024-01-21,2024-01-21,40.54,,40.54,worldgovernmentbonds,2026-08-01T18:05:16+00:00
cds_us_5y,2024-01-22,2024-01-22,40.54,,40.54,worldgovernmentbonds,2026-08-01T18:05:16+00:00
cds_us_5y,2024-01-23,2024-01-23,39.62,,40.54,worldgovernmentbonds,2026-08-01T18:05:16+00:00
cds_us_5y,2024-01-25,2024-01-25,39.17,,39.62,worldgovernmentbonds,2026-08-01T18:05:16+00:00
cds_us_5y,2024-01-26,2024-01-26,38.27,,39.17,worldgovernmentbonds,2026-08-01T18:05:16+00:00
cds_us_5y,2024-01-27,2024-01-27,38.25,,38.27,worldgovernmentbonds,2026-08-01T18:05:16+00:00
cds_us_5y,2024-01-29,2024-01-29,38.25,,38.25,worldgovernmentbonds,2026-08-01T18:05:16+00:00
cds_us_5y,2024-01-31,2024-01-31,38.27,,38.25,worldgovernmentbonds,2026-08-01T18:05:16+00:00
cds_us_5y,2024-02-01,2024-02-01,37.36,,38.27,worldgovernmentbonds,2026-08-01T18:05:16+00:00
cds_us_5y,2024-02-05,2024-02-05,37.83,,37.36,worldgovernmentbonds,2026-08-01T18:05:16+00:00
cds_us_5y,2024-02-07,2024-02-07,37.81,,37.83,worldgovernmentbonds,2026-08-01T18:05:16+00:00
cds_us_5y,2024-02-08,2024-02-08,37.8,,37.81,worldgovernmentbonds,2026-08-01T18:05:16+00:00
cds_us_5y,2024-02-10,2024-02-10,37.83,,37.8,worldgovernmentbonds,2026-08-01T18:05:16+00:00
cds_us_5y,2024-02-11,2024-02-11,37.83,,37.83,worldgovernmentbonds,2026-08-01T18:05:16+00:00
cds_us_5y,2024-02-12,2024-02-12,37.83,,37.83,worldgovernmentbonds,2026-08-01T18:05:16+00:00
cds_us_5y,2024-02-13,2024-02-13,37.36,,37.83,worldgovernmentbonds,2026-08-01T18:05:16+00:00
cds_us_5y,2024-02-14,2024-02-14,37.36,,37.36,worldgovernmentbonds,2026-08-01T18:05:16+00:00
cds_us_5y,2024-02-15,2024-02-15,37.38,,37.36,worldgovernmentbonds,2026-08-01T18:05:16+00:00
cds_us_5y,2024-02-16,2024-02-16,36.89,,37.38,worldgovernmentbonds,2026-08-01T18:05:16+00:00
cds_us_5y,2024-02-17,2024-02-17,36.92,,36.89,worldgovernmentbonds,2026-08-01T18:05:16+00:00
cds_us_5y,2024-02-18,2024-02-18,36.92,,36.92,worldgovernmentbonds,2026-08-01T18:05:16+00:00
cds_us_5y,2024-02-19,2024-02-19,36.92,,36.92,worldgovernmentbonds,2026-08-01T18:05:16+00:00
cds_us_5y,2024-02-20,2024-02-20,36.46,,36.92,worldgovernmentbonds,2026-08-01T18:05:16+00:00
cds_us_5y,2024-02-21,2024-02-21,36.46,,36.46,worldgovernmentbonds,2026-08-01T18:05:16+00:00
cds_us_5y,2024-02-23,2024-02-23,36.47,,36.46,worldgovernmentbonds,2026-08-01T18:05:16+00:00
cds_us_5y,2024-02-24,2024-02-24,36.02,,36.47,worldgovernmentbonds,2026-08-01T18:05:16+00:00
cds_us_5y,2024-02-25,2024-02-25,36.02,,36.02,worldgovernmentbonds,2026-08-01T18:05:16+00:00
cds_us_5y,2024-02-26,2024-02-26,36.02,,36.02,worldgovernmentbonds,2026-08-01T18:05:16+00:00
cds_us_5y,2024-02-27,2024-02-27,36.0,,36.02,worldgovernmentbonds,2026-08-01T18:05:16+00:00
cds_us_5y,2024-02-28,2024-02-28,36.01,,36.0,worldgovernmentbonds,2026-08-01T18:05:16+00:00
cds_us_5y,2024-02-29,2024-02-29,36.01,,36.01,worldgovernmentbonds,2026-08-01T18:05:16+00:00
cds_us_5y,2024-03-01,2024-03-01,35.07,,36.01,worldgovernmentbonds,2026-08-01T18:05:16+00:00
cds_us_5y,2024-03-02,2024-03-02,35.07,,35.07,worldgovernmentbonds,2026-08-01T18:05:16+00:00
cds_us_5y,2024-03-03,2024-03-03,35.07,,35.07,worldgovernmentbonds,2026-08-01T18:05:16+00:00
cds_us_5y,2024-03-04,2024-03-04,35.07,,35.07,worldgovernmentbonds,2026-08-01T18:05:16+00:00
cds_us_5y,2024-03-05,2024-03-05,35.06,,35.07,worldgovernmentbonds,2026-08-01T18:05:16+00:00
cds_us_5y,2024-03-06,2024-03-06,35.07,,35.06,worldgovernmentbonds,2026-08-01T18:05:16+00:00
cds_us_5y,2024-03-07,2024-03-07,35.07,,35.07,worldgovernmentbonds,2026-08-01T18:05:16+00:00
cds_us_5y,2024-03-08,2024-03-08,35.08,,35.07,worldgovernmentbonds,2026-08-01T18:05:16+00:00
cds_us_5y,2024-03-09,2024-03-09,35.07,,35.08,worldgovernmentbonds,2026-08-01T18:05:16+00:00
cds_us_5y,2024-03-10,2024-03-10,35.07,,35.07,worldgovernmentbonds,2026-08-01T18:05:16+00:00
cds_us_5y,2024-03-11,2024-03-11,35.07,,35.07,worldgovernmentbonds,2026-08-01T18:05:16+00:00
cds_us_5y,2024-03-12,2024-03-12,35.07,,35.07,worldgovernmentbonds,2026-08-01T18:05:16+00:00
cds_us_5y,2024-03-13,2024-03-13,35.07,,35.07,worldgovernmentbonds,2026-08-01T18:05:16+00:00
cds_us_5y,2024-03-14,2024-03-14,35.07,,35.07,worldgovernmentbonds,2026-08-01T18:05:16+00:00
cds_us_5y,2024-03-15,2024-03-15,34.62,,35.07,worldgovernmentbonds,2026-08-01T18:05:16+00:00
cds_us_5y,2024-03-16,2024-03-16,34.63,,34.62,worldgovernmentbonds,2026-08-01T18:05:16+00:00
cds_us_5y,2024-03-17,2024-03-17,34.63,,34.63,worldgovernmentbonds,2026-08-01T18:05:16+00:00
cds_us_5y,2024-03-18,2024-03-18,34.63,,34.63,worldgovernmentbonds,2026-08-01T18:05:16+00:00
cds_us_5y,2024-03-19,2024-03-19,34.63,,34.63,worldgovernmentbonds,2026-08-01T18:05:16+00:00
cds_us_5y,2024-03-20,2024-03-20,34.62,,34.63,worldgovernmentbonds,2026-08-01T18:05:16+00:00
cds_us_5y,2024-03-21,2024-03-21,35.75,,34.62,worldgovernmentbonds,2026-08-01T18:05:16+00:00
cds_us_5y,2024-03-22,2024-03-22,35.75,,35.75,worldgovernmentbonds,2026-08-01T18:05:16+00:00
cds_us_5y,2024-03-23,2024-03-23,35.5,,35.75,worldgovernmentbonds,2026-08-01T18:05:16+00:00
cds_us_5y,2024-03-24,2024-03-24,35.5,,35.5,worldgovernmentbonds,2026-08-01T18:05:16+00:00
cds_us_5y,2024-03-25,2024-03-25,35.5,,35.5,worldgovernmentbonds,2026-08-01T18:05:16+00:00
cds_us_5y,2024-03-26,2024-03-26,35.51,,35.5,worldgovernmentbonds,2026-08-01T18:05:16+00:00
cds_us_5y,2024-03-27,2024-03-27,35.5,,35.51,worldgovernmentbonds,2026-08-01T18:05:16+00:00
cds_us_5y,2024-03-28,2024-03-28,35.95,,35.5,worldgovernmentbonds,2026-08-01T18:05:16+00:00
cds_us_5y,2024-03-29,2024-03-29,35.95,,35.95,worldgovernmentbonds,2026-08-01T18:05:16+00:00
cds_us_5y,2024-03-30,2024-03-30,35.95,,35.95,worldgovernmentbonds,2026-08-01T18:05:16+00:00
cds_us_5y,2024-03-31,2024-03-31,35.95,,35.95,worldgovernmentbonds,2026-08-01T18:05:16+00:00
cds_us_5y,2024-04-01,2024-04-01,35.95,,35.95,worldgovernmentbonds,2026-08-01T18:05:16+00:00
cds_us_5y,2024-04-02,2024-04-02,35.95,,35.95,worldgovernmentbonds,2026-08-01T18:05:16+00:00
cds_us_5y,2024-04-03,2024-04-03,35.96,,35.95,worldgovernmentbonds,2026-08-01T18:05:16+00:00
cds_us_5y,2024-04-04,2024-04-04,35.95,,35.96,worldgovernmentbonds,2026-08-01T18:05:16+00:00
cds_us_5y,2024-04-05,2024-04-05,35.95,,35.95,worldgovernmentbonds,2026-08-01T18:05:16+00:00
cds_us_5y,2024-04-06,2024-04-06,35.05,,35.95,worldgovernmentbonds,2026-08-01T18:05:16+00:00
cds_us_5y,2024-04-07,2024-04-07,35.05,,35.05,worldgovernmentbonds,2026-08-01T18:05:16+00:00
cds_us_5y,2024-04-08,2024-04-08,35.05,,35.05,worldgovernmentbonds,2026-08-01T18:05:16+00:00
cds_us_5y,2024-04-09,2024-04-09,35.07,,35.05,worldgovernmentbonds,2026-08-01T18:05:16+00:00
cds_us_5y,2024-04-10,2024-04-10,35.06,,35.07,worldgovernmentbonds,2026-08-01T18:05:16+00:00
cds_us_5y,2024-04-11,2024-04-11,35.06,,35.06,worldgovernmentbonds,2026-08-01T18:05:16+00:00
cds_us_5y,2024-04-12,2024-04-12,34.61,,35.06,worldgovernmentbonds,2026-08-01T18:05:16+00:00
cds_us_5y,2024-04-13,2024-04-13,34.61,,34.61,worldgovernmentbonds,2026-08-01T18:05:16+00:00
cds_us_5y,2024-04-14,2024-04-14,35.06,,34.61,worldgovernmentbonds,2026-08-01T18:05:16+00:00
cds_us_5y,2024-04-15,2024-04-15,35.06,,35.06,worldgovernmentbonds,2026-08-01T18:05:16+00:00
cds_us_5y,2024-04-16,2024-04-16,35.07,,35.06,worldgovernmentbonds,2026-08-01T18:05:16+00:00
cds_us_5y,2024-04-17,2024-04-17,35.07,,35.07,worldgovernmentbonds,2026-08-01T18:05:16+00:00
cds_us_5y,2024-04-18,2024-04-18,35.51,,35.07,worldgovernmentbonds,2026-08-01T18:05:16+00:00
cds_us_5y,2024-04-19,2024-04-19,35.51,,35.51,worldgovernmentbonds,2026-08-01T18:05:16+00:00
cds_us_5y,2024-04-20,2024-04-20,35.52,,35.51,worldgovernmentbonds,2026-08-01T18:05:16+00:00
cds_us_5y,2024-04-21,2024-04-21,35.51,,35.52,worldgovernmentbonds,2026-08-01T18:05:16+00:00
cds_us_5y,2024-04-22,2024-04-22,35.51,,35.51,worldgovernmentbonds,2026-08-01T18:05:16+00:00
cds_us_5y,2024-04-23,2024-04-23,35.52,,35.51,worldgovernmentbonds,2026-08-01T18:05:16+00:00
cds_us_5y,2024-04-24,2024-04-24,35.51,,35.52,worldgovernmentbonds,2026-08-01T18:05:16+00:00
cds_us_5y,2024-04-25,2024-04-25,35.08,,35.51,worldgovernmentbonds,2026-08-01T18:05:16+00:00
cds_us_5y,2024-04-26,2024-04-26,36.42,,35.08,worldgovernmentbonds,2026-08-01T18:05:16+00:00
cds_us_5y,2024-04-27,2024-04-27,36.42,,36.42,worldgovernmentbonds,2026-08-01T18:05:16+00:00
cds_us_5y,2024-04-28,2024-04-28,36.41,,36.42,worldgovernmentbonds,2026-08-01T18:05:16+00:00
cds_us_5y,2024-04-29,2024-04-29,36.41,,36.41,worldgovernmentbonds,2026-08-01T18:05:16+00:00
cds_us_5y,2024-04-30,2024-04-30,36.41,,36.41,worldgovernmentbonds,2026-08-01T18:05:16+00:00
cds_us_5y,2024-05-01,2024-05-01,35.96,,36.41,worldgovernmentbonds,2026-08-01T18:05:16+00:00
cds_us_5y,2024-05-02,2024-05-02,36.87,,35.96,worldgovernmentbonds,2026-08-01T18:05:16+00:00
cds_us_5y,2024-05-03,2024-05-03,36.85,,36.87,worldgovernmentbonds,2026-08-01T18:05:16+00:00
cds_us_5y,2024-05-04,2024-05-04,36.85,,36.85,worldgovernmentbonds,2026-08-01T18:05:16+00:00
cds_us_5y,2024-05-05,2024-05-05,36.85,,36.85,worldgovernmentbonds,2026-08-01T18:05:16+00:00
cds_us_5y,2024-05-06,2024-05-06,36.85,,36.85,worldgovernmentbonds,2026-08-01T18:05:16+00:00
cds_us_5y,2024-05-07,2024-05-07,36.84,,36.85,worldgovernmentbonds,2026-08-01T18:05:16+00:00
cds_us_5y,2024-05-08,2024-05-08,36.86,,36.84,worldgovernmentbonds,2026-08-01T18:05:16+00:00
cds_us_5y,2024-05-09,2024-05-09,36.86,,36.86,worldgovernmentbonds,2026-08-01T18:05:16+00:00
cds_us_5y,2024-05-10,2024-05-10,36.86,,36.86,worldgovernmentbonds,2026-08-01T18:05:16+00:00
cds_us_5y,2024-05-11,2024-05-11,36.88,,36.86,worldgovernmentbonds,2026-08-01T18:05:16+00:00
cds_us_5y,2024-05-12,2024-05-12,36.86,,36.88,worldgovernmentbonds,2026-08-01T18:05:16+00:00
cds_us_5y,2024-05-13,2024-05-13,36.86,,36.86,worldgovernmentbonds,2026-08-01T18:05:16+00:00
cds_us_5y,2024-05-14,2024-05-14,36.87,,36.86,worldgovernmentbonds,2026-08-01T18:05:16+00:00
cds_us_5y,2024-05-15,2024-05-15,36.87,,36.87,worldgovernmentbonds,2026-08-01T18:05:16+00:00
cds_us_5y,2024-05-16,2024-05-16,37.33,,36.87,worldgovernmentbonds,2026-08-01T18:05:16+00:00
cds_us_5y,2024-05-17,2024-05-17,37.33,,37.33,worldgovernmentbonds,2026-08-01T18:05:16+00:00
cds_us_5y,2024-05-19,2024-05-19,37.33,,37.33,worldgovernmentbonds,2026-08-01T18:05:16+00:00
cds_us_5y,2024-05-20,2024-05-20,37.33,,37.33,worldgovernmentbonds,2026-08-01T18:05:16+00:00
cds_us_5y,2024-05-21,2024-05-21,37.32,,37.33,worldgovernmentbonds,2026-08-01T18:05:16+00:00
cds_us_5y,2024-05-22,2024-05-22,37.32,,37.32,worldgovernmentbonds,2026-08-01T18:05:16+00:00
cds_us_5y,2024-05-23,2024-05-23,36.88,,37.32,worldgovernmentbonds,2026-08-01T18:05:16+00:00
cds_us_5y,2024-05-24,2024-05-24,36.88,,36.88,worldgovernmentbonds,2026-08-01T18:05:16+00:00
cds_us_5y,2024-05-25,2024-05-25,36.88,,36.88,worldgovernmentbonds,2026-08-01T18:05:16+00:00
cds_us_5y,2024-05-27,2024-05-27,36.87,,36.88,worldgovernmentbonds,2026-08-01T18:05:16+00:00
cds_us_5y,2024-05-28,2024-05-28,36.87,,36.87,worldgovernmentbonds,2026-08-01T18:05:16+00:00
cds_us_5y,2024-05-29,2024-05-29,36.88,,36.87,worldgovernmentbonds,2026-08-01T18:05:16+00:00
cds_us_5y,2024-05-30,2024-05-30,36.89,,36.88,worldgovernmentbonds,2026-08-01T18:05:16+00:00
cds_us_5y,2024-05-31,2024-05-31,39.69,,36.89,worldgovernmentbonds,2026-08-01T18:05:16+00:00
cds_us_5y,2024-06-01,2024-06-01,36.87,,39.69,worldgovernmentbonds,2026-08-01T18:05:16+00:00
cds_us_5y,2024-06-02,2024-06-02,39.69,,36.87,worldgovernmentbonds,2026-08-01T18:05:16+00:00
cds_us_5y,2024-06-03,2024-06-03,39.69,,39.69,worldgovernmentbonds,2026-08-01T18:05:16+00:00
cds_us_5y,2024-06-04,2024-06-04,36.88,,39.69,worldgovernmentbonds,2026-08-01T18:05:16+00:00
cds_us_5y,2024-06-05,2024-06-05,36.88,,36.88,worldgovernmentbonds,2026-08-01T18:05:16+00:00
cds_us_5y,2024-06-06,2024-06-06,36.89,,36.88,worldgovernmentbonds,2026-08-01T18:05:16+00:00
cds_us_5y,2024-06-07,2024-06-07,36.87,,36.89,worldgovernmentbonds,2026-08-01T18:05:16+00:00
cds_us_5y,2024-06-08,2024-06-08,36.88,,36.87,worldgovernmentbonds,2026-08-01T18:05:16+00:00
cds_us_5y,2024-06-09,2024-06-09,36.88,,36.88,worldgovernmentbonds,2026-08-01T18:05:16+00:00
cds_us_5y,2024-06-10,2024-06-10,36.88,,36.88,worldgovernmentbonds,2026-08-01T18:05:16+00:00
cds_us_5y,2024-06-11,2024-06-11,36.43,,36.88,worldgovernmentbonds,2026-08-01T18:05:16+00:00
cds_us_5y,2024-06-12,2024-06-12,36.42,,36.43,worldgovernmentbonds,2026-08-01T18:05:16+00:00
cds_us_5y,2024-06-13,2024-06-13,36.42,,36.42,worldgovernmentbonds,2026-08-01T18:05:16+00:00
cds_us_5y,2024-06-14,2024-06-14,39.62,,36.42,worldgovernmentbonds,2026-08-01T18:05:16+00:00
cds_us_5y,2024-06-15,2024-06-15,35.95,,39.62,worldgovernmentbonds,2026-08-01T18:05:16+00:00
cds_us_5y,2024-06-16,2024-06-16,35.95,,35.95,worldgovernmentbonds,2026-08-01T18:05:16+00:00
cds_us_5y,2024-06-17,2024-06-17,35.95,,35.95,worldgovernmentbonds,2026-08-01T18:05:16+00:00
cds_us_5y,2024-06-18,2024-06-18,35.99,,35.95,worldgovernmentbonds,2026-08-01T18:05:16+00:00
cds_us_5y,2024-06-19,2024-06-19,35.97,,35.99,worldgovernmentbonds,2026-08-01T18:05:16+00:00
cds_us_5y,2024-06-20,2024-06-20,35.98,,35.97,worldgovernmentbonds,2026-08-01T18:05:16+00:00
cds_us_5y,2024-06-21,2024-06-21,35.98,,35.98,worldgovernmentbonds,2026-08-01T18:05:16+00:00
cds_us_5y,2024-06-22,2024-06-22,35.98,,35.98,worldgovernmentbonds,2026-08-01T18:05:16+00:00
cds_us_5y,2024-06-23,2024-06-23,35.98,,35.98,worldgovernmentbonds,2026-08-01T18:05:16+00:00
cds_us_5y,2024-06-24,2024-06-24,35.98,,35.98,worldgovernmentbonds,2026-08-01T18:05:16+00:00
cds_us_5y,2024-06-25,2024-06-25,35.98,,35.98,worldgovernmentbonds,2026-08-01T18:05:16+00:00
cds_us_5y,2024-06-26,2024-06-26,35.53,,35.98,worldgovernmentbonds,2026-08-01T18:05:16+00:00
cds_us_5y,2024-06-27,2024-06-27,35.54,,35.53,worldgovernmentbonds,2026-08-01T18:05:16+00:00
cds_us_5y,2024-06-28,2024-06-28,35.54,,35.54,worldgovernmentbonds,2026-08-01T18:05:16+00:00
cds_us_5y,2024-06-29,2024-06-29,35.53,,35.54,worldgovernmentbonds,2026-08-01T18:05:16+00:00
cds_us_5y,2024-06-30,2024-06-30,35.53,,35.53,worldgovernmentbonds,2026-08-01T18:05:16+00:00
cds_us_5y,2024-07-02,2024-07-02,35.54,,35.53,worldgovernmentbonds,2026-08-01T18:05:16+00:00
cds_us_5y,2024-07-03,2024-07-03,34.63,,35.54,worldgovernmentbonds,2026-08-01T18:05:16+00:00
cds_us_5y,2024-07-04,2024-07-04,34.18,,34.63,worldgovernmentbonds,2026-08-01T18:05:16+00:00
cds_us_5y,2024-07-05,2024-07-05,34.17,,34.18,worldgovernmentbonds,2026-08-01T18:05:16+00:00
cds_us_5y,2024-07-06,2024-07-06,34.18,,34.17,worldgovernmentbonds,2026-08-01T18:05:16+00:00
cds_us_5y,2024-07-07,2024-07-07,34.18,,34.18,worldgovernmentbonds,2026-08-01T18:05:16+00:00
cds_us_5y,2024-07-08,2024-07-08,34.18,,34.18,worldgovernmentbonds,2026-08-01T18:05:16+00:00
cds_us_5y,2024-07-09,2024-07-09,34.17,,34.18,worldgovernmentbonds,2026-08-01T18:05:16+00:00
cds_us_5y,2024-07-10,2024-07-10,34.17,,34.17,worldgovernmentbonds,2026-08-01T18:05:16+00:00
cds_us_5y,2024-07-11,2024-07-11,33.73,,34.17,worldgovernmentbonds,2026-08-01T18:05:16+00:00
cds_us_5y,2024-07-12,2024-07-12,33.73,,33.73,worldgovernmentbonds,2026-08-01T18:05:16+00:00
cds_us_5y,2024-07-13,2024-07-13,33.28,,33.73,worldgovernmentbonds,2026-08-01T18:05:16+00:00
cds_us_5y,2024-07-14,2024-07-14,33.28,,33.28,worldgovernmentbonds,2026-08-01T18:05:16+00:00
cds_us_5y,2024-07-15,2024-07-15,33.28,,33.28,worldgovernmentbonds,2026-08-01T18:05:16+00:00
cds_us_5y,2024-07-16,2024-07-16,32.39,,33.28,worldgovernmentbonds,2026-08-01T18:05:16+00:00
cds_us_5y,2024-07-17,2024-07-17,32.38,,32.39,worldgovernmentbonds,2026-08-01T18:05:16+00:00
cds_us_5y,2024-07-18,2024-07-18,32.37,,32.38,worldgovernmentbonds,2026-08-01T18:05:16+00:00
cds_us_5y,2024-07-19,2024-07-19,32.38,,32.37,worldgovernmentbonds,2026-08-01T18:05:16+00:00
cds_us_5y,2024-07-20,2024-07-20,32.38,,32.38,worldgovernmentbonds,2026-08-01T18:05:16+00:00
cds_us_5y,2024-07-21,2024-07-21,32.38,,32.38,worldgovernmentbonds,2026-08-01T18:05:16+00:00
cds_us_5y,2024-07-22,2024-07-22,32.38,,32.38,worldgovernmentbonds,2026-08-01T18:05:16+00:00
cds_us_5y,2024-07-23,2024-07-23,32.38,,32.38,worldgovernmentbonds,2026-08-01T18:05:16+00:00
cds_us_5y,2024-07-24,2024-07-24,32.38,,32.38,worldgovernmentbonds,2026-08-01T18:05:16+00:00
cds_us_5y,2024-07-25,2024-07-25,32.38,,32.38,worldgovernmentbonds,2026-08-01T18:05:16+00:00
cds_us_5y,2024-07-26,2024-07-26,32.37,,32.38,worldgovernmentbonds,2026-08-01T18:05:16+00:00
cds_us_5y,2024-07-27,2024-07-27,32.39,,32.37,worldgovernmentbonds,2026-08-01T18:05:16+00:00
cds_us_5y,2024-07-28,2024-07-28,32.39,,32.39,worldgovernmentbonds,2026-08-01T18:05:16+00:00
cds_us_5y,2024-07-29,2024-07-29,32.39,,32.39,worldgovernmentbonds,2026-08-01T18:05:16+00:00
cds_us_5y,2024-07-30,2024-07-30,32.38,,32.39,worldgovernmentbonds,2026-08-01T18:05:16+00:00
cds_us_5y,2024-07-31,2024-07-31,32.38,,32.38,worldgovernmentbonds,2026-08-01T18:05:16+00:00
cds_us_5y,2024-08-01,2024-08-01,32.38,,32.38,worldgovernmentbonds,2026-08-01T18:05:16+00:00
cds_us_5y,2024-08-02,2024-08-02,32.38,,32.38,worldgovernmentbonds,2026-08-01T18:05:16+00:00
cds_us_5y,2024-08-03,2024-08-03,31.92,,32.38,worldgovernmentbonds,2026-08-01T18:05:16+00:00
cds_us_5y,2024-08-04,2024-08-04,31.92,,31.92,worldgovernmentbonds,2026-08-01T18:05:16+00:00
cds_us_5y,2024-08-05,2024-08-05,31.92,,31.92,worldgovernmentbonds,2026-08-01T18:05:16+00:00
cds_us_5y,2024-08-06,2024-08-06,32.37,,31.92,worldgovernmentbonds,2026-08-01T18:05:16+00:00
cds_us_5y,2024-08-07,2024-08-07,33.31,,32.37,worldgovernmentbonds,2026-08-01T18:05:16+00:00
cds_us_5y,2024-08-08,2024-08-08,32.4,,33.31,worldgovernmentbonds,2026-08-01T18:05:16+00:00
cds_us_5y,2024-08-09,2024-08-09,32.37,,32.4,worldgovernmentbonds,2026-08-01T18:05:16+00:00
cds_us_5y,2024-08-10,2024-08-10,32.37,,32.37,worldgovernmentbonds,2026-08-01T18:05:16+00:00
cds_us_5y,2024-08-11,2024-08-11,32.38,,32.37,worldgovernmentbonds,2026-08-01T18:05:16+00:00
cds_us_5y,2024-08-12,2024-08-12,32.38,,32.38,worldgovernmentbonds,2026-08-01T18:05:16+00:00
cds_us_5y,2024-08-13,2024-08-13,32.39,,32.38,worldgovernmentbonds,2026-08-01T18:05:16+00:00
cds_us_5y,2024-08-16,2024-08-16,32.39,,32.39,worldgovernmentbonds,2026-08-01T18:05:16+00:00
cds_us_5y,2024-08-19,2024-08-19,32.38,,32.39,worldgovernmentbonds,2026-08-01T18:05:16+00:00
cds_us_5y,2024-08-20,2024-08-20,32.38,,32.38,worldgovernmentbonds,2026-08-01T18:05:16+00:00
cds_us_5y,2024-08-21,2024-08-21,32.39,,32.38,worldgovernmentbonds,2026-08-01T18:05:16+00:00
cds_us_5y,2024-08-22,2024-08-22,32.38,,32.39,worldgovernmentbonds,2026-08-01T18:05:16+00:00
cds_us_5y,2024-08-23,2024-08-23,32.38,,32.38,worldgovernmentbonds,2026-08-01T18:05:16+00:00
cds_us_5y,2024-08-24,2024-08-24,32.38,,32.38,worldgovernmentbonds,2026-08-01T18:05:16+00:00
cds_us_5y,2024-08-25,2024-08-25,32.38,,32.38,worldgovernmentbonds,2026-08-01T18:05:16+00:00
cds_us_5y,2024-08-26,2024-08-26,32.38,,32.38,worldgovernmentbonds,2026-08-01T18:05:16+00:00
cds_us_5y,2024-08-27,2024-08-27,32.38,,32.38,worldgovernmentbonds,2026-08-01T18:05:16+00:00
cds_us_5y,2024-08-28,2024-08-28,32.39,,32.38,worldgovernmentbonds,2026-08-01T18:05:16+00:00
cds_us_5y,2024-08-29,2024-08-29,32.38,,32.39,worldgovernmentbonds,2026-08-01T18:05:16+00:00
cds_us_5y,2024-08-30,2024-08-30,32.38,,32.38,worldgovernmentbonds,2026-08-01T18:05:16+00:00
cds_us_5y,2024-08-31,2024-08-31,32.38,,32.38,worldgovernmentbonds,2026-08-01T18:05:16+00:00
cds_us_5y,2024-09-01,2024-09-01,32.39,,32.38,worldgovernmentbonds,2026-08-01T18:05:16+00:00
cds_us_5y,2024-09-02,2024-09-02,32.39,,32.39,worldgovernmentbonds,2026-08-01T18:05:16+00:00
cds_us_5y,2024-09-03,2024-09-03,31.94,,32.39,worldgovernmentbonds,2026-08-01T18:05:16+00:00
cds_us_5y,2024-09-04,2024-09-04,31.93,,31.94,worldgovernmentbonds,2026-08-01T18:05:16+00:00
cds_us_5y,2024-09-05,2024-09-05,31.92,,31.93,worldgovernmentbonds,2026-08-01T18:05:16+00:00
cds_us_5y,2024-09-06,2024-09-06,31.92,,31.92,worldgovernmentbonds,2026-08-01T18:05:16+00:00
cds_us_5y,2024-09-07,2024-09-07,31.92,,31.92,worldgovernmentbonds,2026-08-01T18:05:16+00:00
cds_us_5y,2024-09-08,2024-09-08,31.92,,31.92,worldgovernmentbonds,2026-08-01T18:05:16+00:00
cds_us_5y,2024-09-09,2024-09-09,31.92,,31.92,worldgovernmentbonds,2026-08-01T18:05:16+00:00
cds_us_5y,2024-09-10,2024-09-10,32.38,,31.92,worldgovernmentbonds,2026-08-01T18:05:16+00:00
cds_us_5y,2024-09-11,2024-09-11,32.38,,32.38,worldgovernmentbonds,2026-08-01T18:05:16+00:00
cds_us_5y,2024-09-12,2024-09-12,32.37,,32.38,worldgovernmentbonds,2026-08-01T18:05:16+00:00
cds_us_5y,2024-09-13,2024-09-13,32.39,,32.37,worldgovernmentbonds,2026-08-01T18:05:16+00:00
cds_us_5y,2024-09-14,2024-09-14,32.38,,32.39,worldgovernmentbonds,2026-08-01T18:05:16+00:00
cds_us_5y,2024-09-15,2024-09-15,32.38,,32.38,worldgovernmentbonds,2026-08-01T18:05:16+00:00
cds_us_5y,2024-09-16,2024-09-16,32.38,,32.38,worldgovernmentbonds,2026-08-01T18:05:16+00:00
cds_us_5y,2024-09-17,2024-09-17,32.38,,32.38,worldgovernmentbonds,2026-08-01T18:05:16+00:00
cds_us_5y,2024-09-18,2024-09-18,32.38,,32.38,worldgovernmentbonds,2026-08-01T18:05:16+00:00
cds_us_5y,2024-09-19,2024-09-19,32.38,,32.38,worldgovernmentbonds,2026-08-01T18:05:16+00:00
cds_us_5y,2024-09-20,2024-09-20,32.38,,32.38,worldgovernmentbonds,2026-08-01T18:05:16+00:00
cds_us_5y,2024-09-21,2024-09-21,32.38,,32.38,worldgovernmentbonds,2026-08-01T18:05:16+00:00
cds_us_5y,2024-09-22,2024-09-22,33.51,,32.38,worldgovernmentbonds,2026-08-01T18:05:16+00:00
cds_us_5y,2024-09-23,2024-09-23,33.51,,33.51,worldgovernmentbonds,2026-08-01T18:05:16+00:00
cds_us_5y,2024-09-24,2024-09-24,33.72,,33.51,worldgovernmentbonds,2026-08-01T18:05:16+00:00
cds_us_5y,2024-09-25,2024-09-25,33.72,,33.72,worldgovernmentbonds,2026-08-01T18:05:16+00:00
cds_us_5y,2024-09-26,2024-09-26,34.17,,33.72,worldgovernmentbonds,2026-08-01T18:05:16+00:00
cds_us_5y,2024-09-27,2024-09-27,34.62,,34.17,worldgovernmentbonds,2026-08-01T18:05:16+00:00
cds_us_5y,2024-09-28,2024-09-28,35.08,,34.62,worldgovernmentbonds,2026-08-01T18:05:16+00:00
cds_us_5y,2024-09-29,2024-09-29,35.08,,35.08,worldgovernmentbonds,2026-08-01T18:05:16+00:00
cds_us_5y,2024-09-30,2024-09-30,35.08,,35.08,worldgovernmentbonds,2026-08-01T18:05:16+00:00
cds_us_5y,2024-10-01,2024-10-01,35.07,,35.08,worldgovernmentbonds,2026-08-01T18:05:16+00:00
cds_us_5y,2024-10-02,2024-10-02,35.07,,35.07,worldgovernmentbonds,2026-08-01T18:05:16+00:00
cds_us_5y,2024-10-03,2024-10-03,35.98,,35.07,worldgovernmentbonds,2026-08-01T18:05:16+00:00
cds_us_5y,2024-10-04,2024-10-04,35.98,,35.98,worldgovernmentbonds,2026-08-01T18:05:16+00:00
cds_us_5y,2024-10-05,2024-10-05,35.98,,35.98,worldgovernmentbonds,2026-08-01T18:05:16+00:00
cds_us_5y,2024-10-06,2024-10-06,35.98,,35.98,worldgovernmentbonds,2026-08-01T18:05:16+00:00
cds_us_5y,2024-10-07,2024-10-07,35.98,,35.98,worldgovernmentbonds,2026-08-01T18:05:16+00:00
cds_us_5y,2024-10-08,2024-10-08,36.88,,35.98,worldgovernmentbonds,2026-08-01T18:05:16+00:00
cds_us_5y,2024-10-09,2024-10-09,36.86,,36.88,worldgovernmentbonds,2026-08-01T18:05:16+00:00
cds_us_5y,2024-10-10,2024-10-10,37.31,,36.86,worldgovernmentbonds,2026-08-01T18:05:16+00:00
cds_us_5y,2024-10-11,2024-10-11,38.39,,37.31,worldgovernmentbonds,2026-08-01T18:05:16+00:00
cds_us_5y,2024-10-12,2024-10-12,41.37,,38.39,worldgovernmentbonds,2026-08-01T18:05:16+00:00
cds_us_5y,2024-10-13,2024-10-13,41.37,,41.37,worldgovernmentbonds,2026-08-01T18:05:16+00:00
cds_us_5y,2024-10-14,2024-10-14,41.37,,41.37,worldgovernmentbonds,2026-08-01T18:05:16+00:00
cds_us_5y,2024-10-15,2024-10-15,41.37,,41.37,worldgovernmentbonds,2026-08-01T18:05:16+00:00
cds_us_5y,2024-10-16,2024-10-16,40.47,,41.37,worldgovernmentbonds,2026-08-01T18:05:16+00:00
cds_us_5y,2024-10-17,2024-10-17,39.59,,40.47,worldgovernmentbonds,2026-08-01T18:05:16+00:00
cds_us_5y,2024-10-18,2024-10-18,39.59,,39.59,worldgovernmentbonds,2026-08-01T18:05:16+00:00
cds_us_5y,2024-10-19,2024-10-19,39.58,,39.59,worldgovernmentbonds,2026-08-01T18:05:16+00:00
cds_us_5y,2024-10-20,2024-10-20,39.58,,39.58,worldgovernmentbonds,2026-08-01T18:05:16+00:00
cds_us_5y,2024-10-21,2024-10-21,39.58,,39.58,worldgovernmentbonds,2026-08-01T18:05:16+00:00
cds_us_5y,2024-10-22,2024-10-22,39.59,,39.58,worldgovernmentbonds,2026-08-01T18:05:16+00:00
cds_us_5y,2024-10-23,2024-10-23,39.6,,39.59,worldgovernmentbonds,2026-08-01T18:05:16+00:00
cds_us_5y,2024-10-24,2024-10-24,39.6,,39.6,worldgovernmentbonds,2026-08-01T18:05:16+00:00
cds_us_5y,2024-10-25,2024-10-25,39.59,,39.6,worldgovernmentbonds,2026-08-01T18:05:16+00:00
cds_us_5y,2024-10-26,2024-10-26,39.58,,39.59,worldgovernmentbonds,2026-08-01T18:05:16+00:00
cds_us_5y,2024-10-27,2024-10-27,39.58,,39.58,worldgovernmentbonds,2026-08-01T18:05:16+00:00
cds_us_5y,2024-10-28,2024-10-28,39.58,,39.58,worldgovernmentbonds,2026-08-01T18:05:16+00:00
cds_us_5y,2024-10-29,2024-10-29,39.61,,39.58,worldgovernmentbonds,2026-08-01T18:05:16+00:00
cds_us_5y,2024-10-30,2024-10-30,39.61,,39.61,worldgovernmentbonds,2026-08-01T18:05:16+00:00
cds_us_5y,2024-10-31,2024-10-31,39.59,,39.61,worldgovernmentbonds,2026-08-01T18:05:16+00:00
cds_us_5y,2024-11-01,2024-11-01,39.62,,39.59,worldgovernmentbonds,2026-08-01T18:05:16+00:00
cds_us_5y,2024-11-02,2024-11-02,39.61,,39.62,worldgovernmentbonds,2026-08-01T18:05:16+00:00
cds_us_5y,2024-11-03,2024-11-03,39.61,,39.61,worldgovernmentbonds,2026-08-01T18:05:16+00:00
cds_us_5y,2024-11-04,2024-11-04,39.58,,39.61,worldgovernmentbonds,2026-08-01T18:05:16+00:00
cds_us_5y,2024-11-05,2024-11-05,39.6,,39.58,worldgovernmentbonds,2026-08-01T18:05:16+00:00
cds_us_5y,2024-11-06,2024-11-06,39.6,,39.6,worldgovernmentbonds,2026-08-01T18:05:16+00:00
cds_us_5y,2024-11-07,2024-11-07,39.59,,39.6,worldgovernmentbonds,2026-08-01T18:05:16+00:00
cds_us_5y,2024-11-08,2024-11-08,29.23,,39.59,worldgovernmentbonds,2026-08-01T18:05:16+00:00
cds_us_5y,2024-11-09,2024-11-09,29.23,,29.23,worldgovernmentbonds,2026-08-01T18:05:16+00:00
cds_us_5y,2024-11-10,2024-11-10,29.23,,29.23,worldgovernmentbonds,2026-08-01T18:05:16+00:00
cds_us_5y,2024-11-11,2024-11-11,29.23,,29.23,worldgovernmentbonds,2026-08-01T18:05:16+00:00
cds_us_5y,2024-11-12,2024-11-12,29.22,,29.23,worldgovernmentbonds,2026-08-01T18:05:16+00:00
cds_us_5y,2024-11-13,2024-11-13,29.67,,29.22,worldgovernmentbonds,2026-08-01T18:05:16+00:00
cds_us_5y,2024-11-14,2024-11-14,30.14,,29.67,worldgovernmentbonds,2026-08-01T18:05:16+00:00
cds_us_5y,2024-11-15,2024-11-15,30.13,,30.14,worldgovernmentbonds,2026-08-01T18:05:16+00:00
cds_us_5y,2024-11-16,2024-11-16,30.13,,30.13,worldgovernmentbonds,2026-08-01T18:05:16+00:00
cds_us_5y,2024-11-17,2024-11-17,30.13,,30.13,worldgovernmentbonds,2026-08-01T18:05:16+00:00
cds_us_5y,2024-11-18,2024-11-18,30.13,,30.13,worldgovernmentbonds,2026-08-01T18:05:16+00:00
cds_us_5y,2024-11-19,2024-11-19,30.12,,30.13,worldgovernmentbonds,2026-08-01T18:05:16+00:00
cds_us_5y,2024-11-20,2024-11-20,30.12,,30.12,worldgovernmentbonds,2026-08-01T18:05:16+00:00
cds_us_5y,2024-11-21,2024-11-21,30.13,,30.12,worldgovernmentbonds,2026-08-01T18:05:16+00:00
cds_us_5y,2024-11-22,2024-11-22,30.13,,30.13,worldgovernmentbonds,2026-08-01T18:05:16+00:00
cds_us_5y,2024-11-23,2024-11-23,30.13,,30.13,worldgovernmentbonds,2026-08-01T18:05:16+00:00
cds_us_5y,2024-11-24,2024-11-24,30.13,,30.13,worldgovernmentbonds,2026-08-01T18:05:16+00:00
cds_us_5y,2024-11-26,2024-11-26,30.12,,30.13,worldgovernmentbonds,2026-08-01T18:05:16+00:00
cds_us_5y,2024-11-27,2024-11-27,30.13,,30.12,worldgovernmentbonds,2026-08-01T18:05:16+00:00
cds_us_5y,2024-11-28,2024-11-28,30.12,,30.13,worldgovernmentbonds,2026-08-01T18:05:16+00:00
cds_us_5y,2024-11-29,2024-11-29,30.12,,30.12,worldgovernmentbonds,2026-08-01T18:05:16+00:00
cds_us_5y,2024-11-30,2024-11-30,30.13,,30.12,worldgovernmentbonds,2026-08-01T18:05:16+00:00
cds_us_5y,2024-12-01,2024-12-01,29.68,,30.13,worldgovernmentbonds,2026-08-01T18:05:16+00:00
cds_us_5y,2024-12-02,2024-12-02,29.68,,29.68,worldgovernmentbonds,2026-08-01T18:05:16+00:00
cds_us_5y,2024-12-03,2024-12-03,29.67,,29.68,worldgovernmentbonds,2026-08-01T18:05:16+00:00
cds_us_5y,2024-12-04,2024-12-04,29.67,,29.67,worldgovernmentbonds,2026-08-01T18:05:16+00:00
cds_us_5y,2024-12-05,2024-12-05,29.68,,29.67,worldgovernmentbonds,2026-08-01T18:05:16+00:00
cds_us_5y,2024-12-06,2024-12-06,29.67,,29.68,worldgovernmentbonds,2026-08-01T18:05:16+00:00
cds_us_5y,2024-12-07,2024-12-07,29.69,,29.67,worldgovernmentbonds,2026-08-01T18:05:16+00:00
cds_us_5y,2024-12-08,2024-12-08,29.67,,29.69,worldgovernmentbonds,2026-08-01T18:05:16+00:00
cds_us_5y,2024-12-09,2024-12-09,29.67,,29.67,worldgovernmentbonds,2026-08-01T18:05:16+00:00
cds_us_5y,2024-12-10,2024-12-10,29.67,,29.67,worldgovernmentbonds,2026-08-01T18:05:16+00:00
cds_us_5y,2024-12-11,2024-12-11,29.23,,29.67,worldgovernmentbonds,2026-08-01T18:05:16+00:00
cds_us_5y,2024-12-12,2024-12-12,29.23,,29.23,worldgovernmentbonds,2026-08-01T18:05:16+00:00
cds_us_5y,2024-12-13,2024-12-13,29.23,,29.23,worldgovernmentbonds,2026-08-01T18:05:16+00:00
cds_us_5y,2024-12-14,2024-12-14,29.24,,29.23,worldgovernmentbonds,2026-08-01T18:05:16+00:00
cds_us_5y,2024-12-15,2024-12-15,29.24,,29.24,worldgovernmentbonds,2026-08-01T18:05:16+00:00
cds_us_5y,2024-12-16,2024-12-16,29.24,,29.24,worldgovernmentbonds,2026-08-01T18:05:16+00:00
cds_us_5y,2024-12-17,2024-12-17,29.23,,29.24,worldgovernmentbonds,2026-08-01T18:05:16+00:00
cds_us_5y,2024-12-18,2024-12-18,28.78,,29.23,worldgovernmentbonds,2026-08-01T18:05:16+00:00
cds_us_5y,2024-12-19,2024-12-19,28.78,,28.78,worldgovernmentbonds,2026-08-01T18:05:16+00:00
cds_us_5y,2024-12-20,2024-12-20,28.79,,28.78,worldgovernmentbonds,2026-08-01T18:05:16+00:00
cds_us_5y,2024-12-21,2024-12-21,28.79,,28.79,worldgovernmentbonds,2026-08-01T18:05:16+00:00
cds_us_5y,2024-12-22,2024-12-22,29.23,,28.79,worldgovernmentbonds,2026-08-01T18:05:16+00:00
cds_us_5y,2024-12-23,2024-12-23,29.23,,29.23,worldgovernmentbonds,2026-08-01T18:05:16+00:00
cds_us_5y,2024-12-24,2024-12-24,29.23,,29.23,worldgovernmentbonds,2026-08-01T18:05:16+00:00
cds_us_5y,2024-12-25,2024-12-25,29.23,,29.23,worldgovernmentbonds,2026-08-01T18:05:16+00:00
cds_us_5y,2024-12-26,2024-12-26,29.23,,29.23,worldgovernmentbonds,2026-08-01T18:05:16+00:00
cds_us_5y,2024-12-27,2024-12-27,29.23,,29.23,worldgovernmentbonds,2026-08-01T18:05:16+00:00
cds_us_5y,2024-12-28,2024-12-28,29.23,,29.23,worldgovernmentbonds,2026-08-01T18:05:16+00:00
cds_us_5y,2024-12-29,2024-12-29,29.23,,29.23,worldgovernmentbonds,2026-08-01T18:05:16+00:00
cds_us_5y,2024-12-30,2024-12-30,29.23,,29.23,worldgovernmentbonds,2026-08-01T18:05:16+00:00
cds_us_5y,2024-12-31,2024-12-31,29.23,,29.23,worldgovernmentbonds,2026-08-01T18:05:16+00:00
cds_us_5y,2025-01-01,2025-01-01,29.23,,29.23,worldgovernmentbonds,2026-08-01T18:05:16+00:00
cds_us_5y,2025-01-02,2025-01-02,29.68,,29.23,worldgovernmentbonds,2026-08-01T18:05:16+00:00
cds_us_5y,2025-01-03,2025-01-03,29.68,,29.68,worldgovernmentbonds,2026-08-01T18:05:16+00:00
cds_us_5y,2025-01-04,2025-01-04,29.68,,29.68,worldgovernmentbonds,2026-08-01T18:05:16+00:00
cds_us_5y,2025-01-05,2025-01-05,29.68,,29.68,worldgovernmentbonds,2026-08-01T18:05:16+00:00
cds_us_5y,2025-01-06,2025-01-06,29.68,,29.68,worldgovernmentbonds,2026-08-01T18:05:16+00:00
cds_us_5y,2025-01-07,2025-01-07,29.69,,29.68,worldgovernmentbonds,2026-08-01T18:05:16+00:00
cds_us_5y,2025-01-08,2025-01-08,30.13,,29.69,worldgovernmentbonds,2026-08-01T18:05:16+00:00
cds_us_5y,2025-01-09,2025-01-09,31.48,,30.13,worldgovernmentbonds,2026-08-01T18:05:16+00:00
cds_us_5y,2025-01-10,2025-01-10,32.39,,31.48,worldgovernmentbonds,2026-08-01T18:05:16+00:00
cds_us_5y,2025-01-11,2025-01-11,32.39,,32.39,worldgovernmentbonds,2026-08-01T18:05:16+00:00
cds_us_5y,2025-01-12,2025-01-12,32.39,,32.39,worldgovernmentbonds,2026-08-01T18:05:16+00:00
cds_us_5y,2025-01-13,2025-01-13,32.39,,32.39,worldgovernmentbonds,2026-08-01T18:05:16+00:00
cds_us_5y,2025-01-14,2025-01-14,32.39,,32.39,worldgovernmentbonds,2026-08-01T18:05:16+00:00
cds_us_5y,2025-01-15,2025-01-15,33.28,,32.39,worldgovernmentbonds,2026-08-01T18:05:16+00:00
cds_us_5y,2025-01-16,2025-01-16,32.83,,33.28,worldgovernmentbonds,2026-08-01T18:05:16+00:00
cds_us_5y,2025-01-17,2025-01-17,32.83,,32.83,worldgovernmentbonds,2026-08-01T18:05:16+00:00
cds_us_5y,2025-01-18,2025-01-18,32.82,,32.83,worldgovernmentbonds,2026-08-01T18:05:16+00:00
cds_us_5y,2025-01-19,2025-01-19,32.82,,32.82,worldgovernmentbonds,2026-08-01T18:05:16+00:00
cds_us_5y,2025-01-20,2025-01-20,32.82,,32.82,worldgovernmentbonds,2026-08-01T18:05:16+00:00
cds_us_5y,2025-01-21,2025-01-21,32.38,,32.82,worldgovernmentbonds,2026-08-01T18:05:16+00:00
cds_us_5y,2025-01-22,2025-01-22,32.37,,32.38,worldgovernmentbonds,2026-08-01T18:05:16+00:00
cds_us_5y,2025-01-23,2025-01-23,32.38,,32.37,worldgovernmentbonds,2026-08-01T18:05:16+00:00
cds_us_5y,2025-01-24,2025-01-24,32.38,,32.38,worldgovernmentbonds,2026-08-01T18:05:16+00:00
cds_us_5y,2025-01-25,2025-01-25,32.39,,32.38,worldgovernmentbonds,2026-08-01T18:05:16+00:00
cds_us_5y,2025-01-26,2025-01-26,32.38,,32.39,worldgovernmentbonds,2026-08-01T18:05:16+00:00
cds_us_5y,2025-01-27,2025-01-27,32.38,,32.38,worldgovernmentbonds,2026-08-01T18:05:16+00:00
cds_us_5y,2025-01-28,2025-01-28,31.47,,32.38,worldgovernmentbonds,2026-08-01T18:05:16+00:00
cds_us_5y,2025-01-29,2025-01-29,31.48,,31.47,worldgovernmentbonds,2026-08-01T18:05:16+00:00
cds_us_5y,2025-01-30,2025-01-30,31.48,,31.48,worldgovernmentbonds,2026-08-01T18:05:16+00:00
cds_us_5y,2025-01-31,2025-01-31,31.48,,31.48,worldgovernmentbonds,2026-08-01T18:05:16+00:00
cds_us_5y,2025-02-01,2025-02-01,31.48,,31.48,worldgovernmentbonds,2026-08-01T18:05:16+00:00
cds_us_5y,2025-02-02,2025-02-02,31.49,,31.48,worldgovernmentbonds,2026-08-01T18:05:16+00:00
cds_us_5y,2025-02-03,2025-02-03,31.49,,31.49,worldgovernmentbonds,2026-08-01T18:05:16+00:00
cds_us_5y,2025-02-04,2025-02-04,31.47,,31.49,worldgovernmentbonds,2026-08-01T18:05:16+00:00
cds_us_5y,2025-02-05,2025-02-05,31.47,,31.47,worldgovernmentbonds,2026-08-01T18:05:16+00:00
cds_us_5y,2025-02-06,2025-02-06,31.48,,31.47,worldgovernmentbonds,2026-08-01T18:05:16+00:00
cds_us_5y,2025-02-07,2025-02-07,31.48,,31.48,worldgovernmentbonds,2026-08-01T18:05:16+00:00
cds_us_5y,2025-02-08,2025-02-08,31.48,,31.48,worldgovernmentbonds,2026-08-01T18:05:16+00:00
cds_us_5y,2025-02-09,2025-02-09,31.48,,31.48,worldgovernmentbonds,2026-08-01T18:05:16+00:00
cds_us_5y,2025-02-10,2025-02-10,31.48,,31.48,worldgovernmentbonds,2026-08-01T18:05:16+00:00
cds_us_5y,2025-02-11,2025-02-11,31.47,,31.48,worldgovernmentbonds,2026-08-01T18:05:16+00:00
cds_us_5y,2025-02-12,2025-02-12,31.48,,31.47,worldgovernmentbonds,2026-08-01T18:05:16+00:00
cds_us_5y,2025-02-13,2025-02-13,31.03,,31.48,worldgovernmentbonds,2026-08-01T18:05:16+00:00
cds_us_5y,2025-02-14,2025-02-14,30.58,,31.03,worldgovernmentbonds,2026-08-01T18:05:16+00:00
cds_us_5y,2025-02-15,2025-02-15,30.58,,30.58,worldgovernmentbonds,2026-08-01T18:05:16+00:00
cds_us_5y,2025-02-16,2025-02-16,30.58,,30.58,worldgovernmentbonds,2026-08-01T18:05:16+00:00
cds_us_5y,2025-02-17,2025-02-17,30.58,,30.58,worldgovernmentbonds,2026-08-01T18:05:16+00:00
cds_us_5y,2025-02-18,2025-02-18,30.59,,30.58,worldgovernmentbonds,2026-08-01T18:05:16+00:00
cds_us_5y,2025-02-19,2025-02-19,30.59,,30.59,worldgovernmentbonds,2026-08-01T18:05:16+00:00
cds_us_5y,2025-02-20,2025-02-20,30.59,,30.59,worldgovernmentbonds,2026-08-01T18:05:16+00:00
cds_us_5y,2025-02-22,2025-02-22,30.58,,30.59,worldgovernmentbonds,2026-08-01T18:05:16+00:00
cds_us_5y,2025-02-23,2025-02-23,30.58,,30.58,worldgovernmentbonds,2026-08-01T18:05:16+00:00
cds_us_5y,2025-02-24,2025-02-24,30.58,,30.58,worldgovernmentbonds,2026-08-01T18:05:16+00:00
cds_us_5y,2025-02-25,2025-02-25,31.48,,30.58,worldgovernmentbonds,2026-08-01T18:05:16+00:00
cds_us_5y,2025-02-26,2025-02-26,32.39,,31.48,worldgovernmentbonds,2026-08-01T18:05:16+00:00
cds_us_5y,2025-02-27,2025-02-27,33.75,,32.39,worldgovernmentbonds,2026-08-01T18:05:16+00:00
cds_us_5y,2025-02-28,2025-02-28,34.18,,33.75,worldgovernmentbonds,2026-08-01T18:05:16+00:00
cds_us_5y,2025-03-01,2025-03-01,34.18,,34.18,worldgovernmentbonds,2026-08-01T18:05:16+00:00
cds_us_5y,2025-03-02,2025-03-02,34.18,,34.18,worldgovernmentbonds,2026-08-01T18:05:16+00:00
cds_us_5y,2025-03-03,2025-03-03,34.18,,34.18,worldgovernmentbonds,2026-08-01T18:05:16+00:00
cds_us_5y,2025-03-04,2025-03-04,34.2,,34.18,worldgovernmentbonds,2026-08-01T18:05:16+00:00
cds_us_5y,2025-03-05,2025-03-05,34.18,,34.2,worldgovernmentbonds,2026-08-01T18:05:16+00:00
cds_us_5y,2025-03-06,2025-03-06,34.22,,34.18,worldgovernmentbonds,2026-08-01T18:05:16+00:00
cds_us_5y,2025-03-07,2025-03-07,35.11,,34.22,worldgovernmentbonds,2026-08-01T18:05:16+00:00
cds_us_5y,2025-03-08,2025-03-08,35.11,,35.11,worldgovernmentbonds,2026-08-01T18:05:16+00:00
cds_us_5y,2025-03-09,2025-03-09,35.07,,35.11,worldgovernmentbonds,2026-08-01T18:05:16+00:00
cds_us_5y,2025-03-10,2025-03-10,35.11,,35.07,worldgovernmentbonds,2026-08-01T18:05:16+00:00
cds_us_5y,2025-03-11,2025-03-11,35.53,,35.11,worldgovernmentbonds,2026-08-01T18:05:16+00:00
cds_us_5y,2025-03-12,2025-03-12,35.54,,35.53,worldgovernmentbonds,2026-08-01T18:05:16+00:00
cds_us_5y,2025-03-13,2025-03-13,35.54,,35.54,worldgovernmentbonds,2026-08-01T18:05:16+00:00
cds_us_5y,2025-03-14,2025-03-14,36.45,,35.54,worldgovernmentbonds,2026-08-01T18:05:16+00:00
cds_us_5y,2025-03-15,2025-03-15,36.45,,36.45,worldgovernmentbonds,2026-08-01T18:05:16+00:00
cds_us_5y,2025-03-16,2025-03-16,36.45,,36.45,worldgovernmentbonds,2026-08-01T18:05:16+00:00
cds_us_5y,2025-03-17,2025-03-17,36.45,,36.45,worldgovernmentbonds,2026-08-01T18:05:16+00:00
cds_us_5y,2025-03-18,2025-03-18,36.9,,36.45,worldgovernmentbonds,2026-08-01T18:05:16+00:00
cds_us_5y,2025-03-19,2025-03-19,36.9,,36.9,worldgovernmentbonds,2026-08-01T18:05:16+00:00
cds_us_5y,2025-03-20,2025-03-20,36.89,,36.9,worldgovernmentbonds,2026-08-01T18:05:16+00:00
cds_us_5y,2025-03-21,2025-03-21,36.89,,36.89,worldgovernmentbonds,2026-08-01T18:05:16+00:00
cds_us_5y,2025-03-22,2025-03-22,36.89,,36.89,worldgovernmentbonds,2026-08-01T18:05:16+00:00
cds_us_5y,2025-03-23,2025-03-23,36.89,,36.89,worldgovernmentbonds,2026-08-01T18:05:16+00:00
cds_us_5y,2025-03-24,2025-03-24,36.89,,36.89,worldgovernmentbonds,2026-08-01T18:05:16+00:00
cds_us_5y,2025-03-25,2025-03-25,37.33,,36.89,worldgovernmentbonds,2026-08-01T18:05:16+00:00
cds_us_5y,2025-03-26,2025-03-26,37.33,,37.33,worldgovernmentbonds,2026-08-01T18:05:16+00:00
cds_us_5y,2025-03-27,2025-03-27,36.44,,37.33,worldgovernmentbonds,2026-08-01T18:05:16+00:00
cds_us_5y,2025-03-28,2025-03-28,36.44,,36.44,worldgovernmentbonds,2026-08-01T18:05:16+00:00
cds_us_5y,2025-03-29,2025-03-29,36.44,,36.44,worldgovernmentbonds,2026-08-01T18:05:16+00:00
cds_us_5y,2025-03-30,2025-03-30,36.44,,36.44,worldgovernmentbonds,2026-08-01T18:05:16+00:00
cds_us_5y,2025-03-31,2025-03-31,36.87,,36.44,worldgovernmentbonds,2026-08-01T18:05:16+00:00
cds_us_5y,2025-04-01,2025-04-01,36.87,,36.87,worldgovernmentbonds,2026-08-01T18:05:16+00:00
cds_us_5y,2025-04-02,2025-04-02,36.87,,36.87,worldgovernmentbonds,2026-08-01T18:05:16+00:00
cds_us_5y,2025-04-03,2025-04-03,36.89,,36.87,worldgovernmentbonds,2026-08-01T18:05:16+00:00
cds_us_5y,2025-04-04,2025-04-04,36.89,,36.89,worldgovernmentbonds,2026-08-01T18:05:16+00:00
cds_us_5y,2025-04-05,2025-04-05,37.32,,36.89,worldgovernmentbonds,2026-08-01T18:05:16+00:00
cds_us_5y,2025-04-06,2025-04-06,37.32,,37.32,worldgovernmentbonds,2026-08-01T18:05:16+00:00
cds_us_5y,2025-04-07,2025-04-07,37.32,,37.32,worldgovernmentbonds,2026-08-01T18:05:16+00:00
cds_us_5y,2025-04-08,2025-04-08,37.32,,37.32,worldgovernmentbonds,2026-08-01T18:05:16+00:00
cds_us_5y,2025-04-09,2025-04-09,37.32,,37.32,worldgovernmentbonds,2026-08-01T18:05:16+00:00
cds_us_5y,2025-04-10,2025-04-10,41.87,,37.32,worldgovernmentbonds,2026-08-01T18:05:16+00:00
cds_us_5y,2025-04-11,2025-04-11,41.87,,41.87,worldgovernmentbonds,2026-08-01T18:05:16+00:00
cds_us_5y,2025-04-12,2025-04-12,41.87,,41.87,worldgovernmentbonds,2026-08-01T18:05:16+00:00
cds_us_5y,2025-04-13,2025-04-13,41.87,,41.87,worldgovernmentbonds,2026-08-01T18:05:16+00:00
cds_us_5y,2025-04-14,2025-04-14,41.87,,41.87,worldgovernmentbonds,2026-08-01T18:05:16+00:00
cds_us_5y,2025-04-15,2025-04-15,49.54,,41.87,worldgovernmentbonds,2026-08-01T18:05:16+00:00
cds_us_5y,2025-04-16,2025-04-16,49.54,,49.54,worldgovernmentbonds,2026-08-01T18:05:16+00:00
cds_us_5y,2025-04-17,2025-04-17,48.6,,49.54,worldgovernmentbonds,2026-08-01T18:05:16+00:00
cds_us_5y,2025-04-18,2025-04-18,50.39,,48.6,worldgovernmentbonds,2026-08-01T18:05:16+00:00
cds_us_5y,2025-04-19,2025-04-19,50.39,,50.39,worldgovernmentbonds,2026-08-01T18:05:16+00:00
cds_us_5y,2025-04-20,2025-04-20,50.39,,50.39,worldgovernmentbonds,2026-08-01T18:05:16+00:00
cds_us_5y,2025-04-21,2025-04-21,50.42,,50.39,worldgovernmentbonds,2026-08-01T18:05:16+00:00
cds_us_5y,2025-04-22,2025-04-22,50.4,,50.42,worldgovernmentbonds,2026-08-01T18:05:16+00:00
cds_us_5y,2025-04-23,2025-04-23,50.4,,50.4,worldgovernmentbonds,2026-08-01T18:05:16+00:00
cds_us_5y,2025-04-24,2025-04-24,52.25,,50.4,worldgovernmentbonds,2026-08-01T18:05:16+00:00
cds_us_5y,2025-04-25,2025-04-25,52.25,,52.25,worldgovernmentbonds,2026-08-01T18:05:16+00:00
cds_us_5y,2025-04-26,2025-04-26,52.25,,52.25,worldgovernmentbonds,2026-08-01T18:05:16+00:00
cds_us_5y,2025-04-27,2025-04-27,52.25,,52.25,worldgovernmentbonds,2026-08-01T18:05:16+00:00
cds_us_5y,2025-04-28,2025-04-28,51.33,,52.25,worldgovernmentbonds,2026-08-01T18:05:16+00:00
cds_us_5y,2025-04-29,2025-04-29,51.33,,51.33,worldgovernmentbonds,2026-08-01T18:05:16+00:00
cds_us_5y,2025-04-30,2025-04-30,51.33,,51.33,worldgovernmentbonds,2026-08-01T18:05:16+00:00
cds_us_5y,2025-05-01,2025-05-01,51.33,,51.33,worldgovernmentbonds,2026-08-01T18:05:16+00:00
cds_us_5y,2025-05-02,2025-05-02,51.33,,51.33,worldgovernmentbonds,2026-08-01T18:05:16+00:00
cds_us_5y,2025-05-03,2025-05-03,51.33,,51.33,worldgovernmentbonds,2026-08-01T18:05:16+00:00
cds_us_5y,2025-05-04,2025-05-04,51.33,,51.33,worldgovernmentbonds,2026-08-01T18:05:16+00:00
cds_us_5y,2025-05-05,2025-05-05,51.33,,51.33,worldgovernmentbonds,2026-08-01T18:05:16+00:00
cds_us_5y,2025-05-06,2025-05-06,51.33,,51.33,worldgovernmentbonds,2026-08-01T18:05:16+00:00
cds_us_5y,2025-05-07,2025-05-07,51.33,,51.33,worldgovernmentbonds,2026-08-01T18:05:16+00:00
cds_us_5y,2025-05-08,2025-05-08,51.33,,51.33,worldgovernmentbonds,2026-08-01T18:05:16+00:00
cds_us_5y,2025-05-09,2025-05-09,51.33,,51.33,worldgovernmentbonds,2026-08-01T18:05:16+00:00
cds_us_5y,2025-05-10,2025-05-10,51.33,,51.33,worldgovernmentbonds,2026-08-01T18:05:16+00:00
cds_us_5y,2025-05-11,2025-05-11,51.33,,51.33,worldgovernmentbonds,2026-08-01T18:05:16+00:00
cds_us_5y,2025-05-12,2025-05-12,51.33,,51.33,worldgovernmentbonds,2026-08-01T18:05:16+00:00
cds_us_5y,2025-05-13,2025-05-13,48.67,,51.33,worldgovernmentbonds,2026-08-01T18:05:16+00:00
cds_us_5y,2025-05-14,2025-05-14,48.61,,48.67,worldgovernmentbonds,2026-08-01T18:05:16+00:00
cds_us_5y,2025-05-15,2025-05-15,48.62,,48.61,worldgovernmentbonds,2026-08-01T18:05:16+00:00
cds_us_5y,2025-05-16,2025-05-16,47.22,,48.62,worldgovernmentbonds,2026-08-01T18:05:16+00:00
cds_us_5y,2025-05-17,2025-05-17,47.22,,47.22,worldgovernmentbonds,2026-08-01T18:05:16+00:00
cds_us_5y,2025-05-18,2025-05-18,47.22,,47.22,worldgovernmentbonds,2026-08-01T18:05:16+00:00
cds_us_5y,2025-05-19,2025-05-19,47.22,,47.22,worldgovernmentbonds,2026-08-01T18:05:16+00:00
cds_us_5y,2025-05-20,2025-05-20,47.7,,47.22,worldgovernmentbonds,2026-08-01T18:05:16+00:00
cds_us_5y,2025-05-21,2025-05-21,47.7,,47.7,worldgovernmentbonds,2026-08-01T18:05:16+00:00
cds_us_5y,2025-05-22,2025-05-22,47.72,,47.7,worldgovernmentbonds,2026-08-01T18:05:16+00:00
cds_us_5y,2025-05-23,2025-05-23,47.69,,47.72,worldgovernmentbonds,2026-08-01T18:05:16+00:00
cds_us_5y,2025-05-24,2025-05-24,47.69,,47.69,worldgovernmentbonds,2026-08-01T18:05:16+00:00
cds_us_5y,2025-05-25,2025-05-25,47.69,,47.69,worldgovernmentbonds,2026-08-01T18:05:16+00:00
cds_us_5y,2025-05-26,2025-05-26,47.66,,47.69,worldgovernmentbonds,2026-08-01T18:05:16+00:00
cds_us_5y,2025-05-27,2025-05-27,47.7,,47.66,worldgovernmentbonds,2026-08-01T18:05:16+00:00
cds_us_5y,2025-05-28,2025-05-28,47.7,,47.7,worldgovernmentbonds,2026-08-01T18:05:16+00:00
cds_us_5y,2025-05-29,2025-05-29,47.25,,47.7,worldgovernmentbonds,2026-08-01T18:05:16+00:00
cds_us_5y,2025-05-30,2025-05-30,46.33,,47.25,worldgovernmentbonds,2026-08-01T18:05:16+00:00
cds_us_5y,2025-05-31,2025-05-31,46.33,,46.33,worldgovernmentbonds,2026-08-01T18:05:16+00:00
cds_us_5y,2025-06-01,2025-06-01,46.33,,46.33,worldgovernmentbonds,2026-08-01T18:05:16+00:00
cds_us_5y,2025-06-02,2025-06-02,45.89,,46.33,worldgovernmentbonds,2026-08-01T18:05:16+00:00
cds_us_5y,2025-06-03,2025-06-03,44.99,,45.89,worldgovernmentbonds,2026-08-01T18:05:16+00:00
cds_us_5y,2025-06-04,2025-06-04,44.98,,44.99,worldgovernmentbonds,2026-08-01T18:05:16+00:00
cds_us_5y,2025-06-05,2025-06-05,43.2,,44.98,worldgovernmentbonds,2026-08-01T18:05:16+00:00
cds_us_5y,2025-06-06,2025-06-06,43.23,,43.2,worldgovernmentbonds,2026-08-01T18:05:16+00:00
cds_us_5y,2025-06-07,2025-06-07,43.23,,43.23,worldgovernmentbonds,2026-08-01T18:05:16+00:00
cds_us_5y,2025-06-08,2025-06-08,43.23,,43.23,worldgovernmentbonds,2026-08-01T18:05:16+00:00
cds_us_5y,2025-06-09,2025-06-09,43.21,,43.23,worldgovernmentbonds,2026-08-01T18:05:16+00:00
cds_us_5y,2025-06-10,2025-06-10,43.19,,43.21,worldgovernmentbonds,2026-08-01T18:05:16+00:00
cds_us_5y,2025-06-11,2025-06-11,42.73,,43.19,worldgovernmentbonds,2026-08-01T18:05:16+00:00
cds_us_5y,2025-06-12,2025-06-12,42.74,,42.73,worldgovernmentbonds,2026-08-01T18:05:16+00:00
cds_us_5y,2025-06-13,2025-06-13,42.28,,42.74,worldgovernmentbonds,2026-08-01T18:05:16+00:00
cds_us_5y,2025-06-14,2025-06-14,42.28,,42.28,worldgovernmentbonds,2026-08-01T18:05:16+00:00
cds_us_5y,2025-06-15,2025-06-15,42.28,,42.28,worldgovernmentbonds,2026-08-01T18:05:16+00:00
cds_us_5y,2025-06-16,2025-06-16,42.32,,42.28,worldgovernmentbonds,2026-08-01T18:05:16+00:00
cds_us_5y,2025-06-17,2025-06-17,41.86,,42.32,worldgovernmentbonds,2026-08-01T18:05:16+00:00
cds_us_5y,2025-06-18,2025-06-18,41.85,,41.86,worldgovernmentbonds,2026-08-01T18:05:16+00:00
cds_us_5y,2025-06-19,2025-06-19,40.48,,41.85,worldgovernmentbonds,2026-08-01T18:05:16+00:00
cds_us_5y,2025-06-20,2025-06-20,40.5,,40.48,worldgovernmentbonds,2026-08-01T18:05:16+00:00
cds_us_5y,2025-06-21,2025-06-21,40.5,,40.5,worldgovernmentbonds,2026-08-01T18:05:16+00:00
cds_us_5y,2025-06-22,2025-06-22,40.5,,40.5,worldgovernmentbonds,2026-08-01T18:05:16+00:00
cds_us_5y,2025-06-23,2025-06-23,40.49,,40.5,worldgovernmentbonds,2026-08-01T18:05:16+00:00
cds_us_5y,2025-06-24,2025-06-24,40.48,,40.49,worldgovernmentbonds,2026-08-01T18:05:16+00:00
cds_us_5y,2025-06-25,2025-06-25,40.04,,40.48,worldgovernmentbonds,2026-08-01T18:05:16+00:00
cds_us_5y,2025-06-26,2025-06-26,39.59,,40.04,worldgovernmentbonds,2026-08-01T18:05:16+00:00
cds_us_5y,2025-06-27,2025-06-27,39.58,,39.59,worldgovernmentbonds,2026-08-01T18:05:16+00:00
cds_us_5y,2025-06-28,2025-06-28,39.58,,39.58,worldgovernmentbonds,2026-08-01T18:05:16+00:00
cds_us_5y,2025-06-29,2025-06-29,39.58,,39.58,worldgovernmentbonds,2026-08-01T18:05:16+00:00
cds_us_5y,2025-06-30,2025-06-30,39.6,,39.58,worldgovernmentbonds,2026-08-01T18:05:16+00:00
cds_us_5y,2025-07-01,2025-07-01,38.69,,39.6,worldgovernmentbonds,2026-08-01T18:05:16+00:00
cds_us_5y,2025-07-02,2025-07-02,38.69,,38.69,worldgovernmentbonds,2026-08-01T18:05:16+00:00
cds_us_5y,2025-07-03,2025-07-03,38.23,,38.69,worldgovernmentbonds,2026-08-01T18:05:16+00:00
cds_us_5y,2025-07-04,2025-07-04,35.98,,38.23,worldgovernmentbonds,2026-08-01T18:05:16+00:00
cds_us_5y,2025-07-05,2025-07-05,35.98,,35.98,worldgovernmentbonds,2026-08-01T18:05:16+00:00
cds_us_5y,2025-07-06,2025-07-06,35.98,,35.98,worldgovernmentbonds,2026-08-01T18:05:16+00:00
cds_us_5y,2025-07-07,2025-07-07,35.98,,35.98,worldgovernmentbonds,2026-08-01T18:05:16+00:00
cds_us_5y,2025-07-08,2025-07-08,35.07,,35.98,worldgovernmentbonds,2026-08-01T18:05:16+00:00
cds_us_5y,2025-07-09,2025-07-09,35.08,,35.07,worldgovernmentbonds,2026-08-01T18:05:16+00:00
cds_us_5y,2025-07-11,2025-07-11,35.07,,35.08,worldgovernmentbonds,2026-08-01T18:05:16+00:00
cds_us_5y,2025-07-12,2025-07-12,35.08,,35.07,worldgovernmentbonds,2026-08-01T18:05:16+00:00
cds_us_5y,2025-07-13,2025-07-13,35.08,,35.08,worldgovernmentbonds,2026-08-01T18:05:16+00:00
cds_us_5y,2025-07-14,2025-07-14,35.08,,35.08,worldgovernmentbonds,2026-08-01T18:05:16+00:00
cds_us_5y,2025-07-15,2025-07-15,35.08,,35.08,worldgovernmentbonds,2026-08-01T18:05:16+00:00
cds_us_5y,2025-07-16,2025-07-16,35.06,,35.08,worldgovernmentbonds,2026-08-01T18:05:16+00:00
cds_us_5y,2025-07-17,2025-07-17,35.06,,35.06,worldgovernmentbonds,2026-08-01T18:05:16+00:00
cds_us_5y,2025-07-18,2025-07-18,35.06,,35.06,worldgovernmentbonds,2026-08-01T18:05:16+00:00
cds_us_5y,2025-07-19,2025-07-19,35.07,,35.06,worldgovernmentbonds,2026-08-01T18:05:16+00:00
cds_us_5y,2025-07-20,2025-07-20,35.07,,35.07,worldgovernmentbonds,2026-08-01T18:05:16+00:00
cds_us_5y,2025-07-21,2025-07-21,35.07,,35.07,worldgovernmentbonds,2026-08-01T18:05:16+00:00
cds_us_5y,2025-07-22,2025-07-22,35.51,,35.07,worldgovernmentbonds,2026-08-01T18:05:16+00:00
cds_us_5y,2025-07-23,2025-07-23,35.49,,35.51,worldgovernmentbonds,2026-08-01T18:05:16+00:00
cds_us_5y,2025-07-24,2025-07-24,35.51,,35.49,worldgovernmentbonds,2026-08-01T18:05:16+00:00
cds_us_5y,2025-07-25,2025-07-25,35.53,,35.51,worldgovernmentbonds,2026-08-01T18:05:16+00:00
cds_us_5y,2025-07-26,2025-07-26,35.55,,35.53,worldgovernmentbonds,2026-08-01T18:05:16+00:00
cds_us_5y,2025-07-27,2025-07-27,35.55,,35.55,worldgovernmentbonds,2026-08-01T18:05:16+00:00
cds_us_5y,2025-07-28,2025-07-28,35.55,,35.55,worldgovernmentbonds,2026-08-01T18:05:16+00:00
cds_us_5y,2025-07-29,2025-07-29,35.97,,35.55,worldgovernmentbonds,2026-08-01T18:05:16+00:00
cds_us_5y,2025-07-30,2025-07-30,35.95,,35.97,worldgovernmentbonds,2026-08-01T18:05:16+00:00
cds_us_5y,2025-07-31,2025-07-31,35.97,,35.95,worldgovernmentbonds,2026-08-01T18:05:16+00:00
cds_us_5y,2025-08-01,2025-08-01,35.96,,35.97,worldgovernmentbonds,2026-08-01T18:05:16+00:00
cds_us_5y,2025-08-02,2025-08-02,35.96,,35.96,worldgovernmentbonds,2026-08-01T18:05:16+00:00
cds_us_5y,2025-08-03,2025-08-03,35.96,,35.96,worldgovernmentbonds,2026-08-01T18:05:16+00:00
cds_us_5y,2025-08-04,2025-08-04,35.96,,35.96,worldgovernmentbonds,2026-08-01T18:05:16+00:00
cds_us_5y,2025-08-05,2025-08-05,35.94,,35.96,worldgovernmentbonds,2026-08-01T18:05:16+00:00
cds_us_5y,2025-08-06,2025-08-06,35.96,,35.94,worldgovernmentbonds,2026-08-01T18:05:16+00:00
cds_us_5y,2025-08-07,2025-08-07,35.96,,35.96,worldgovernmentbonds,2026-08-01T18:05:16+00:00
cds_us_5y,2025-08-08,2025-08-08,35.96,,35.96,worldgovernmentbonds,2026-08-01T18:05:16+00:00
cds_us_5y,2025-08-09,2025-08-09,35.96,,35.96,worldgovernmentbonds,2026-08-01T18:05:16+00:00
cds_us_5y,2025-08-10,2025-08-10,35.96,,35.96,worldgovernmentbonds,2026-08-01T18:05:16+00:00
cds_us_5y,2025-08-11,2025-08-11,35.96,,35.96,worldgovernmentbonds,2026-08-01T18:05:16+00:00
cds_us_5y,2025-08-12,2025-08-12,35.97,,35.96,worldgovernmentbonds,2026-08-01T18:05:16+00:00
cds_us_5y,2025-08-13,2025-08-13,35.96,,35.97,worldgovernmentbonds,2026-08-01T18:05:16+00:00
cds_us_5y,2025-08-14,2025-08-14,35.96,,35.96,worldgovernmentbonds,2026-08-01T18:05:16+00:00
cds_us_5y,2025-08-15,2025-08-15,35.94,,35.96,worldgovernmentbonds,2026-08-01T18:05:16+00:00
cds_us_5y,2025-08-16,2025-08-16,35.96,,35.94,worldgovernmentbonds,2026-08-01T18:05:16+00:00
cds_us_5y,2025-08-17,2025-08-17,35.96,,35.96,worldgovernmentbonds,2026-08-01T18:05:16+00:00
cds_us_5y,2025-08-18,2025-08-18,35.96,,35.96,worldgovernmentbonds,2026-08-01T18:05:16+00:00
cds_us_5y,2025-08-19,2025-08-19,35.97,,35.96,worldgovernmentbonds,2026-08-01T18:05:16+00:00
cds_us_5y,2025-08-20,2025-08-20,35.96,,35.97,worldgovernmentbonds,2026-08-01T18:05:16+00:00
cds_us_5y,2025-08-21,2025-08-21,35.95,,35.96,worldgovernmentbonds,2026-08-01T18:05:16+00:00
cds_us_5y,2025-08-22,2025-08-22,35.96,,35.95,worldgovernmentbonds,2026-08-01T18:05:16+00:00
cds_us_5y,2025-08-23,2025-08-23,35.53,,35.96,worldgovernmentbonds,2026-08-01T18:05:16+00:00
cds_us_5y,2025-08-24,2025-08-24,35.53,,35.53,worldgovernmentbonds,2026-08-01T18:05:16+00:00
cds_us_5y,2025-08-25,2025-08-25,35.53,,35.53,worldgovernmentbonds,2026-08-01T18:05:16+00:00
cds_us_5y,2025-08-26,2025-08-26,35.51,,35.53,worldgovernmentbonds,2026-08-01T18:05:16+00:00
cds_us_5y,2025-08-27,2025-08-27,35.52,,35.51,worldgovernmentbonds,2026-08-01T18:05:16+00:00
cds_us_5y,2025-08-28,2025-08-28,35.5,,35.52,worldgovernmentbonds,2026-08-01T18:05:16+00:00
cds_us_5y,2025-08-29,2025-08-29,35.5,,35.5,worldgovernmentbonds,2026-08-01T18:05:16+00:00
cds_us_5y,2025-08-30,2025-08-30,35.51,,35.5,worldgovernmentbonds,2026-08-01T18:05:16+00:00
cds_us_5y,2025-08-31,2025-08-31,35.51,,35.51,worldgovernmentbonds,2026-08-01T18:05:16+00:00
cds_us_5y,2025-09-01,2025-09-01,35.51,,35.51,worldgovernmentbonds,2026-08-01T18:05:16+00:00
cds_us_5y,2025-09-02,2025-09-02,35.52,,35.51,worldgovernmentbonds,2026-08-01T18:05:16+00:00
cds_us_5y,2025-09-03,2025-09-03,35.52,,35.52,worldgovernmentbonds,2026-08-01T18:05:16+00:00
cds_us_5y,2025-09-04,2025-09-04,35.53,,35.52,worldgovernmentbonds,2026-08-01T18:05:16+00:00
cds_us_5y,2025-09-05,2025-09-05,35.53,,35.53,worldgovernmentbonds,2026-08-01T18:05:16+00:00
cds_us_5y,2025-09-06,2025-09-06,35.53,,35.53,worldgovernmentbonds,2026-08-01T18:05:16+00:00
cds_us_5y,2025-09-07,2025-09-07,35.53,,35.53,worldgovernmentbonds,2026-08-01T18:05:16+00:00
cds_us_5y,2025-09-08,2025-09-08,35.53,,35.53,worldgovernmentbonds,2026-08-01T18:05:16+00:00
cds_us_5y,2025-09-09,2025-09-09,35.51,,35.53,worldgovernmentbonds,2026-08-01T18:05:16+00:00
cds_us_5y,2025-09-10,2025-09-10,35.52,,35.51,worldgovernmentbonds,2026-08-01T18:05:16+00:00
cds_us_5y,2025-09-11,2025-09-11,35.52,,35.52,worldgovernmentbonds,2026-08-01T18:05:16+00:00
cds_us_5y,2025-09-12,2025-09-12,35.96,,35.52,worldgovernmentbonds,2026-08-01T18:05:16+00:00
cds_us_5y,2025-09-13,2025-09-13,35.97,,35.96,worldgovernmentbonds,2026-08-01T18:05:16+00:00
cds_us_5y,2025-09-14,2025-09-14,35.97,,35.97,worldgovernmentbonds,2026-08-01T18:05:16+00:00
cds_us_5y,2025-09-15,2025-09-15,35.97,,35.97,worldgovernmentbonds,2026-08-01T18:05:16+00:00
cds_us_5y,2025-09-16,2025-09-16,35.97,,35.97,worldgovernmentbonds,2026-08-01T18:05:16+00:00
cds_us_5y,2025-09-17,2025-09-17,35.97,,35.97,worldgovernmentbonds,2026-08-01T18:05:16+00:00
cds_us_5y,2025-09-18,2025-09-18,35.96,,35.97,worldgovernmentbonds,2026-08-01T18:05:16+00:00
cds_us_5y,2025-09-19,2025-09-19,35.97,,35.96,worldgovernmentbonds,2026-08-01T18:05:16+00:00
cds_us_5y,2025-09-20,2025-09-20,35.97,,35.97,worldgovernmentbonds,2026-08-01T18:05:16+00:00
cds_us_5y,2025-09-21,2025-09-21,35.97,,35.97,worldgovernmentbonds,2026-08-01T18:05:16+00:00
cds_us_5y,2025-09-22,2025-09-22,35.97,,35.97,worldgovernmentbonds,2026-08-01T18:05:16+00:00
cds_us_5y,2025-09-23,2025-09-23,35.97,,35.97,worldgovernmentbonds,2026-08-01T18:05:16+00:00
cds_us_5y,2025-09-24,2025-09-24,36.87,,35.97,worldgovernmentbonds,2026-08-01T18:05:16+00:00
cds_us_5y,2025-09-25,2025-09-25,36.87,,36.87,worldgovernmentbonds,2026-08-01T18:05:16+00:00
cds_us_5y,2025-09-26,2025-09-26,36.87,,36.87,worldgovernmentbonds,2026-08-01T18:05:16+00:00
cds_us_5y,2025-09-27,2025-09-27,36.88,,36.87,worldgovernmentbonds,2026-08-01T18:05:16+00:00
cds_us_5y,2025-09-28,2025-09-28,36.88,,36.88,worldgovernmentbonds,2026-08-01T18:05:16+00:00
cds_us_5y,2025-09-29,2025-09-29,36.88,,36.88,worldgovernmentbonds,2026-08-01T18:05:16+00:00
cds_us_5y,2025-09-30,2025-09-30,36.86,,36.88,worldgovernmentbonds,2026-08-01T18:05:16+00:00
cds_us_5y,2025-10-01,2025-10-01,36.86,,36.86,worldgovernmentbonds,2026-08-01T18:05:16+00:00
cds_us_5y,2025-10-02,2025-10-02,37.3,,36.86,worldgovernmentbonds,2026-08-01T18:05:16+00:00
cds_us_5y,2025-10-03,2025-10-03,37.3,,37.3,worldgovernmentbonds,2026-08-01T18:05:16+00:00
cds_us_5y,2025-10-04,2025-10-04,37.3,,37.3,worldgovernmentbonds,2026-08-01T18:05:16+00:00
cds_us_5y,2025-10-05,2025-10-05,37.3,,37.3,worldgovernmentbonds,2026-08-01T18:05:16+00:00
cds_us_5y,2025-10-06,2025-10-06,37.3,,37.3,worldgovernmentbonds,2026-08-01T18:05:16+00:00
cds_us_5y,2025-10-07,2025-10-07,37.3,,37.3,worldgovernmentbonds,2026-08-01T18:05:16+00:00
cds_us_5y,2025-10-08,2025-10-08,37.31,,37.3,worldgovernmentbonds,2026-08-01T18:05:16+00:00
cds_us_5y,2025-10-09,2025-10-09,37.3,,37.31,worldgovernmentbonds,2026-08-01T18:05:16+00:00
cds_us_5y,2025-10-10,2025-10-10,37.29,,37.3,worldgovernmentbonds,2026-08-01T18:05:16+00:00
cds_us_5y,2025-10-11,2025-10-11,37.31,,37.29,worldgovernmentbonds,2026-08-01T18:05:16+00:00
cds_us_5y,2025-10-12,2025-10-12,37.31,,37.31,worldgovernmentbonds,2026-08-01T18:05:16+00:00
cds_us_5y,2025-10-13,2025-10-13,37.31,,37.31,worldgovernmentbonds,2026-08-01T18:05:16+00:00
cds_us_5y,2025-10-14,2025-10-14,37.29,,37.31,worldgovernmentbonds,2026-08-01T18:05:16+00:00
cds_us_5y,2025-10-15,2025-10-15,37.29,,37.29,worldgovernmentbonds,2026-08-01T18:05:16+00:00
cds_us_5y,2025-10-16,2025-10-16,37.3,,37.29,worldgovernmentbonds,2026-08-01T18:05:16+00:00
cds_us_5y,2025-10-17,2025-10-17,36.85,,37.3,worldgovernmentbonds,2026-08-01T18:05:16+00:00
cds_us_5y,2025-10-18,2025-10-18,36.84,,36.85,worldgovernmentbonds,2026-08-01T18:05:16+00:00
cds_us_5y,2025-10-19,2025-10-19,36.84,,36.84,worldgovernmentbonds,2026-08-01T18:05:16+00:00
cds_us_5y,2025-10-20,2025-10-20,36.84,,36.84,worldgovernmentbonds,2026-08-01T18:05:16+00:00
cds_us_5y,2025-10-21,2025-10-21,36.85,,36.84,worldgovernmentbonds,2026-08-01T18:05:16+00:00
cds_us_5y,2025-10-22,2025-10-22,36.86,,36.85,worldgovernmentbonds,2026-08-01T18:05:16+00:00
cds_us_5y,2025-10-23,2025-10-23,36.85,,36.86,worldgovernmentbonds,2026-08-01T18:05:16+00:00
cds_us_5y,2025-10-24,2025-10-24,36.85,,36.85,worldgovernmentbonds,2026-08-01T18:05:16+00:00
cds_us_5y,2025-10-25,2025-10-25,36.86,,36.85,worldgovernmentbonds,2026-08-01T18:05:16+00:00
cds_us_5y,2025-10-26,2025-10-26,36.86,,36.86,worldgovernmentbonds,2026-08-01T18:05:16+00:00
cds_us_5y,2025-10-27,2025-10-27,36.86,,36.86,worldgovernmentbonds,2026-08-01T18:05:16+00:00
cds_us_5y,2025-10-28,2025-10-28,36.87,,36.86,worldgovernmentbonds,2026-08-01T18:05:16+00:00
cds_us_5y,2025-10-29,2025-10-29,36.85,,36.87,worldgovernmentbonds,2026-08-01T18:05:16+00:00
cds_us_5y,2025-10-30,2025-10-30,36.4,,36.85,worldgovernmentbonds,2026-08-01T18:05:16+00:00
cds_us_5y,2025-10-31,2025-10-31,35.96,,36.4,worldgovernmentbonds,2026-08-01T18:05:16+00:00
cds_us_5y,2025-11-01,2025-11-01,35.96,,35.96,worldgovernmentbonds,2026-08-01T18:05:16+00:00
cds_us_5y,2025-11-02,2025-11-02,35.96,,35.96,worldgovernmentbonds,2026-08-01T18:05:16+00:00
cds_us_5y,2025-11-03,2025-11-03,35.96,,35.96,worldgovernmentbonds,2026-08-01T18:05:16+00:00
cds_us_5y,2025-11-04,2025-11-04,35.05,,35.96,worldgovernmentbonds,2026-08-01T18:05:16+00:00
cds_us_5y,2025-11-06,2025-11-06,35.06,,35.05,worldgovernmentbonds,2026-08-01T18:05:16+00:00
cds_us_5y,2025-11-07,2025-11-07,35.06,,35.06,worldgovernmentbonds,2026-08-01T18:05:16+00:00
cds_us_5y,2025-11-08,2025-11-08,35.06,,35.06,worldgovernmentbonds,2026-08-01T18:05:16+00:00
cds_us_5y,2025-11-09,2025-11-09,35.06,,35.06,worldgovernmentbonds,2026-08-01T18:05:16+00:00
cds_us_5y,2025-11-10,2025-11-10,35.06,,35.06,worldgovernmentbonds,2026-08-01T18:05:16+00:00
cds_us_5y,2025-11-11,2025-11-11,35.06,,35.06,worldgovernmentbonds,2026-08-01T18:05:16+00:00
cds_us_5y,2025-11-12,2025-11-12,33.71,,35.06,worldgovernmentbonds,2026-08-01T18:05:16+00:00
cds_us_5y,2025-11-13,2025-11-13,33.71,,33.71,worldgovernmentbonds,2026-08-01T18:05:16+00:00
cds_us_5y,2025-11-14,2025-11-14,33.26,,33.71,worldgovernmentbonds,2026-08-01T18:05:16+00:00
cds_us_5y,2025-11-15,2025-11-15,33.26,,33.26,worldgovernmentbonds,2026-08-01T18:05:16+00:00
cds_us_5y,2025-11-16,2025-11-16,33.26,,33.26,worldgovernmentbonds,2026-08-01T18:05:16+00:00
cds_us_5y,2025-11-17,2025-11-17,33.26,,33.26,worldgovernmentbonds,2026-08-01T18:05:16+00:00
cds_us_5y,2025-11-18,2025-11-18,32.82,,33.26,worldgovernmentbonds,2026-08-01T18:05:16+00:00
cds_us_5y,2025-11-19,2025-11-19,32.37,,32.82,worldgovernmentbonds,2026-08-01T18:05:16+00:00
cds_us_5y,2025-11-20,2025-11-20,32.37,,32.37,worldgovernmentbonds,2026-08-01T18:05:16+00:00
cds_us_5y,2025-11-21,2025-11-21,32.37,,32.37,worldgovernmentbonds,2026-08-01T18:05:16+00:00
cds_us_5y,2025-11-22,2025-11-22,31.93,,32.37,worldgovernmentbonds,2026-08-01T18:05:16+00:00
cds_us_5y,2025-11-23,2025-11-23,31.93,,31.93,worldgovernmentbonds,2026-08-01T18:05:16+00:00
cds_us_5y,2025-11-24,2025-11-24,31.93,,31.93,worldgovernmentbonds,2026-08-01T18:05:16+00:00
cds_us_5y,2025-11-25,2025-11-25,31.02,,31.93,worldgovernmentbonds,2026-08-01T18:05:16+00:00
cds_us_5y,2025-11-26,2025-11-26,31.02,,31.02,worldgovernmentbonds,2026-08-01T18:05:16+00:00
cds_us_5y,2025-11-27,2025-11-27,30.57,,31.02,worldgovernmentbonds,2026-08-01T18:05:16+00:00
cds_us_5y,2025-11-28,2025-11-28,30.13,,30.57,worldgovernmentbonds,2026-08-01T18:05:16+00:00
cds_us_5y,2025-11-29,2025-11-29,30.13,,30.13,worldgovernmentbonds,2026-08-01T18:05:16+00:00
cds_us_5y,2025-11-30,2025-11-30,30.13,,30.13,worldgovernmentbonds,2026-08-01T18:05:16+00:00
cds_us_5y,2025-12-01,2025-12-01,30.13,,30.13,worldgovernmentbonds,2026-08-01T18:05:16+00:00
cds_us_5y,2025-12-02,2025-12-02,29.68,,30.13,worldgovernmentbonds,2026-08-01T18:05:16+00:00
cds_us_5y,2025-12-03,2025-12-03,29.23,,29.68,worldgovernmentbonds,2026-08-01T18:05:16+00:00
cds_us_5y,2025-12-04,2025-12-04,29.23,,29.23,worldgovernmentbonds,2026-08-01T18:05:16+00:00
cds_us_5y,2025-12-05,2025-12-05,29.23,,29.23,worldgovernmentbonds,2026-08-01T18:05:16+00:00
cds_us_5y,2025-12-06,2025-12-06,28.78,,29.23,worldgovernmentbonds,2026-08-01T18:05:16+00:00
cds_us_5y,2025-12-07,2025-12-07,28.78,,28.78,worldgovernmentbonds,2026-08-01T18:05:16+00:00
cds_us_5y,2025-12-08,2025-12-08,28.78,,28.78,worldgovernmentbonds,2026-08-01T18:05:16+00:00
cds_us_5y,2025-12-09,2025-12-09,28.79,,28.78,worldgovernmentbonds,2026-08-01T18:05:16+00:00
cds_us_5y,2025-12-10,2025-12-10,28.35,,28.79,worldgovernmentbonds,2026-08-01T18:05:16+00:00
cds_us_5y,2025-12-11,2025-12-11,27.88,,28.35,worldgovernmentbonds,2026-08-01T18:05:16+00:00
cds_us_5y,2025-12-12,2025-12-12,27.89,,27.88,worldgovernmentbonds,2026-08-01T18:05:16+00:00
cds_us_5y,2025-12-13,2025-12-13,27.88,,27.89,worldgovernmentbonds,2026-08-01T18:05:16+00:00
cds_us_5y,2025-12-14,2025-12-14,27.88,,27.88,worldgovernmentbonds,2026-08-01T18:05:16+00:00
cds_us_5y,2025-12-15,2025-12-15,27.88,,27.88,worldgovernmentbonds,2026-08-01T18:05:16+00:00
cds_us_5y,2025-12-16,2025-12-16,27.44,,27.88,worldgovernmentbonds,2026-08-01T18:05:16+00:00
cds_us_5y,2025-12-17,2025-12-17,27.43,,27.44,worldgovernmentbonds,2026-08-01T18:05:16+00:00
cds_us_5y,2025-12-18,2025-12-18,27.44,,27.43,worldgovernmentbonds,2026-08-01T18:05:16+00:00
cds_us_5y,2025-12-19,2025-12-19,27.44,,27.44,worldgovernmentbonds,2026-08-01T18:05:16+00:00
cds_us_5y,2025-12-20,2025-12-20,26.99,,27.44,worldgovernmentbonds,2026-08-01T18:05:16+00:00
cds_us_5y,2025-12-21,2025-12-21,26.99,,26.99,worldgovernmentbonds,2026-08-01T18:05:16+00:00
cds_us_5y,2025-12-22,2025-12-22,26.99,,26.99,worldgovernmentbonds,2026-08-01T18:05:16+00:00
cds_us_5y,2025-12-23,2025-12-23,26.99,,26.99,worldgovernmentbonds,2026-08-01T18:05:16+00:00
cds_us_5y,2025-12-24,2025-12-24,26.99,,26.99,worldgovernmentbonds,2026-08-01T18:05:16+00:00
cds_us_5y,2025-12-25,2025-12-25,26.99,,26.99,worldgovernmentbonds,2026-08-01T18:05:16+00:00
cds_us_5y,2025-12-26,2025-12-26,26.99,,26.99,worldgovernmentbonds,2026-08-01T18:05:16+00:00
cds_us_5y,2025-12-27,2025-12-27,26.99,,26.99,worldgovernmentbonds,2026-08-01T18:05:16+00:00
cds_us_5y,2025-12-29,2025-12-29,26.99,,26.99,worldgovernmentbonds,2026-08-01T18:05:16+00:00
cds_us_5y,2025-12-30,2025-12-30,26.99,,26.99,worldgovernmentbonds,2026-08-01T18:05:16+00:00
cds_us_5y,2025-12-31,2025-12-31,26.54,,26.99,worldgovernmentbonds,2026-08-01T18:05:16+00:00
cds_us_5y,2026-01-01,2026-01-01,26.54,,26.54,worldgovernmentbonds,2026-08-01T18:05:16+00:00
cds_us_5y,2026-01-02,2026-01-02,26.54,,26.54,worldgovernmentbonds,2026-08-01T18:05:16+00:00
cds_us_5y,2026-01-03,2026-01-03,26.54,,26.54,worldgovernmentbonds,2026-08-01T18:05:16+00:00
cds_us_5y,2026-01-04,2026-01-04,26.54,,26.54,worldgovernmentbonds,2026-08-01T18:05:16+00:00
cds_us_5y,2026-01-05,2026-01-05,26.54,,26.54,worldgovernmentbonds,2026-08-01T18:05:16+00:00
cds_us_5y,2026-01-06,2026-01-06,26.54,,26.54,worldgovernmentbonds,2026-08-01T18:05:16+00:00
cds_us_5y,2026-01-07,2026-01-07,26.54,,26.54,worldgovernmentbonds,2026-08-01T18:05:16+00:00
cds_us_5y,2026-01-08,2026-01-08,26.53,,26.54,worldgovernmentbonds,2026-08-01T18:05:16+00:00
cds_us_5y,2026-01-09,2026-01-09,26.54,,26.53,worldgovernmentbonds,2026-08-01T18:05:16+00:00
cds_us_5y,2026-01-10,2026-01-10,26.54,,26.54,worldgovernmentbonds,2026-08-01T18:05:16+00:00
cds_us_5y,2026-01-11,2026-01-11,26.54,,26.54,worldgovernmentbonds,2026-08-01T18:05:16+00:00
cds_us_5y,2026-01-12,2026-01-12,26.54,,26.54,worldgovernmentbonds,2026-08-01T18:05:16+00:00
cds_us_5y,2026-01-13,2026-01-13,26.54,,26.54,worldgovernmentbonds,2026-08-01T18:05:16+00:00
cds_us_5y,2026-01-14,2026-01-14,26.09,,26.54,worldgovernmentbonds,2026-08-01T18:05:16+00:00
cds_us_5y,2026-01-15,2026-01-15,26.09,,26.09,worldgovernmentbonds,2026-08-01T18:05:16+00:00
cds_us_5y,2026-01-16,2026-01-16,26.09,,26.09,worldgovernmentbonds,2026-08-01T18:05:16+00:00
cds_us_5y,2026-01-17,2026-01-17,26.09,,26.09,worldgovernmentbonds,2026-08-01T18:05:16+00:00
cds_us_5y,2026-01-18,2026-01-18,26.09,,26.09,worldgovernmentbonds,2026-08-01T18:05:16+00:00
cds_us_5y,2026-01-19,2026-01-19,26.09,,26.09,worldgovernmentbonds,2026-08-01T18:05:16+00:00
cds_us_5y,2026-01-20,2026-01-20,26.99,,26.09,worldgovernmentbonds,2026-08-01T18:05:16+00:00
cds_us_5y,2026-01-21,2026-01-21,26.99,,26.99,worldgovernmentbonds,2026-08-01T18:05:16+00:00
cds_us_5y,2026-01-23,2026-01-23,28.33,,26.99,worldgovernmentbonds,2026-08-01T18:05:16+00:00
cds_us_5y,2026-01-24,2026-01-24,28.34,,28.33,worldgovernmentbonds,2026-08-01T18:05:16+00:00
cds_us_5y,2026-01-25,2026-01-25,28.34,,28.34,worldgovernmentbonds,2026-08-01T18:05:16+00:00
cds_us_5y,2026-01-26,2026-01-26,28.34,,28.34,worldgovernmentbonds,2026-08-01T18:05:16+00:00
cds_us_5y,2026-01-27,2026-01-27,28.34,,28.34,worldgovernmentbonds,2026-08-01T18:05:16+00:00
cds_us_5y,2026-01-28,2026-01-28,28.33,,28.34,worldgovernmentbonds,2026-08-01T18:05:16+00:00
cds_us_5y,2026-01-29,2026-01-29,28.33,,28.33,worldgovernmentbonds,2026-08-01T18:05:16+00:00
cds_us_5y,2026-01-30,2026-01-30,28.33,,28.33,worldgovernmentbonds,2026-08-01T18:05:16+00:00
cds_us_5y,2026-01-31,2026-01-31,28.33,,28.33,worldgovernmentbonds,2026-08-01T18:05:16+00:00
cds_us_5y,2026-02-01,2026-02-01,28.33,,28.33,worldgovernmentbonds,2026-08-01T18:05:16+00:00
cds_us_5y,2026-02-02,2026-02-02,28.33,,28.33,worldgovernmentbonds,2026-08-01T18:05:16+00:00
cds_us_5y,2026-02-03,2026-02-03,28.78,,28.33,worldgovernmentbonds,2026-08-01T18:05:16+00:00
cds_us_5y,2026-02-04,2026-02-04,30.13,,28.78,worldgovernmentbonds,2026-08-01T18:05:16+00:00
cds_us_5y,2026-02-06,2026-02-06,30.12,,30.13,worldgovernmentbonds,2026-08-01T18:05:16+00:00
cds_us_5y,2026-02-07,2026-02-07,31.02,,30.12,worldgovernmentbonds,2026-08-01T18:05:16+00:00
cds_us_5y,2026-02-08,2026-02-08,31.02,,31.02,worldgovernmentbonds,2026-08-01T18:05:16+00:00
cds_us_5y,2026-02-09,2026-02-09,31.02,,31.02,worldgovernmentbonds,2026-08-01T18:05:16+00:00
cds_us_5y,2026-02-10,2026-02-10,31.02,,31.02,worldgovernmentbonds,2026-08-01T18:05:16+00:00
cds_us_5y,2026-02-11,2026-02-11,31.02,,31.02,worldgovernmentbonds,2026-08-01T18:05:16+00:00
cds_us_5y,2026-02-13,2026-02-13,31.03,,31.02,worldgovernmentbonds,2026-08-01T18:05:16+00:00
cds_us_5y,2026-02-14,2026-02-14,31.02,,31.03,worldgovernmentbonds,2026-08-01T18:05:16+00:00
cds_us_5y,2026-02-16,2026-02-16,31.02,,31.02,worldgovernmentbonds,2026-08-01T18:05:16+00:00
cds_us_5y,2026-02-17,2026-02-17,31.03,,31.02,worldgovernmentbonds,2026-08-01T18:05:16+00:00
cds_us_5y,2026-02-18,2026-02-18,31.03,,31.03,worldgovernmentbonds,2026-08-01T18:05:16+00:00
cds_us_5y,2026-02-19,2026-02-19,31.03,,31.03,worldgovernmentbonds,2026-08-01T18:05:16+00:00
cds_us_5y,2026-02-20,2026-02-20,31.03,,31.03,worldgovernmentbonds,2026-08-01T18:05:16+00:00
cds_us_5y,2026-02-21,2026-02-21,31.03,,31.03,worldgovernmentbonds,2026-08-01T18:05:16+00:00
cds_us_5y,2026-02-22,2026-02-22,31.03,,31.03,worldgovernmentbonds,2026-08-01T18:05:16+00:00
cds_us_5y,2026-02-23,2026-02-23,31.03,,31.03,worldgovernmentbonds,2026-08-01T18:05:16+00:00
cds_us_5y,2026-02-24,2026-02-24,31.03,,31.03,worldgovernmentbonds,2026-08-01T18:05:16+00:00
cds_us_5y,2026-02-25,2026-02-25,31.02,,31.03,worldgovernmentbonds,2026-08-01T18:05:16+00:00
cds_us_5y,2026-02-26,2026-02-26,31.03,,31.02,worldgovernmentbonds,2026-08-01T18:05:16+00:00
cds_us_5y,2026-02-27,2026-02-27,31.03,,31.03,worldgovernmentbonds,2026-08-01T18:05:16+00:00
cds_us_5y,2026-02-28,2026-02-28,31.03,,31.03,worldgovernmentbonds,2026-08-01T18:05:16+00:00
cds_us_5y,2026-03-01,2026-03-01,31.03,,31.03,worldgovernmentbonds,2026-08-01T18:05:16+00:00
cds_us_5y,2026-03-02,2026-03-02,31.03,,31.03,worldgovernmentbonds,2026-08-01T18:05:16+00:00
cds_us_5y,2026-03-03,2026-03-03,31.47,,31.03,worldgovernmentbonds,2026-08-01T18:05:16+00:00
cds_us_5y,2026-03-04,2026-03-04,32.39,,31.47,worldgovernmentbonds,2026-08-01T18:05:16+00:00
cds_us_5y,2026-03-05,2026-03-05,33.3,,32.39,worldgovernmentbonds,2026-08-01T18:05:16+00:00
cds_us_5y,2026-03-06,2026-03-06,32.81,,33.3,worldgovernmentbonds,2026-08-01T18:05:16+00:00
cds_us_5y,2026-03-07,2026-03-07,32.85,,32.81,worldgovernmentbonds,2026-08-01T18:05:16+00:00
cds_us_5y,2026-03-08,2026-03-08,32.85,,32.85,worldgovernmentbonds,2026-08-01T18:05:16+00:00
cds_us_5y,2026-03-09,2026-03-09,32.85,,32.85,worldgovernmentbonds,2026-08-01T18:05:16+00:00
cds_us_5y,2026-03-10,2026-03-10,33.3,,32.85,worldgovernmentbonds,2026-08-01T18:05:16+00:00
cds_us_5y,2026-03-11,2026-03-11,35.07,,33.3,worldgovernmentbonds,2026-08-01T18:05:16+00:00
cds_us_5y,2026-03-12,2026-03-12,34.14,,35.07,worldgovernmentbonds,2026-08-01T18:05:16+00:00
cds_us_5y,2026-03-13,2026-03-13,34.66,,34.14,worldgovernmentbonds,2026-08-01T18:05:16+00:00
cds_us_5y,2026-03-14,2026-03-14,35.99,,34.66,worldgovernmentbonds,2026-08-01T18:05:16+00:00
cds_us_5y,2026-03-15,2026-03-15,35.99,,35.99,worldgovernmentbonds,2026-08-01T18:05:16+00:00
cds_us_5y,2026-03-16,2026-03-16,35.99,,35.99,worldgovernmentbonds,2026-08-01T18:05:16+00:00
cds_us_5y,2026-03-17,2026-03-17,35.99,,35.99,worldgovernmentbonds,2026-08-01T18:05:16+00:00
cds_us_5y,2026-03-18,2026-03-18,36.86,,35.99,worldgovernmentbonds,2026-08-01T18:05:16+00:00
cds_us_5y,2026-03-19,2026-03-19,35.96,,36.86,worldgovernmentbonds,2026-08-01T18:05:16+00:00
cds_us_5y,2026-03-20,2026-03-20,36.44,,35.96,worldgovernmentbonds,2026-08-01T18:05:16+00:00
cds_us_5y,2026-03-21,2026-03-21,37.35,,36.44,worldgovernmentbonds,2026-08-01T18:05:16+00:00
cds_us_5y,2026-03-22,2026-03-22,37.35,,37.35,worldgovernmentbonds,2026-08-01T18:05:16+00:00
cds_us_5y,2026-03-23,2026-03-23,37.35,,37.35,worldgovernmentbonds,2026-08-01T18:05:16+00:00
cds_us_5y,2026-03-24,2026-03-24,36.91,,37.35,worldgovernmentbonds,2026-08-01T18:05:16+00:00
cds_us_5y,2026-03-25,2026-03-25,36.83,,36.91,worldgovernmentbonds,2026-08-01T18:05:16+00:00
cds_us_5y,2026-03-26,2026-03-26,37.8,,36.83,worldgovernmentbonds,2026-08-01T18:05:16+00:00
cds_us_5y,2026-03-27,2026-03-27,36.85,,37.8,worldgovernmentbonds,2026-08-01T18:05:16+00:00
cds_us_5y,2026-03-28,2026-03-28,37.81,,36.85,worldgovernmentbonds,2026-08-01T18:05:16+00:00
cds_us_5y,2026-03-29,2026-03-29,37.81,,37.81,worldgovernmentbonds,2026-08-01T18:05:16+00:00
cds_us_5y,2026-03-30,2026-03-30,37.81,,37.81,worldgovernmentbonds,2026-08-01T18:05:16+00:00
cds_us_5y,2026-03-31,2026-03-31,38.67,,37.81,worldgovernmentbonds,2026-08-01T18:05:16+00:00
cds_us_5y,2026-04-01,2026-04-01,37.72,,38.67,worldgovernmentbonds,2026-08-01T18:05:16+00:00
cds_us_5y,2026-04-02,2026-04-02,37.73,,37.72,worldgovernmentbonds,2026-08-01T18:05:16+00:00
cds_us_5y,2026-04-03,2026-04-03,37.31,,37.73,worldgovernmentbonds,2026-08-01T18:05:16+00:00
cds_us_5y,2026-04-04,2026-04-04,37.31,,37.31,worldgovernmentbonds,2026-08-01T18:05:16+00:00
cds_us_5y,2026-04-05,2026-04-05,37.31,,37.31,worldgovernmentbonds,2026-08-01T18:05:16+00:00
cds_us_5y,2026-04-06,2026-04-06,37.31,,37.31,worldgovernmentbonds,2026-08-01T18:05:16+00:00
cds_us_5y,2026-04-07,2026-04-07,37.29,,37.31,worldgovernmentbonds,2026-08-01T18:05:16+00:00
cds_us_5y,2026-04-08,2026-04-08,37.3,,37.29,worldgovernmentbonds,2026-08-01T18:05:16+00:00
cds_us_5y,2026-04-09,2026-04-09,37.34,,37.3,worldgovernmentbonds,2026-08-01T18:05:16+00:00
cds_us_5y,2026-04-10,2026-04-10,36.34,,37.34,worldgovernmentbonds,2026-08-01T18:05:16+00:00
cds_us_5y,2026-04-11,2026-04-11,35.53,,36.34,worldgovernmentbonds,2026-08-01T18:05:16+00:00
cds_us_5y,2026-04-12,2026-04-12,35.53,,35.53,worldgovernmentbonds,2026-08-01T18:05:16+00:00
cds_us_5y,2026-04-13,2026-04-13,35.53,,35.53,worldgovernmentbonds,2026-08-01T18:05:16+00:00
cds_us_5y,2026-04-14,2026-04-14,35.52,,35.53,worldgovernmentbonds,2026-08-01T18:05:16+00:00
cds_us_5y,2026-04-16,2026-04-16,35.03,,35.52,worldgovernmentbonds,2026-08-01T18:05:16+00:00
cds_us_5y,2026-04-17,2026-04-17,35.05,,35.03,worldgovernmentbonds,2026-08-01T18:05:16+00:00
cds_us_5y,2026-04-18,2026-04-18,35.07,,35.05,worldgovernmentbonds,2026-08-01T18:05:16+00:00
cds_us_5y,2026-04-19,2026-04-19,35.07,,35.07,worldgovernmentbonds,2026-08-01T18:05:16+00:00
cds_us_5y,2026-04-20,2026-04-20,35.07,,35.07,worldgovernmentbonds,2026-08-01T18:05:16+00:00
cds_us_5y,2026-04-21,2026-04-21,34.58,,35.07,worldgovernmentbonds,2026-08-01T18:05:16+00:00
cds_us_5y,2026-04-22,2026-04-22,34.17,,34.58,worldgovernmentbonds,2026-08-01T18:05:16+00:00
cds_us_5y,2026-04-23,2026-04-23,34.19,,34.17,worldgovernmentbonds,2026-08-01T18:05:16+00:00
cds_us_5y,2026-04-24,2026-04-24,34.63,,34.19,worldgovernmentbonds,2026-08-01T18:05:16+00:00
cds_us_5y,2026-04-25,2026-04-25,34.63,,34.63,worldgovernmentbonds,2026-08-01T18:05:16+00:00
cds_us_5y,2026-04-26,2026-04-26,34.63,,34.63,worldgovernmentbonds,2026-08-01T18:05:16+00:00
cds_us_5y,2026-04-27,2026-04-27,34.63,,34.63,worldgovernmentbonds,2026-08-01T18:05:16+00:00
cds_us_5y,2026-04-28,2026-04-28,34.61,,34.63,worldgovernmentbonds,2026-08-01T18:05:16+00:00
cds_us_5y,2026-04-29,2026-04-29,34.62,,34.61,worldgovernmentbonds,2026-08-01T18:05:16+00:00
cds_us_5y,2026-04-30,2026-04-30,35.09,,34.62,worldgovernmentbonds,2026-08-01T18:05:16+00:00
cds_us_5y,2026-05-01,2026-05-01,35.09,,35.09,worldgovernmentbonds,2026-08-01T18:05:16+00:00
cds_us_5y,2026-05-02,2026-05-02,35.04,,35.09,worldgovernmentbonds,2026-08-01T18:05:16+00:00
cds_us_5y,2026-05-03,2026-05-03,35.04,,35.04,worldgovernmentbonds,2026-08-01T18:05:16+00:00
cds_us_5y,2026-05-04,2026-05-04,35.04,,35.04,worldgovernmentbonds,2026-08-01T18:05:16+00:00
cds_us_5y,2026-05-05,2026-05-05,35.06,,35.04,worldgovernmentbonds,2026-08-01T18:05:16+00:00
cds_us_5y,2026-05-06,2026-05-06,35.08,,35.06,worldgovernmentbonds,2026-08-01T18:05:16+00:00
cds_us_5y,2026-05-07,2026-05-07,35.51,,35.08,worldgovernmentbonds,2026-08-01T18:05:16+00:00
cds_us_5y,2026-05-08,2026-05-08,34.58,,35.51,worldgovernmentbonds,2026-08-01T18:05:16+00:00
cds_us_5y,2026-05-09,2026-05-09,35.08,,34.58,worldgovernmentbonds,2026-08-01T18:05:16+00:00
cds_us_5y,2026-05-10,2026-05-10,35.08,,35.08,worldgovernmentbonds,2026-08-01T18:05:16+00:00
cds_us_5y,2026-05-11,2026-05-11,35.08,,35.08,worldgovernmentbonds,2026-08-01T18:05:16+00:00
cds_us_5y,2026-05-12,2026-05-12,36.87,,35.08,worldgovernmentbonds,2026-08-01T18:05:16+00:00
cds_us_5y,2026-05-13,2026-05-13,36.89,,36.87,worldgovernmentbonds,2026-08-01T18:05:16+00:00
cds_us_5y,2026-05-14,2026-05-14,37.34,,36.89,worldgovernmentbonds,2026-08-01T18:05:16+00:00
cds_us_5y,2026-05-15,2026-05-15,37.31,,37.34,worldgovernmentbonds,2026-08-01T18:05:16+00:00
cds_us_5y,2026-05-16,2026-05-16,37.29,,37.31,worldgovernmentbonds,2026-08-01T18:05:16+00:00
cds_us_5y,2026-05-17,2026-05-17,37.29,,37.29,worldgovernmentbonds,2026-08-01T18:05:16+00:00
cds_us_5y,2026-05-18,2026-05-18,37.29,,37.29,worldgovernmentbonds,2026-08-01T18:05:16+00:00
cds_us_5y,2026-05-19,2026-05-19,37.8,,37.29,worldgovernmentbonds,2026-08-01T18:05:16+00:00
cds_us_5y,2026-05-20,2026-05-20,37.76,,37.8,worldgovernmentbonds,2026-08-01T18:05:16+00:00
cds_us_5y,2026-05-21,2026-05-21,37.78,,37.76,worldgovernmentbonds,2026-08-01T18:05:16+00:00
cds_us_5y,2026-05-22,2026-05-22,37.73,,37.78,worldgovernmentbonds,2026-08-01T18:05:16+00:00
cds_us_5y,2026-05-23,2026-05-23,37.74,,37.73,worldgovernmentbonds,2026-08-01T18:05:16+00:00
cds_us_5y,2026-05-24,2026-05-24,37.74,,37.74,worldgovernmentbonds,2026-08-01T18:05:16+00:00
cds_us_5y,2026-05-25,2026-05-25,37.75,,37.74,worldgovernmentbonds,2026-08-01T18:05:16+00:00
cds_us_5y,2026-05-26,2026-05-26,37.72,,37.75,worldgovernmentbonds,2026-08-01T18:05:16+00:00
cds_us_5y,2026-05-27,2026-05-27,37.72,,37.72,worldgovernmentbonds,2026-08-01T18:05:16+00:00
cds_us_5y,2026-05-28,2026-05-28,38.23,,37.72,worldgovernmentbonds,2026-08-01T18:05:16+00:00
cds_us_5y,2026-05-29,2026-05-29,38.21,,38.23,worldgovernmentbonds,2026-08-01T18:05:16+00:00
cds_us_5y,2026-05-30,2026-05-30,38.2,,38.21,worldgovernmentbonds,2026-08-01T18:05:16+00:00
cds_us_5y,2026-05-31,2026-05-31,38.2,,38.2,worldgovernmentbonds,2026-08-01T18:05:16+00:00
cds_us_5y,2026-06-01,2026-06-01,38.2,,38.2,worldgovernmentbonds,2026-08-01T18:05:16+00:00
cds_us_5y,2026-06-02,2026-06-02,38.19,,38.2,worldgovernmentbonds,2026-08-01T18:05:16+00:00
cds_us_5y,2026-06-03,2026-06-03,38.23,,38.19,worldgovernmentbonds,2026-08-01T18:05:16+00:00
cds_us_5y,2026-06-04,2026-06-04,38.2,,38.23,worldgovernmentbonds,2026-08-01T18:05:16+00:00
cds_us_5y,2026-06-05,2026-06-05,38.24,,38.2,worldgovernmentbonds,2026-08-01T18:05:16+00:00
cds_us_5y,2026-06-06,2026-06-06,38.21,,38.24,worldgovernmentbonds,2026-08-01T18:05:16+00:00
cds_us_5y,2026-06-07,2026-06-07,38.21,,38.21,worldgovernmentbonds,2026-08-01T18:05:16+00:00
cds_us_5y,2026-06-08,2026-06-08,38.21,,38.21,worldgovernmentbonds,2026-08-01T18:05:16+00:00
cds_us_5y,2026-06-09,2026-06-09,38.22,,38.21,worldgovernmentbonds,2026-08-01T18:05:16+00:00
cds_us_5y,2026-06-10,2026-06-10,38.23,,38.22,worldgovernmentbonds,2026-08-01T18:05:16+00:00
cds_us_5y,2026-06-11,2026-06-11,38.21,,38.23,worldgovernmentbonds,2026-08-01T18:05:16+00:00
cds_us_5y,2026-06-12,2026-06-12,38.23,,38.21,worldgovernmentbonds,2026-08-01T18:05:16+00:00
cds_us_5y,2026-06-13,2026-06-13,38.21,,38.23,worldgovernmentbonds,2026-08-01T18:05:16+00:00
cds_us_5y,2026-06-14,2026-06-14,38.21,,38.21,worldgovernmentbonds,2026-08-01T18:05:16+00:00
cds_us_5y,2026-06-15,2026-06-15,38.21,,38.21,worldgovernmentbonds,2026-08-01T18:05:16+00:00
cds_us_5y,2026-06-16,2026-06-16,38.19,,38.21,worldgovernmentbonds,2026-08-01T18:05:16+00:00
cds_us_5y,2026-06-17,2026-06-17,38.19,,38.19,worldgovernmentbonds,2026-08-01T18:05:16+00:00
cds_us_5y,2026-06-18,2026-06-18,38.21,,38.19,worldgovernmentbonds,2026-08-01T18:05:16+00:00
cds_us_5y,2026-06-19,2026-06-19,38.22,,38.21,worldgovernmentbonds,2026-08-01T18:05:16+00:00
cds_us_5y,2026-06-20,2026-06-20,38.22,,38.22,worldgovernmentbonds,2026-08-01T18:05:16+00:00
cds_us_5y,2026-06-21,2026-06-21,38.22,,38.22,worldgovernmentbonds,2026-08-01T18:05:16+00:00
cds_us_5y,2026-06-22,2026-06-22,38.22,,38.22,worldgovernmentbonds,2026-08-01T18:05:16+00:00
cds_us_5y,2026-06-23,2026-06-23,38.23,,38.22,worldgovernmentbonds,2026-08-01T18:05:16+00:00
cds_us_5y,2026-06-24,2026-06-24,38.2,,38.23,worldgovernmentbonds,2026-08-01T18:05:16+00:00
cds_us_5y,2026-06-25,2026-06-25,38.2,,38.2,worldgovernmentbonds,2026-08-01T18:05:16+00:00
cds_us_5y,2026-06-26,2026-06-26,38.21,,38.2,worldgovernmentbonds,2026-08-01T18:05:16+00:00
cds_us_5y,2026-06-27,2026-06-27,38.21,,38.21,worldgovernmentbonds,2026-08-01T18:05:16+00:00
cds_us_5y,2026-06-28,2026-06-28,38.21,,38.21,worldgovernmentbonds,2026-08-01T18:05:16+00:00
cds_us_5y,2026-06-29,2026-06-29,38.21,,38.21,worldgovernmentbonds,2026-08-01T18:09:44+00:00
cds_us_5y,2026-06-30,2026-06-30,38.21,,38.21,worldgovernmentbonds,2026-08-01T18:09:44+00:00
cds_us_5y,2026-07-01,2026-07-01,38.21,,38.21,excel,2026-08-01T17:47:59+00:00
cds_us_5y,2026-07-02,2026-07-02,38.21,,38.21,excel,2026-08-01T17:47:59+00:00
cds_us_5y,2026-07-03,2026-07-03,38.21,,38.21,worldgovernmentbonds,2026-08-01T18:09:44+00:00
cds_us_5y,2026-07-04,2026-07-04,38.21,,38.21,worldgovernmentbonds,2026-08-01T18:05:16+00:00
cds_us_5y,2026-07-05,2026-07-05,38.21,,38.21,worldgovernmentbonds,2026-08-01T18:05:16+00:00
cds_us_5y,2026-07-06,2026-07-06,38.21,,38.21,worldgovernmentbonds,2026-08-01T18:09:44+00:00
cds_us_5y,2026-07-07,2026-07-07,38.22,,38.21,worldgovernmentbonds,2026-08-01T18:09:44+00:00
cds_us_5y,2026-07-08,2026-07-08,38.22,,38.22,worldgovernmentbonds,2026-08-01T18:09:44+00:00
cds_us_5y,2026-07-09,2026-07-09,38.24,,38.22,worldgovernmentbonds,2026-08-01T18:09:44+00:00
cds_us_5y,2026-07-10,2026-07-10,38.25,,38.24,worldgovernmentbonds,2026-08-01T18:09:44+00:00
cds_us_5y,2026-07-11,2026-07-11,38.2,,38.25,worldgovernmentbonds,2026-08-01T18:05:16+00:00
cds_us_5y,2026-07-12,2026-07-12,38.2,,38.2,worldgovernmentbonds,2026-08-01T18:05:16+00:00
cds_us_5y,2026-07-13,2026-07-13,38.2,,38.2,worldgovernmentbonds,2026-08-01T18:09:44+00:00
cds_us_5y,2026-07-14,2026-07-14,37.76,,38.2,worldgovernmentbonds,2026-08-01T18:09:44+00:00
cds_us_5y,2026-07-15,2026-07-15,37.8,,37.76,worldgovernmentbonds,2026-08-01T18:09:44+00:00
cds_us_5y,2026-07-16,2026-07-16,37.78,,37.8,worldgovernmentbonds,2026-08-01T18:09:44+00:00
cds_us_5y,2026-07-17,2026-07-17,37.76,,37.78,worldgovernmentbonds,2026-08-01T18:09:44+00:00
cds_us_5y,2026-07-18,2026-07-18,37.77,,37.76,worldgovernmentbonds,2026-08-01T18:05:16+00:00
cds_us_5y,2026-07-19,2026-07-19,37.77,,37.77,worldgovernmentbonds,2026-08-01T18:05:16+00:00
cds_us_5y,2026-07-20,2026-07-20,37.77,,37.78,excel,2026-08-01T17:47:59+00:00
cds_us_5y,2026-07-21,2026-07-21,37.78,,37.77,excel,2026-08-01T17:47:59+00:00
cds_us_5y,2026-07-22,2026-07-22,37.77,,37.77,worldgovernmentbonds,2026-08-01T18:09:44+00:00
cds_us_5y,2026-07-23,2026-07-23,37.78,,37.77,worldgovernmentbonds,2026-08-01T18:09:44+00:00
cds_us_5y,2026-07-24,2026-07-24,37.78,,37.78,worldgovernmentbonds,2026-08-01T18:09:44+00:00
cds_us_5y,2026-07-26,2026-07-26,37.33,,37.78,worldgovernmentbonds,2026-08-01T18:05:16+00:00
cds_us_5y,2026-07-27,2026-07-27,37.33,,37.33,worldgovernmentbonds,2026-08-01T18:09:44+00:00
cds_us_5y,2026-07-28,2026-07-28,36.85,,37.33,worldgovernmentbonds,2026-08-01T18:05:16+00:00
cds_us_5y,2026-07-29,2026-07-29,35.95,,36.85,worldgovernmentbonds,2026-08-01T18:05:16+00:00
cds_us_5y,2026-07-30,2026-07-30,35.96,,35.95,worldgovernmentbonds,2026-08-01T18:05:16+00:00
cds_us_5y,2026-08-01,2026-08-01,35.96,,35.96,worldgovernmentbonds,2026-08-01T18:05:16+00:00
core_pce_yoy,2022-09-01,2022-10,0.051,0.052,0.049,excel,2026-08-01T17:56:38+00:00
core_pce_yoy,2022-10-01,2022-12,0.05,0.05,0.052,excel,2026-08-01T17:56:38+00:00
core_pce_yoy,2022-11-01,2022-12,0.047,0.047,0.05,excel,2026-08-01T17:56:38+00:00
core_pce_yoy,2022-12-01,2023-01,0.044,0.044,0.047,excel,2026-08-01T17:56:38+00:00
core_pce_yoy,2023-01-01,2023-02,0.047,0.043,0.046,excel,2026-08-01T17:56:38+00:00
core_pce_yoy,2023-02-01,2023-03,0.046,0.047,0.047,excel,2026-08-01T17:56:38+00:00
core_pce_yoy,2023-03-01,2023-04,0.046,0.045,0.047,excel,2026-08-01T17:56:38+00:00
core_pce_yoy,2023-04-01,2023-05,0.047,0.046,0.046,excel,2026-08-01T17:56:38+00:00
core_pce_yoy,2023-05-01,2023-06,0.046,0.047,0.047,excel,2026-08-01T17:56:38+00:00
core_pce_yoy,2023-06-01,2023-07,0.041,0.042,0.046,excel,2026-08-01T17:56:38+00:00
core_pce_yoy,2023-07-01,2023-08,0.042,0.042,0.041,excel,2026-08-01T17:56:38+00:00
core_pce_yoy,2023-08-01,2023-09,0.039,0.039,0.043,excel,2026-08-01T17:56:38+00:00
core_pce_yoy,2023-09-01,2023-10,0.037,0.037,0.038,excel,2026-08-01T17:56:38+00:00
core_pce_yoy,2023-10-01,2023-11,0.035,0.035,0.037,excel,2026-08-01T17:56:38+00:00
core_pce_yoy,2023-11-01,2023-12,0.032,0.033,0.034,excel,2026-08-01T17:56:38+00:00
core_pce_yoy,2023-12-01,2024-01,0.029,0.03,0.032,excel,2026-08-01T17:56:38+00:00
core_pce_yoy,2024-01-01,2024-02,0.028,0.028,0.029,excel,2026-08-01T17:56:38+00:00
core_pce_yoy,2024-02-01,2024-03,0.028,0.028,0.029,excel,2026-08-01T17:56:38+00:00
core_pce_yoy,2024-03-01,2024-04,0.028,0.026,0.028,excel,2026-08-01T17:56:38+00:00
core_pce_yoy,2024-04-01,2024-05,0.028,0.028,0.028,excel,2026-08-01T17:56:38+00:00
core_pce_yoy,2024-05-01,2024-06,0.026,0.026,0.028,excel,2026-08-01T17:56:38+00:00
core_pce_yoy,2024-06-01,2024-07,0.026,0.025,0.026,excel,2026-08-01T17:56:38+00:00
core_pce_yoy,2024-07-01,2024-08,0.026,0.027,0.026,excel,2026-08-01T17:56:38+00:00
core_pce_yoy,2024-08-01,2024-09,0.027,0.027,0.026,excel,2026-08-01T17:56:38+00:00
core_pce_yoy,2024-09-01,2024-10,0.027,0.026,0.027,excel,2026-08-01T17:56:38+00:00
core_pce_yoy,2024-10-01,2024-11,0.028,0.028,0.027,excel,2026-08-01T17:56:38+00:00
core_pce_yoy,2024-11-01,2024-12,0.028,0.029,0.028,excel,2026-08-01T17:56:38+00:00
core_pce_yoy,2024-12-01,2025-01,0.028,0.028,0.028,excel,2026-08-01T17:56:38+00:00
core_pce_yoy,2025-01-01,2025-02,0.026,0.026,0.029,excel,2026-08-01T17:56:38+00:00
core_pce_yoy,2025-02-01,2025-03,0.028,0.027,0.027,excel,2026-08-01T17:56:38+00:00
core_pce_yoy,2025-03-01,2025-04,0.026,0.026,0.03,excel,2026-08-01T17:56:38+00:00
core_pce_yoy,2025-04-01,2025-05,0.025,0.025,0.027,excel,2026-08-01T17:56:38+00:00
core_pce_yoy,2025-05-01,2025-06,0.027,0.026,0.026,excel,2026-08-01T17:56:38+00:00
core_pce_yoy,2025-06-01,2025-07,0.028,0.027,0.028,excel,2026-08-01T17:56:38+00:00
core_pce_yoy,2025-07-01,2025-08,0.029,0.029,0.028,excel,2026-08-01T17:56:38+00:00
core_pce_yoy,2025-08-01,2025-09,0.029,0.029,0.029,excel,2026-08-01T17:56:38+00:00
core_pce_yoy,2025-09-01,2025-12,0.028,0.029,0.029,excel,2026-08-01T17:56:38+00:00
core_pce_yoy,2025-10-01,2026-01,0.027,,0.028,excel,2026-08-01T17:56:38+00:00
core_pce_yoy,2025-11-01,2026-01,0.028,0.028,0.027,excel,2026-08-01T17:56:38+00:00
core_pce_yoy,2025-12-01,2026-02,0.03,0.029,0.028,excel,2026-08-01T17:56:38+00:00
core_pce_yoy,2026-01-01,2026-03,0.031,0.031,0.03,excel,2026-08-01T17:56:38+00:00
core_pce_yoy,2026-02-01,2026-04,0.03,0.03,0.031,excel,2026-08-01T17:56:38+00:00
core_pce_yoy,2026-03-01,2026-04,0.032,0.032,0.03,excel,2026-08-01T17:56:38+00:00
core_pce_yoy,2026-04-01,2026-05,0.033,0.033,0.032,excel,2026-08-01T17:56:38+00:00
core_pce_yoy,2026-05-01,2026-06,0.034,0.034,0.033,excel,2026-08-01T17:56:38+00:00
core_pce_yoy,2026-06-01,2026-07-30,,,0.034,fred,2026-08-01T18:36:35+00:00
cpi_index,2022-09-01,2022-10,296.808,296.43,296.171,excel,2026-08-01T17:56:38+00:00
cpi_index,2022-10-01,2022-11,298.012,298.583,296.808,excel,2026-08-01T17:56:38+00:00
cpi_index,2022-11-01,2022-12,297.711,298.045,298.012,excel,2026-08-01T17:56:38+00:00
cpi_index,2022-12-01,2023-01,296.797,296.701,297.711,excel,2026-08-01T17:56:38+00:00
cpi_index,2023-01-01,2023-02,299.17,298.66,296.797,excel,2026-08-01T17:56:38+00:00
cpi_index,2023-02-01,2023-03,300.84,300.86,299.17,excel,2026-08-01T17:56:38+00:00
cpi_index,2023-03-01,2023-04,301.836,302.254,300.84,excel,2026-08-01T17:56:38+00:00
cpi_index,2023-04-01,2023-05,303.363,303.532,301.836,excel,2026-08-01T17:56:38+00:00
cpi_index,2023-05-01,2023-06,304.127,304.063,303.363,excel,2026-08-01T17:56:38+00:00
cpi_index,2023-06-01,2023-07,305.109,305.219,304.127,excel,2026-08-01T17:56:38+00:00
cpi_index,2023-07-01,2023-08,305.691,305.84,305.109,excel,2026-08-01T17:56:38+00:00
cpi_index,2023-08-01,2023-09,307.026,306.976,305.691,excel,2026-08-01T17:56:38+00:00
cpi_index,2023-09-01,2023-10,307.789,307.386,307.026,excel,2026-08-01T17:56:38+00:00
cpi_index,2023-10-01,2023-11,307.671,307.857,307.789,excel,2026-08-01T17:56:38+00:00
cpi_index,2023-11-01,2023-12,307.051,306.9,307.671,excel,2026-08-01T17:56:38+00:00
cpi_index,2023-12-01,2024-01,306.746,306.61,307.051,excel,2026-08-01T17:56:38+00:00
cpi_index,2024-01-01,2024-02,308.417,307.986,306.746,excel,2026-08-01T17:56:38+00:00
cpi_index,2024-02-01,2024-03,310.326,310.3,308.417,excel,2026-08-01T17:56:38+00:00
cpi_index,2024-03-01,2024-04,312.33,312.098,310.33,excel,2026-08-01T17:56:38+00:00
cpi_index,2024-04-01,2024-05,313.55,313.76,312.33,excel,2026-08-01T17:56:38+00:00
cpi_index,2024-05-01,2024-06,314.07,314.37,313.55,excel,2026-08-01T17:56:38+00:00
cpi_index,2024-06-01,2024-07,314.18,314.63,314.07,excel,2026-08-01T17:56:38+00:00
cpi_index,2024-07-01,2024-08,314.54,314.77,314.18,excel,2026-08-01T17:56:38+00:00
cpi_index,2024-08-01,2024-09,314.8,314.98,314.54,excel,2026-08-01T17:56:38+00:00
cpi_index,2024-09-01,2024-10,315.3,314.86,314.8,excel,2026-08-01T17:56:38+00:00
cpi_index,2024-10-01,2024-11,315.664,315.59,315.3,excel,2026-08-01T17:56:38+00:00
cpi_index,2024-11-01,2024-12,315.49,315.34,315.66,excel,2026-08-01T17:56:38+00:00
cpi_index,2024-12-01,2025-01,315.61,315.61,315.49,excel,2026-08-01T17:56:38+00:00
cpi_index,2025-01-01,2025-02,317.67,317.46,315.61,excel,2026-08-01T17:56:38+00:00
cpi_index,2025-02-01,2025-03,319.082,319.22,317.67,excel,2026-08-01T17:56:38+00:00
cpi_index,2025-03-01,2025-04,319.799,320.17,319.082,excel,2026-08-01T17:56:38+00:00
cpi_index,2025-04-01,2025-05,320.795,320.88,319.799,excel,2026-08-01T17:56:38+00:00
cpi_index,2025-05-01,2025-06,321.465,,320.795,excel,2026-08-01T17:56:38+00:00
cpi_index,2025-06-01,2025-07,322.56,322.5,321.46,excel,2026-08-01T17:56:38+00:00
cpi_index,2025-07-01,2025-08,323.05,323.2,322.56,excel,2026-08-01T17:56:38+00:00
cpi_index,2025-08-01,2025-09,323.98,323.89,323.05,excel,2026-08-01T17:56:38+00:00
cpi_index,2025-09-01,2025-10,324.8,325.01,323.98,excel,2026-08-01T17:56:38+00:00
cpi_index,2025-11-01,2025-12,324.12,325.13,,excel,2026-08-01T17:56:38+00:00
cpi_index,2025-12-01,2026-01,324.05,,324.12,excel,2026-08-01T17:56:38+00:00
cpi_index,2026-01-01,2026-02,325.25,325.41,324.05,excel,2026-08-01T17:56:38+00:00
cpi_index,2026-02-01,2026-03,326.79,326.79,325.25,excel,2026-08-01T17:56:38+00:00
cpi_index,2026-03-01,2026-04,330.21,330.41,326.79,excel,2026-08-01T17:56:38+00:00
cpi_index,2026-04-01,2026-05,333.02,,330.21,excel,2026-08-01T17:56:38+00:00
cpi_index,2026-05-01,2026-06,335.12,335.11,333.02,excel,2026-08-01T17:56:38+00:00
cpi_index,2026-06-01,2026-07,333.95,334.7,335.12,excel,2026-08-01T17:56:38+00:00
cpi_index,2026-07-01,2026-08,,,333.95,excel,2026-08-01T17:56:38+00:00
cpi_yoy,2022-09-01,2022-10,0.082,0.081,0.083,excel,2026-08-01T17:56:38+00:00
cpi_yoy,2022-10-01,2022-11,0.077,0.08,0.082,excel,2026-08-01T17:56:38+00:00
cpi_yoy,2022-11-01,2022-12,0.071,0.073,0.077,excel,2026-08-01T17:56:38+00:00
cpi_yoy,2022-12-01,2023-01,0.065,0.065,0.071,excel,2026-08-01T17:56:38+00:00
cpi_yoy,2023-01-01,2023-02,0.064,0.062,0.065,excel,2026-08-01T17:56:38+00:00
cpi_yoy,2023-02-01,2023-03,0.06,0.06,0.064,excel,2026-08-01T17:56:38+00:00
cpi_yoy,2023-03-01,2023-04,0.05,0.052,0.06,excel,2026-08-01T17:56:38+00:00
cpi_yoy,2023-04-01,2023-05,0.049,0.05,0.05,excel,2026-08-01T17:56:38+00:00
cpi_yoy,2023-05-01,2023-06,0.04,0.041,0.049,excel,2026-08-01T17:56:38+00:00
cpi_yoy,2023-06-01,2023-07,0.03,0.031,0.04,excel,2026-08-01T17:56:38+00:00
cpi_yoy,2023-07-01,2023-08,0.032,0.033,0.03,excel,2026-08-01T17:56:38+00:00
cpi_yoy,2023-08-01,2023-09,0.037,0.036,0.032,excel,2026-08-01T17:56:38+00:00
cpi_yoy,2023-09-01,2023-10,0.037,0.036,0.037,excel,2026-08-01T17:56:38+00:00
cpi_yoy,2023-10-01,2023-11,0.032,0.033,0.037,excel,2026-08-01T17:56:38+00:00
cpi_yoy,2023-11-01,2023-12,0.031,0.031,0.032,excel,2026-08-01T17:56:38+00:00
cpi_yoy,2023-12-01,2024-01,0.034,0.032,0.031,excel,2026-08-01T17:56:38+00:00
cpi_yoy,2024-01-01,2024-02,0.031,0.029,0.034,excel,2026-08-01T17:56:38+00:00
cpi_yoy,2024-02-01,2024-03,0.032,0.031,0.031,excel,2026-08-01T17:56:38+00:00
cpi_yoy,2024-03-01,2024-04,0.035,0.034,0.032,excel,2026-08-01T17:56:38+00:00
cpi_yoy,2024-04-01,2024-05,0.034,0.034,0.035,excel,2026-08-01T17:56:38+00:00
cpi_yoy,2024-05-01,2024-06,0.033,0.034,0.034,excel,2026-08-01T17:56:38+00:00
cpi_yoy,2024-06-01,2024-07,0.03,0.031,0.033,excel,2026-08-01T17:56:38+00:00
cpi_yoy,2024-07-01,2024-08,0.029,0.03,0.03,excel,2026-08-01T17:56:38+00:00
cpi_yoy,2024-08-01,2024-09,0.025,0.026,0.029,excel,2026-08-01T17:56:38+00:00
cpi_yoy,2024-09-01,2024-10,0.024,0.023,0.025,excel,2026-08-01T17:56:38+00:00
cpi_yoy,2024-10-01,2024-11,0.026,0.026,0.024,excel,2026-08-01T17:56:38+00:00
cpi_yoy,2024-11-01,2024-12,0.027,0.027,0.026,excel,2026-08-01T17:56:38+00:00
cpi_yoy,2024-12-01,2025-01,0.029,0.029,0.027,excel,2026-08-01T17:56:38+00:00
cpi_yoy,2025-01-01,2025-02,0.03,0.029,0.029,excel,2026-08-01T17:56:38+00:00
cpi_yoy,2025-02-01,2025-03,0.028,0.029,0.03,excel,2026-08-01T17:56:38+00:00
cpi_yoy,2025-03-01,2025-04,0.024,0.026,0.028,excel,2026-08-01T17:56:38+00:00
cpi_yoy,2025-04-01,2025-05,0.023,0.024,0.024,excel,2026-08-01T17:56:38+00:00
cpi_yoy,2025-05-01,2025-06,0.024,0.025,0.023,excel,2026-08-01T17:56:38+00:00
cpi_yoy,2025-06-01,2025-07,0.027,0.027,0.024,excel,2026-08-01T17:56:38+00:00
cpi_yoy,2025-07-01,2025-08,0.027,0.028,0.027,excel,2026-08-01T17:56:38+00:00
cpi_yoy,2025-08-01,2025-09,0.029,0.029,0.027,excel,2026-08-01T17:56:38+00:00
cpi_yoy,2025-09-01,2025-10,0.03,0.031,0.029,excel,2026-08-01T17:56:38+00:00
cpi_yoy,2025-11-01,2025-12,0.027,0.031,,excel,2026-08-01T17:56:38+00:00
cpi_yoy,2025-12-01,2026-01,0.027,0.027,0.027,excel,2026-08-01T17:56:38+00:00
cpi_yoy,2026-01-01,2026-02,0.024,0.025,0.027,excel,2026-08-01T17:56:38+00:00
cpi_yoy,2026-02-01,2026-03,0.024,0.024,0.024,excel,2026-08-01T17:56:38+00:00
cpi_yoy,2026-03-01,2026-04,0.033,0.033,0.024,excel,2026-08-01T17:56:38+00:00
cpi_yoy,2026-04-01,2026-05,0.038,0.037,0.033,excel,2026-08-01T17:56:38+00:00
cpi_yoy,2026-05-01,2026-06,0.042,0.042,0.038,excel,2026-08-01T17:56:38+00:00
cpi_yoy,2026-06-01,2026-07,0.035,0.038,0.042,excel,2026-08-01T17:56:38+00:00
cpi_yoy,2026-07-01,2026-08,,,0.035,excel,2026-08-01T17:56:38+00:00
fed_funds_upper,2024-09-19,2024-09-19,0.05,0.0525,0.055,excel,2026-08-01T17:47:59+00:00
fed_funds_upper,2024-11-08,2024-11-08,0.0475,0.0475,0.05,excel,2026-08-01T17:47:59+00:00
fed_funds_upper,2024-12-19,2024-12-19,0.045,0.045,0.0475,excel,2026-08-01T17:47:59+00:00
fed_funds_upper,2025-01-30,2025-01-30,0.045,0.045,0.045,excel,2026-08-01T17:47:59+00:00
fed_funds_upper,2025-03-20,2025-03-20,0.045,0.045,0.045,excel,2026-08-01T17:47:59+00:00
fed_funds_upper,2025-05-08,2025-05-08,0.045,0.045,0.045,excel,2026-08-01T17:47:59+00:00
fed_funds_upper,2025-06-19,2025-06-19,0.045,0.045,0.045,excel,2026-08-01T17:47:59+00:00
fed_funds_upper,2025-07-31,2025-07-31,0.045,0.045,0.045,excel,2026-08-01T17:47:59+00:00
fed_funds_upper,2025-09-18,2025-09-18,0.0425,0.0425,0.045,excel,2026-08-01T17:47:59+00:00
fed_funds_upper,2025-10-30,2025-10-30,0.04,0.04,0.0425,excel,2026-08-01T17:47:59+00:00
fed_funds_upper,2025-12-11,2025-12-11,0.0375,0.0375,0.04,excel,2026-08-01T17:47:59+00:00
fed_funds_upper,2026-01-29,2026-01-29,0.0375,0.0375,0.0375,excel,2026-08-01T17:47:59+00:00
fed_funds_upper,2026-03-19,2026-03-19,0.0375,0.0375,0.0375,excel,2026-08-01T17:47:59+00:00
fed_funds_upper,2026-04-30,2026-04-30,0.0375,0.0375,0.0375,excel,2026-08-01T17:47:59+00:00
fed_funds_upper,2026-06-18,2026-06-18,0.0375,0.0375,0.0375,excel,2026-08-01T17:47:59+00:00
fed_funds_upper,2026-07-29,2026-07-29T14:00:00-04:00,0.0375,0.0375,0.0375,forexfactory+excel+excel,2026-08-01T18:09:14+00:00
initial_claims,2025-09-06,2025-09-11,263.0,235.0,236.0,excel,2026-08-01T17:47:59+00:00
initial_claims,2025-09-13,2025-09-18,231.0,241.0,264.0,excel,2026-08-01T17:47:59+00:00
initial_claims,2025-09-20,2025-09-25,218.0,233.0,232.0,excel,2026-08-01T17:47:59+00:00
initial_claims,2025-11-15,2025-11-18,232.0,223.0,219.0,excel,2026-08-01T18:09:14+00:00
initial_claims,2025-11-22,2025-11-26,216.0,226.0,222.0,excel,2026-08-01T17:47:59+00:00
initial_claims,2025-11-29,2025-12-04,191.0,219.0,218.0,excel,2026-08-01T17:47:59+00:00
initial_claims,2025-12-06,2025-12-11,236.0,220.0,192.0,excel,2026-08-01T17:47:59+00:00
initial_claims,2025-12-13,2025-12-18,224.0,224.0,237.0,excel,2026-08-01T17:47:59+00:00
initial_claims,2025-12-20,2025-12-24,214.0,224.0,224.0,excel,2026-08-01T17:47:59+00:00
initial_claims,2025-12-27,2025-12-31,199.0,219.0,215.0,excel,2026-08-01T17:47:59+00:00
initial_claims,2026-01-03,2026-01-08,208.0,213.0,200.0,excel,2026-08-01T17:47:59+00:00
initial_claims,2026-01-10,2026-01-15,198.0,215.0,207.0,excel,2026-08-01T17:47:59+00:00
initial_claims,2026-01-17,2026-01-22,200.0,209.0,199.0,excel,2026-08-01T17:47:59+00:00
initial_claims,2026-01-24,2026-01-29,209.0,206.0,210.0,excel,2026-08-01T17:47:59+00:00
initial_claims,2026-01-31,2026-02-05,231.0,212.0,209.0,excel,2026-08-01T17:47:59+00:00
initial_claims,2026-02-07,2026-02-12,227.0,222.0,232.0,excel,2026-08-01T17:47:59+00:00
initial_claims,2026-02-14,2026-02-19,206.0,223.0,229.0,excel,2026-08-01T17:47:59+00:00
initial_claims,2026-02-21,2026-02-26,212.0,217.0,208.0,excel,2026-08-01T17:47:59+00:00
initial_claims,2026-02-28,2026-03-05,213.0,215.0,213.0,excel,2026-08-01T17:47:59+00:00
initial_claims,2026-03-07,2026-03-12,213.0,214.0,214.0,excel,2026-08-01T17:47:59+00:00
initial_claims,2026-03-14,2026-03-19,205.0,215.0,213.0,excel,2026-08-01T17:47:59+00:00
initial_claims,2026-03-21,2026-03-26,210.0,211.0,205.0,excel,2026-08-01T17:47:59+00:00
initial_claims,2026-03-28,2026-04-02,202.0,212.0,211.0,excel,2026-08-01T17:47:59+00:00
initial_claims,2026-04-04,2026-04-09,219.0,210.0,203.0,excel,2026-08-01T17:47:59+00:00
initial_claims,2026-04-11,2026-04-16,207.0,213.0,218.0,excel,2026-08-01T17:47:59+00:00
initial_claims,2026-04-18,2026-04-23,214.0,211.0,208.0,excel,2026-08-01T17:47:59+00:00
initial_claims,2026-04-25,2026-04-30,189.0,213.0,215.0,excel,2026-08-01T17:47:59+00:00
initial_claims,2026-05-02,2026-05-07,200.0,205.0,190.0,excel,2026-08-01T17:47:59+00:00
initial_claims,2026-05-09,2026-05-14,211.0,205.0,199.0,excel,2026-08-01T17:47:59+00:00
initial_claims,2026-05-16,2026-05-21,209.0,210.0,212.0,excel,2026-08-01T17:47:59+00:00
initial_claims,2026-05-23,2026-05-28,215.0,211.0,210.0,excel,2026-08-01T17:47:59+00:00
initial_claims,2026-05-30,2026-06-04,225.0,214.0,212.0,excel,2026-08-01T17:47:59+00:00
initial_claims,2026-06-06,2026-06-11,229.0,220.0,225.0,excel,2026-08-01T17:47:59+00:00
initial_claims,2026-06-13,2026-06-18,226.0,225.0,230.0,excel,2026-08-01T17:47:59+00:00
initial_claims,2026-06-20,2026-06-25,215.0,225.0,227.0,excel,2026-08-01T17:47:59+00:00
initial_claims,2026-06-27,2026-07-02,215.0,219.0,216.0,excel,2026-08-01T17:47:59+00:00
initial_claims,2026-07-04,2026-07-09,215.0,218.0,217.0,excel,2026-08-01T17:47:59+00:00
initial_claims,2026-07-11,2026-07-16,208.0,216.0,216.0,excel,2026-08-01T17:47:59+00:00
initial_claims,2026-07-18,2026-07-23,187.0,211.0,209.0,excel,2026-08-01T17:47:59+00:00
initial_claims,2026-07-25,2026-07-30T08:30:00-04:00,,201.0,187.0,forexfactory,2026-08-01T18:36:31+00:00
ism_manufacturing,2024-09-01,2024-10,47.2,47.6,47.2,excel,2026-08-01T17:56:38+00:00
ism_manufacturing,2024-10-01,2024-11,46.5,47.6,47.2,excel,2026-08-01T17:56:38+00:00
ism_manufacturing,2024-11-01,2024-12,48.4,47.7,46.5,excel,2026-08-01T17:56:38+00:00
ism_manufacturing,2024-12-01,2025-01,49.3,48.2,48.4,excel,2026-08-01T17:56:38+00:00
ism_manufacturing,2025-01-01,2025-02,50.9,49.3,49.2,excel,2026-08-01T17:56:38+00:00
ism_manufacturing,2025-02-01,2025-03,50.3,50.6,50.9,excel,2026-08-01T17:56:38+00:00
ism_manufacturing,2025-03-01,2025-04,49.0,49.5,50.3,excel,2026-08-01T17:56:38+00:00
ism_manufacturing,2025-04-01,2025-05,48.7,48.0,49.0,excel,2026-08-01T17:56:38+00:00
ism_manufacturing,2025-05-01,2025-06,48.5,49.3,48.7,excel,2026-08-01T17:56:38+00:00
ism_manufacturing,2025-06-01,2025-07,49.0,48.8,48.5,excel,2026-08-01T17:56:38+00:00
ism_manufacturing,2025-07-01,2025-08,48.0,49.5,49.0,excel,2026-08-01T17:56:38+00:00
ism_manufacturing,2025-08-01,2025-09,48.7,49.0,48.0,excel,2026-08-01T17:56:38+00:00
ism_manufacturing,2025-09-01,2025-10,49.1,49.0,48.7,excel,2026-08-01T17:56:38+00:00
ism_manufacturing,2025-10-01,2025-11,48.7,49.4,49.1,excel,2026-08-01T17:56:38+00:00
ism_manufacturing,2025-11-01,2025-12,48.2,49.0,48.7,excel,2026-08-01T17:56:38+00:00
ism_manufacturing,2025-12-01,2026-01,47.9,48.3,48.2,excel,2026-08-01T17:56:38+00:00
ism_manufacturing,2026-01-01,2026-02,52.6,48.5,47.9,excel,2026-08-01T17:56:38+00:00
ism_manufacturing,2026-02-01,2026-03,52.4,51.7,52.6,excel,2026-08-01T17:56:38+00:00
ism_manufacturing,2026-03-01,2026-04,52.7,52.3,52.4,excel,2026-08-01T17:56:38+00:00
ism_manufacturing,2026-04-01,2026-05,52.7,53.1,52.7,excel,2026-08-01T17:56:38+00:00
ism_manufacturing,2026-05-01,2026-06,54.0,53.3,52.7,excel,2026-08-01T17:56:38+00:00
ism_manufacturing,2026-06-01,2026-07,53.3,53.8,54.0,excel,2026-08-01T17:56:38+00:00
ism_manufacturing,2026-07-01,2026-08,,,53.3,excel,2026-08-01T17:56:38+00:00
ism_services,2024-09-01,2024-10,54.9,51.7,51.5,excel,2026-08-01T17:56:38+00:00
ism_services,2024-10-01,2024-11,56.0,53.8,54.9,excel,2026-08-01T17:56:38+00:00
ism_services,2024-11-01,2024-12,52.1,55.5,56.0,excel,2026-08-01T17:56:38+00:00
ism_services,2024-12-01,2025-01,54.1,53.5,52.1,excel,2026-08-01T17:56:38+00:00
ism_services,2025-01-01,2025-02,52.8,54.2,54.0,excel,2026-08-01T17:56:38+00:00
ism_services,2025-02-01,2025-03,53.5,52.5,52.8,excel,2026-08-01T17:56:38+00:00
ism_services,2025-03-01,2025-04,50.8,53.0,53.5,excel,2026-08-01T17:56:38+00:00
ism_services,2025-04-01,2025-05,51.6,50.2,50.8,excel,2026-08-01T17:56:38+00:00
ism_services,2025-05-01,2025-06,49.9,52.0,51.6,excel,2026-08-01T17:56:38+00:00
ism_services,2025-06-01,2025-07,50.8,50.8,49.9,excel,2026-08-01T17:56:38+00:00
ism_services,2025-07-01,2025-08,50.1,51.5,50.8,excel,2026-08-01T17:56:38+00:00
ism_services,2025-08-01,2025-09,52.0,50.9,50.1,excel,2026-08-01T17:56:38+00:00
ism_services,2025-09-01,2025-10,50.0,51.8,52.0,excel,2026-08-01T17:56:38+00:00
ism_services,2025-10-01,2025-11,52.4,50.7,50.0,excel,2026-08-01T17:56:38+00:00
ism_services,2025-11-01,2025-12,52.6,52.0,52.4,excel,2026-08-01T17:56:38+00:00
ism_services,2025-12-01,2026-01,54.4,52.2,52.6,excel,2026-08-01T17:56:38+00:00
ism_services,2026-01-01,2026-02,53.8,53.5,53.8,excel,2026-08-01T17:56:38+00:00
ism_services,2026-02-01,2026-03,56.1,53.5,53.8,excel,2026-08-01T17:56:38+00:00
ism_services,2026-03-01,2026-04,54.0,54.8,56.1,excel,2026-08-01T17:56:38+00:00
ism_services,2026-04-01,2026-05,53.6,53.7,54.0,excel,2026-08-01T17:56:38+00:00
ism_services,2026-05-01,2026-06,54.5,53.7,53.6,excel,2026-08-01T17:56:38+00:00
ism_services,2026-06-01,2026-07,54.0,54.2,54.5,excel,2026-08-01T17:56:38+00:00
ism_services,2026-07-01,2026-08,,,54.0,excel,2026-08-01T17:56:38+00:00
jolts,2024-08-01,2024-10,8.04,7.64,7.711,excel,2026-08-01T17:56:38+00:00
jolts,2024-09-01,2024-10,7.443,7.98,7.861,excel,2026-08-01T17:56:38+00:00
jolts,2024-10-01,2024-12,7.744,7.51,7.372,excel,2026-08-01T17:56:38+00:00
jolts,2024-11-01,2025-01,8.098,7.73,7.839,excel,2026-08-01T17:56:38+00:00
jolts,2024-12-01,2025-02,7.6,8.01,8.156,excel,2026-08-01T17:56:38+00:00
jolts,2025-01-01,2025-03,7.74,7.65,7.508,excel,2026-08-01T17:56:38+00:00
jolts,2025-02-01,2025-04,7.568,7.69,7.762,excel,2026-08-01T17:56:38+00:00
jolts,2025-03-01,2025-04,7.192,7.49,7.48,excel,2026-08-01T17:56:38+00:00
jolts,2025-04-01,2025-06,7.391,7.11,7.2,excel,2026-08-01T17:56:38+00:00
jolts,2025-05-01,2025-07,7.769,7.32,7.395,excel,2026-08-01T17:56:38+00:00
jolts,2025-06-01,2025-07,7.437,7.51,7.712,excel,2026-08-01T17:56:38+00:00
jolts,2025-07-01,2025-09,7.181,7.38,7.357,excel,2026-08-01T17:56:38+00:00
jolts,2025-08-01,2025-09,7.227,7.19,7.208,excel,2026-08-01T17:56:38+00:00
jolts,2025-09-01,2025-12,7.658,7.2,7.227,excel,2026-08-01T17:56:38+00:00
jolts,2025-10-01,2025-12,7.67,,7.658,excel,2026-08-01T17:56:38+00:00
jolts,2025-11-01,2026-01,7.146,7.61,7.449,excel,2026-08-01T17:56:38+00:00
jolts,2025-12-01,2026-02,6.542,7.2,6.928,excel,2026-08-01T17:56:38+00:00
jolts,2026-01-01,2026-03,6.946,6.76,6.55,excel,2026-08-01T17:56:38+00:00
jolts,2026-02-01,2026-03,6.882,6.89,7.24,excel,2026-08-01T17:56:38+00:00
jolts,2026-03-01,2026-05,6.866,6.86,6.922,excel,2026-08-01T17:56:38+00:00
jolts,2026-04-01,2026-06,7.618,6.86,6.887,excel,2026-08-01T17:56:38+00:00
jolts,2026-05-01,2026-06,7.594,7.28,7.585,excel,2026-08-01T17:56:38+00:00
jolts,2026-06-01,2026-08,,,7.594,excel,2026-08-01T17:56:38+00:00
nfp,2022-09-01,2022-10,263.0,250.0,315.0,excel,2026-08-01T17:56:38+00:00
nfp,2022-10-01,2022-11,261.0,200.0,315.0,excel,2026-08-01T17:56:38+00:00
nfp,2022-11-01,2022-12,263.0,200.0,284.0,excel,2026-08-01T17:56:38+00:00
nfp,2022-12-01,2023-01,223.0,200.0,256.0,excel,2026-08-01T17:56:38+00:00
nfp,2023-01-01,2023-02,517.0,185.0,260.0,excel,2026-08-01T17:56:38+00:00
nfp,2023-02-01,2023-03,311.0,205.0,504.0,excel,2026-08-01T17:56:38+00:00
nfp,2023-03-01,2023-04,236.0,239.0,326.0,excel,2026-08-01T17:56:38+00:00
nfp,2023-04-01,2023-05,253.0,180.0,165.0,excel,2026-08-01T17:56:38+00:00
nfp,2023-05-01,2023-06,339.0,180.0,294.0,excel,2026-08-01T17:56:38+00:00
nfp,2023-06-01,2023-07,209.0,225.0,306.0,excel,2026-08-01T17:56:38+00:00
nfp,2023-07-01,2023-08,187.0,200.0,185.0,excel,2026-08-01T17:56:38+00:00
nfp,2023-08-01,2023-09,187.0,170.0,157.0,excel,2026-08-01T17:56:38+00:00
nfp,2023-09-01,2023-10,336.0,170.0,227.0,excel,2026-08-01T17:56:38+00:00
nfp,2023-10-01,2023-11,150.0,180.0,297.0,excel,2026-08-01T17:56:38+00:00
nfp,2023-11-01,2023-12,199.0,180.0,150.0,excel,2026-08-01T17:56:38+00:00
nfp,2023-12-01,2024-01,216.0,170.0,182.0,excel,2026-08-01T17:56:38+00:00
nfp,2024-01-01,2024-02,353.0,187.0,290.0,excel,2026-08-01T17:56:38+00:00
nfp,2024-02-01,2024-03,275.0,198.0,256.0,excel,2026-08-01T17:56:38+00:00
nfp,2024-03-01,2024-04,303.0,212.0,236.0,excel,2026-08-01T17:56:38+00:00
nfp,2024-04-01,2024-05,175.0,238.0,310.0,excel,2026-08-01T17:56:38+00:00
nfp,2024-05-01,2024-06,272.0,182.0,108.0,excel,2026-08-01T17:56:38+00:00
nfp,2024-06-01,2024-07,206.0,191.0,216.0,excel,2026-08-01T17:56:38+00:00
nfp,2024-07-01,2024-08,114.0,176.0,118.0,excel,2026-08-01T17:56:38+00:00
nfp,2024-08-01,2024-09,142.0,164.0,144.0,excel,2026-08-01T17:56:38+00:00
nfp,2024-09-01,2024-10,254.0,147.0,78.0,excel,2026-08-01T17:56:38+00:00
nfp,2024-10-01,2024-11,12.0,106.0,255.0,excel,2026-08-01T17:56:38+00:00
nfp,2024-11-01,2024-12,227.0,202.0,43.0,excel,2026-08-01T17:56:38+00:00
nfp,2024-12-01,2025-01,256.0,164.0,261.0,excel,2026-08-01T17:56:38+00:00
nfp,2025-01-01,2025-02,143.0,169.0,323.0,excel,2026-08-01T17:56:38+00:00
nfp,2025-02-01,2025-03,151.0,159.0,111.0,excel,2026-08-01T17:56:38+00:00
nfp,2025-03-01,2025-04,228.0,137.0,102.0,excel,2026-08-01T17:56:38+00:00
nfp,2025-04-01,2025-05,177.0,138.0,120.0,excel,2026-08-01T17:56:38+00:00
nfp,2025-05-01,2025-06,139.0,126.0,158.0,excel,2026-08-01T17:56:38+00:00
nfp,2025-06-01,2025-07,147.0,111.0,19.0,excel,2026-08-01T17:56:38+00:00
nfp,2025-07-01,2025-08,73.0,106.0,-13.0,excel,2026-08-01T17:56:38+00:00
nfp,2025-08-01,2025-09,22.0,75.0,79.0,excel,2026-08-01T17:56:38+00:00
nfp,2025-09-01,2025-11,119.0,53.0,-4.0,excel,2026-08-01T17:56:38+00:00
nfp,2025-10-01,2025-12,-105.0,,108.0,excel,2026-08-01T17:56:38+00:00
nfp,2025-11-01,2025-12,64.0,51.0,-105.0,excel,2026-08-01T17:56:38+00:00
nfp,2025-12-01,2026-01,50.0,66.0,56.0,excel,2026-08-01T17:56:38+00:00
nfp,2026-01-01,2026-02,130.0,66.0,48.0,excel,2026-08-01T17:56:38+00:00
nfp,2026-02-01,2026-03,-92.0,58.0,126.0,excel,2026-08-01T17:56:38+00:00
nfp,2026-03-01,2026-04,178.0,65.0,-133.0,excel,2026-08-01T17:56:38+00:00
nfp,2026-04-01,2026-05,115.0,65.0,185.0,excel,2026-08-01T17:56:38+00:00
nfp,2026-05-01,2026-06,172.0,85.0,179.0,excel,2026-08-01T17:56:38+00:00
nfp,2026-06-01,2026-07,57.0,114.0,129.0,excel,2026-08-01T17:56:38+00:00
nfp,2026-07-01,2026-08,,,57.0,excel,2026-08-01T17:56:38+00:00
pce_yoy,2022-09-01,2022-10,0.062,,0.062,excel,2026-08-01T17:56:38+00:00
pce_yoy,2022-10-01,2022-12,0.06,0.06,0.063,excel,2026-08-01T17:56:38+00:00
pce_yoy,2022-11-01,2022-12,0.055,,0.061,excel,2026-08-01T17:56:38+00:00
pce_yoy,2022-12-01,2023-01,0.05,0.055,0.055,excel,2026-08-01T17:56:38+00:00
pce_yoy,2023-01-01,2023-02,0.054,0.05,0.053,excel,2026-08-01T17:56:38+00:00
pce_yoy,2023-02-01,2023-03,0.05,0.051,0.053,excel,2026-08-01T17:56:38+00:00
pce_yoy,2023-03-01,2023-04,0.042,,0.051,excel,2026-08-01T17:56:38+00:00
pce_yoy,2023-04-01,2023-05,0.044,0.039,0.042,excel,2026-08-01T17:56:38+00:00
pce_yoy,2023-05-01,2023-06,0.038,0.046,0.043,excel,2026-08-01T17:56:38+00:00
pce_yoy,2023-06-01,2023-07,0.03,0.031,0.038,excel,2026-08-01T17:56:38+00:00
pce_yoy,2023-07-01,2023-08,0.033,0.033,0.03,excel,2026-08-01T17:56:38+00:00
pce_yoy,2023-08-01,2023-09,0.035,0.035,0.034,excel,2026-08-01T17:56:38+00:00
pce_yoy,2023-09-01,2023-10,0.034,0.034,0.034,excel,2026-08-01T17:56:38+00:00
pce_yoy,2023-10-01,2023-11,0.03,0.03,0.034,excel,2026-08-01T17:56:38+00:00
pce_yoy,2023-11-01,2023-12,0.026,0.028,0.029,excel,2026-08-01T17:56:38+00:00
pce_yoy,2023-12-01,2024-01,0.026,0.026,0.026,excel,2026-08-01T17:56:38+00:00
pce_yoy,2024-01-01,2024-02,0.024,0.024,0.026,excel,2026-08-01T17:56:38+00:00
pce_yoy,2024-02-01,2024-03,0.025,0.025,0.024,excel,2026-08-01T17:56:38+00:00
pce_yoy,2024-03-01,2024-04,0.027,0.026,0.025,excel,2026-08-01T17:56:38+00:00
pce_yoy,2024-04-01,2024-05,0.027,0.027,0.027,excel,2026-08-01T17:56:38+00:00
pce_yoy,2024-05-01,2024-06,0.026,0.026,0.027,excel,2026-08-01T17:56:38+00:00
pce_yoy,2024-06-01,2024-07,0.025,0.025,0.026,excel,2026-08-01T17:56:38+00:00
pce_yoy,2024-07-01,2024-08,0.025,0.026,0.025,excel,2026-08-01T17:56:38+00:00
pce_yoy,2024-08-01,2024-09,0.022,0.023,0.025,excel,2026-08-01T17:56:38+00:00
pce_yoy,2024-09-01,2024-10,0.021,0.021,0.023,excel,2026-08-01T17:56:38+00:00
pce_yoy,2024-10-01,2024-11,0.023,0.023,0.021,excel,2026-08-01T17:56:38+00:00
pce_yoy,2024-11-01,2024-12,0.024,0.025,0.023,excel,2026-08-01T17:56:38+00:00
pce_yoy,2024-12-01,2025-01,0.026,0.026,0.024,excel,2026-08-01T17:56:38+00:00
pce_yoy,2025-01-01,2025-02,0.025,0.025,0.026,excel,2026-08-01T17:56:38+00:00
pce_yoy,2025-02-01,2025-03,0.025,0.025,0.025,excel,2026-08-01T17:56:38+00:00
pce_yoy,2025-03-01,2025-04,0.023,0.022,0.027,excel,2026-08-01T17:56:38+00:00
pce_yoy,2025-04-01,2025-05,0.021,0.022,0.023,excel,2026-08-01T17:56:38+00:00
pce_yoy,2025-05-01,2025-06,0.023,0.023,0.022,excel,2026-08-01T17:56:38+00:00
pce_yoy,2025-06-01,2025-07,0.026,0.025,0.024,excel,2026-08-01T17:56:38+00:00
pce_yoy,2025-07-01,2025-08,0.026,0.026,0.026,excel,2026-08-01T17:56:38+00:00
pce_yoy,2025-08-01,2025-09,0.027,0.027,0.026,excel,2026-08-01T17:56:38+00:00
pce_yoy,2025-09-01,2025-12,0.028,0.028,0.027,excel,2026-08-01T17:56:38+00:00
pce_yoy,2025-10-01,2026-01,0.027,,0.028,excel,2026-08-01T17:56:38+00:00
pce_yoy,2025-11-01,2026-01,0.028,0.028,0.027,excel,2026-08-01T17:56:38+00:00
pce_yoy,2025-12-01,2026-02,0.029,0.028,0.028,excel,2026-08-01T17:56:38+00:00
pce_yoy,2026-01-01,2026-03,0.028,0.029,0.029,excel,2026-08-01T17:56:38+00:00
pce_yoy,2026-02-01,2026-04,0.028,0.028,0.028,excel,2026-08-01T17:56:38+00:00
pce_yoy,2026-03-01,2026-04,0.035,0.035,0.028,excel,2026-08-01T17:56:38+00:00
pce_yoy,2026-04-01,2026-05,0.038,0.038,0.035,excel,2026-08-01T17:56:38+00:00
pce_yoy,2026-05-01,2026-06,0.041,0.041,0.038,excel,2026-08-01T17:56:38+00:00
pce_yoy,2026-06-01,2026-07,,0.037,0.041,excel,2026-08-01T17:56:38+00:00
ppi_index,2024-03-01,2024-04,143.7,,143.5,excel,2026-08-01T17:56:38+00:00
ppi_index,2024-04-01,2024-05,144.1,,143.3,excel,2026-08-01T17:56:38+00:00
ppi_index,2024-05-01,2024-06,143.82,,144.1,excel,2026-08-01T17:56:38+00:00
ppi_index,2024-06-01,2024-07,144.402,,144.079,excel,2026-08-01T17:56:38+00:00
ppi_index,2024-07-01,2024-08,144.673,,144.531,excel,2026-08-01T17:56:38+00:00
ppi_index,2024-08-01,2024-09,144.854,,144.506,excel,2026-08-01T17:56:38+00:00
ppi_index,2024-09-01,2024-10,145.173,,145.103,excel,2026-08-01T17:56:38+00:00
ppi_index,2024-10-01,2024-11,145.615,,145.329,excel,2026-08-01T17:56:38+00:00
ppi_index,2024-11-01,2024-12,146.493,,145.941,excel,2026-08-01T17:56:38+00:00
ppi_index,2024-12-01,2025-01,146.842,,146.521,excel,2026-08-01T17:56:38+00:00
ppi_index,2025-01-01,2025-02,147.716,,147.127,excel,2026-08-01T17:56:38+00:00
ppi_index,2025-02-01,2025-03,147.953,,147.975,excel,2026-08-01T17:56:38+00:00
ppi_index,2025-03-01,2025-04,147.464,,148.045,excel,2026-08-01T17:56:38+00:00
ppi_index,2025-04-01,2025-05,147.677,,148.374,excel,2026-08-01T17:56:38+00:00
ppi_index,2025-05-01,2025-06,148.072,,147.884,excel,2026-08-01T17:56:38+00:00
ppi_index,2025-06-01,2025-07,148.236,,148.228,excel,2026-08-01T17:56:38+00:00
ppi_index,2025-07-01,2025-08,149.671,,148.27,excel,2026-08-01T17:56:38+00:00
ppi_index,2025-08-01,2025-09,149.16,,149.341,excel,2026-08-01T17:56:38+00:00
ppi_index,2025-09-01,2025-11,149.779,,149.316,excel,2026-08-01T17:56:38+00:00
ppi_index,2025-10-01,2026-01,150.332,,150.157,excel,2026-08-01T17:56:38+00:00
ppi_index,2025-11-01,2026-01,150.705,,150.332,excel,2026-08-01T17:56:38+00:00
ppi_index,2025-12-01,2026-01,151.472,,150.733,excel,2026-08-01T17:56:38+00:00
ppi_index,2026-01-01,2026-02,152.174,,151.446,excel,2026-08-01T17:56:38+00:00
ppi_index,2026-02-01,2026-03,153.231,,152.19,excel,2026-08-01T17:56:38+00:00
ppi_index,2026-03-01,2026-04,154.006,,153.221,excel,2026-08-01T17:56:38+00:00
ppi_index,2026-04-01,2026-05,156.496,,154.372,excel,2026-08-01T17:56:38+00:00
ppi_index,2026-05-01,2026-06,157.659,,156.011,excel,2026-08-01T17:56:38+00:00
ppi_index,2026-06-01,2026-07,156.566,,157.001,excel,2026-08-01T17:56:38+00:00
ppi_index,2026-07-01,2026-08,,,156.566,excel,2026-08-01T17:56:38+00:00
t10y2y,2026-01-02,2026-01-02,0.7,,,excel,2026-08-01T17:47:59+00:00
t10y2y,2026-01-09,2026-01-09,0.69,,,excel,2026-08-01T17:47:59+00:00
t10y2y,2026-01-16,2026-01-16,0.64,,,excel,2026-08-01T17:47:59+00:00
t10y2y,2026-01-23,2026-01-23,0.66,,,excel,2026-08-01T17:47:59+00:00
t10y2y,2026-01-30,2026-01-30,0.7,,,excel,2026-08-01T17:47:59+00:00
t10y2y,2026-02-06,2026-02-06,0.72,,,excel,2026-08-01T17:47:59+00:00
t10y2y,2026-02-13,2026-02-13,0.67,,,excel,2026-08-01T17:47:59+00:00
t10y2y,2026-02-20,2026-02-20,0.61,,,excel,2026-08-01T17:47:59+00:00
t10y2y,2026-02-27,2026-02-27,0.6,,,excel,2026-08-01T17:47:59+00:00
t10y2y,2026-03-06,2026-03-06,0.57,,,excel,2026-08-01T17:47:59+00:00
t10y2y,2026-03-13,2026-03-13,0.55,,,excel,2026-08-01T17:47:59+00:00
t10y2y,2026-03-20,2026-03-20,0.51,,,excel,2026-08-01T17:47:59+00:00
t10y2y,2026-03-27,2026-03-27,0.5,,,excel,2026-08-01T17:47:59+00:00
t10y2y,2026-04-03,2026-04-03,0.52,,,excel,2026-08-01T17:47:59+00:00
t10y2y,2026-04-10,2026-04-10,0.51,,,excel,2026-08-01T17:47:59+00:00
t10y2y,2026-04-17,2026-04-17,0.53,,,excel,2026-08-01T17:47:59+00:00
t10y2y,2026-04-24,2026-04-24,0.52,,,excel,2026-08-01T17:47:59+00:00
t10y2y,2026-05-01,2026-05-01,0.52,,,excel,2026-08-01T17:47:59+00:00
t10y2y,2026-05-08,2026-05-08,0.49,,,excel,2026-08-01T17:47:59+00:00
t10y2y,2026-05-15,2026-05-15,0.48,,,excel,2026-08-01T17:47:59+00:00
t10y2y,2026-05-22,2026-05-22,0.51,,,excel,2026-08-01T17:47:59+00:00
t10y2y,2026-05-29,2026-05-29,0.48,,,excel,2026-08-01T17:47:59+00:00
t10y2y,2026-06-05,2026-06-05,0.41,,,excel,2026-08-01T17:47:59+00:00
t10y2y,2026-06-12,2026-06-12,0.4,,,excel,2026-08-01T17:47:59+00:00
t10y2y,2026-06-19,2026-06-19,0.34,,,excel,2026-08-01T17:47:59+00:00
t10y2y,2026-06-26,2026-06-26,0.31,,,excel,2026-08-01T17:47:59+00:00
t10y2y,2026-07-03,2026-07-03,0.31,,,excel,2026-08-01T17:47:59+00:00
t10y2y,2026-07-10,2026-07-10,0.36,,,excel,2026-08-01T17:47:59+00:00
t10y2y,2026-07-17,2026-07-17,0.39,,,excel,2026-08-01T17:47:59+00:00
t10y2y,2026-07-24,2026-07-24,0.36,,,excel,2026-08-01T17:47:59+00:00
t10y2y,2026-07-31,2026-07-31,0.47,,,fred,2026-08-01T18:36:40+00:00
unemployment_rate,2022-09-01,2022-10,0.035,0.037,0.037,excel,2026-08-01T17:56:38+00:00
unemployment_rate,2022-10-01,2022-11,0.037,0.036,0.035,excel,2026-08-01T17:56:38+00:00
unemployment_rate,2022-11-01,2022-12,0.037,0.037,0.037,excel,2026-08-01T17:56:38+00:00
unemployment_rate,2022-12-01,2023-01,0.035,0.037,0.036,excel,2026-08-01T17:56:38+00:00
unemployment_rate,2023-01-01,2023-02,0.034,0.036,0.035,excel,2026-08-01T17:56:38+00:00
unemployment_rate,2023-02-01,2023-03,0.036,0.034,0.034,excel,2026-08-01T17:56:38+00:00
unemployment_rate,2023-03-01,2023-04,0.035,0.036,0.036,excel,2026-08-01T17:56:38+00:00
unemployment_rate,2023-04-01,2023-05,0.034,0.036,0.035,excel,2026-08-01T17:56:38+00:00
unemployment_rate,2023-05-01,2023-06,0.037,0.035,0.034,excel,2026-08-01T17:56:38+00:00
unemployment_rate,2023-06-01,2023-07,0.036,0.036,0.037,excel,2026-08-01T17:56:38+00:00
unemployment_rate,2023-07-01,2023-08,0.035,0.036,0.036,excel,2026-08-01T17:56:38+00:00
unemployment_rate,2023-08-01,2023-09,0.038,0.035,0.035,excel,2026-08-01T17:56:38+00:00
unemployment_rate,2023-09-01,2023-10,0.038,0.037,0.038,excel,2026-08-01T17:56:38+00:00
unemployment_rate,2023-10-01,2023-11,0.039,0.038,0.038,excel,2026-08-01T17:56:38+00:00
unemployment_rate,2023-11-01,2023-12,0.037,0.039,0.039,excel,2026-08-01T17:56:38+00:00
unemployment_rate,2023-12-01,2024-01,0.037,0.038,0.037,excel,2026-08-01T17:56:38+00:00
unemployment_rate,2024-01-01,2024-02,0.037,0.038,0.037,excel,2026-08-01T17:56:38+00:00
unemployment_rate,2024-02-01,2024-03,0.039,0.037,0.037,excel,2026-08-01T17:56:38+00:00
unemployment_rate,2024-03-01,2024-04,0.038,0.039,0.039,excel,2026-08-01T17:56:38+00:00
unemployment_rate,2024-04-01,2024-05,0.039,0.038,0.038,excel,2026-08-01T17:56:38+00:00
unemployment_rate,2024-05-01,2024-06,0.04,0.039,0.039,excel,2026-08-01T17:56:38+00:00
unemployment_rate,2024-06-01,2024-07,0.041,0.04,0.04,excel,2026-08-01T17:56:38+00:00
unemployment_rate,2024-07-01,2024-08,0.043,0.041,0.041,excel,2026-08-01T17:56:38+00:00
unemployment_rate,2024-08-01,2024-09,0.042,0.042,0.043,excel,2026-08-01T17:56:38+00:00
unemployment_rate,2024-09-01,2024-10,0.041,0.042,0.042,excel,2026-08-01T17:56:38+00:00
unemployment_rate,2024-10-01,2024-11,0.041,0.041,0.041,excel,2026-08-01T17:56:38+00:00
unemployment_rate,2024-11-01,2024-12,0.042,0.042,0.041,excel,2026-08-01T17:56:38+00:00
unemployment_rate,2024-12-01,2025-01,0.041,0.042,0.042,excel,2026-08-01T17:56:38+00:00
unemployment_rate,2025-01-01,2025-02,0.04,0.041,0.041,excel,2026-08-01T17:56:38+00:00
unemployment_rate,2025-02-01,2025-03,0.041,0.04,0.04,excel,2026-08-01T17:56:38+00:00
unemployment_rate,2025-03-01,2025-04,0.042,0.041,0.041,excel,2026-08-01T17:56:38+00:00
unemployment_rate,2025-04-01,2025-05,0.042,0.042,0.042,excel,2026-08-01T17:56:38+00:00
unemployment_rate,2025-05-01,2025-06,0.042,0.042,0.042,excel,2026-08-01T17:56:38+00:00
unemployment_rate,2025-06-01,2025-07,0.041,0.043,0.042,excel,2026-08-01T17:56:38+00:00
unemployment_rate,2025-07-01,2025-08,0.042,0.042,0.041,excel,2026-08-01T17:56:38+00:00
unemployment_rate,2025-08-01,2025-09,0.043,0.043,0.042,excel,2026-08-01T17:56:38+00:00
unemployment_rate,2025-09-01,2025-11,0.044,0.043,0.043,excel,2026-08-01T17:56:38+00:00
unemployment_rate,2025-11-01,2025-12,0.046,0.045,0.044,excel,2026-08-01T17:56:38+00:00
unemployment_rate,2025-12-01,2026-01,0.044,0.045,0.045,excel,2026-08-01T17:56:38+00:00
unemployment_rate,2026-01-01,2026-02,0.043,0.044,0.044,excel,2026-08-01T17:56:38+00:00
unemployment_rate,2026-02-01,2026-03,0.044,0.043,0.043,excel,2026-08-01T17:56:38+00:00
unemployment_rate,2026-03-01,2026-04,0.043,0.044,0.044,excel,2026-08-01T17:56:38+00:00
unemployment_rate,2026-04-01,2026-05,0.043,0.043,0.043,excel,2026-08-01T17:56:38+00:00
unemployment_rate,2026-05-01,2026-06,0.043,0.043,0.043,excel,2026-08-01T17:56:38+00:00
unemployment_rate,2026-06-01,2026-07,0.042,0.043,0.043,excel,2026-08-01T17:56:38+00:00
unemployment_rate,2026-07-01,2026-08,,,0.042,excel,2026-08-01T17:56:38+00:00
